> ?
# method=2,KR=0.0000,TI=0.0,KI=0.00000,H=0.50,L=0.0,DELTA_T=16.60,T_P=307,CTRL_CH=2,T_amb=22.082
> M 6
# method=6,KR=0.0000,TI=0.0,KI=0.00000,H=0.50,L=0.0,DELTA_T=16.60,T_P=307,CTRL_CH=2,T_amb=22.082
> KR 0.222
# method=6,KR=0.2220,TI=0.0,KI=0.00000,H=0.50,L=0.0,DELTA_T=16.60,T_P=307,CTRL_CH=2,T_amb=22.082
> R
# START,method=6,KR=0.2220,TI=0.0,KI=0.00000,H=0.50,L=0.0,DELTA_T=16.60,T_P=307,CTRL_CH=2,T_amb=22.082
t_s,phase,r,T1,T2,T3,c,e,u,heater,I_term
0.0,AP,5.00,22.9899,22.9846,23.0322,0.9502,4.0498,1.0000,1,0.0000
1.0,AP,5.00,22.9908,22.9810,23.0285,0.9465,4.0535,1.0000,1,0.0000
2.0,AP,5.00,22.9859,22.9802,23.0262,0.9442,4.0558,1.0000,1,0.0000
3.0,AP,5.00,22.9915,22.9789,23.0239,0.9419,4.0581,1.0000,1,0.0000
4.0,AP,5.00,22.9872,22.9767,23.0205,0.9385,4.0615,1.0000,1,0.0000
5.0,AP,5.00,22.9991,22.9708,23.0154,0.9334,4.0666,1.0000,1,0.0000
6.0,AP,5.00,23.0126,22.9708,23.0125,0.9305,4.0695,1.0000,1,0.0000
7.0,AP,5.00,23.0360,22.9670,23.0172,0.9352,4.0648,1.0000,1,0.0000
8.0,AP,5.00,23.0644,22.9666,23.0304,0.9484,4.0516,1.0000,1,0.0000
9.0,AP,5.00,23.1064,22.9718,23.0312,0.9492,4.0508,1.0000,1,0.0000
10.0,AP,5.00,23.1585,22.9753,23.0341,0.9521,4.0479,1.0000,1,0.0000
11.0,AP,5.00,23.2062,22.9760,23.0374,0.9554,4.0446,1.0000,1,0.0000
12.0,AP,5.00,23.2685,22.9826,23.0395,0.9575,4.0425,1.0000,1,0.0000
13.0,AP,5.00,23.3334,22.9872,23.0375,0.9555,4.0445,1.0000,1,0.0000
14.0,AP,5.00,23.3951,22.9985,23.0473,0.9653,4.0347,1.0000,1,0.0000
15.0,AP,5.00,23.4650,23.0087,23.0503,0.9683,4.0317,1.0000,1,0.0000
16.0,AP,5.00,23.5353,23.0175,23.0543,0.9723,4.0277,1.0000,1,0.0000
17.0,AP,5.00,23.6094,23.0427,23.0551,0.9731,4.0269,1.0000,1,0.0000
18.0,AP,5.00,23.6940,23.0579,23.0566,0.9746,4.0254,1.0000,1,0.0000
19.0,AP,5.00,23.7690,23.0780,23.0726,0.9906,4.0094,1.0000,1,0.0000
20.0,AP,5.00,23.8491,23.0957,23.0759,0.9939,4.0061,1.0000,1,0.0000
21.0,AP,5.00,23.9420,23.1183,23.0702,0.9882,4.0118,1.0000,1,0.0000
22.0,AP,5.00,24.0269,23.1373,23.0746,0.9926,4.0074,1.0000,1,0.0000
23.0,AP,5.00,24.1101,23.1645,23.0904,1.0084,3.9916,1.0000,1,0.0000
24.0,AP,5.00,24.1911,23.1886,23.0925,1.0105,3.9895,1.0000,1,0.0000
25.0,AP,5.00,24.2756,23.2184,23.1002,1.0182,3.9818,1.0000,1,0.0000
26.0,AP,5.00,24.3565,23.2482,23.1058,1.0238,3.9762,1.0000,1,0.0000
27.0,AP,5.00,24.4309,23.2769,23.1288,1.0468,3.9532,1.0000,1,0.0000
28.0,AP,5.00,24.5123,23.3093,23.1465,1.0645,3.9355,1.0000,1,0.0000
29.0,AP,5.00,24.5941,23.3436,23.1612,1.0792,3.9208,1.0000,1,0.0000
30.0,AP,5.00,24.6757,23.3779,23.1690,1.0870,3.9130,1.0000,1,0.0000
31.0,AP,5.00,24.7568,23.4171,23.1848,1.1028,3.8972,1.0000,1,0.0000
32.0,AP,5.00,24.8378,23.4461,23.2049,1.1229,3.8771,1.0000,1,0.0000
33.0,AP,5.00,24.9268,23.4836,23.2207,1.1387,3.8613,1.0000,1,0.0000
34.0,AP,5.00,25.0050,23.5153,23.2346,1.1526,3.8474,1.0000,1,0.0000
35.0,AP,5.00,25.0804,23.5570,23.2516,1.1696,3.8304,1.0000,1,0.0000
36.0,AP,5.00,25.1596,23.5923,23.2816,1.1996,3.8004,1.0000,1,0.0000
37.0,AP,5.00,25.2373,23.6287,23.3005,1.2185,3.7815,1.0000,1,0.0000
38.0,AP,5.00,25.3199,23.6717,23.3150,1.2330,3.7670,1.0000,1,0.0000
39.0,AP,5.00,25.3932,23.7101,23.3334,1.2514,3.7486,1.0000,1,0.0000
40.0,AP,5.00,25.4742,23.7484,23.3468,1.2648,3.7352,1.0000,1,0.0000
41.0,AP,5.00,25.5516,23.7909,23.3559,1.2739,3.7261,1.0000,1,0.0000
42.0,AP,5.00,25.6395,23.8317,23.3770,1.2950,3.7050,1.0000,1,0.0000
43.0,AP,5.00,25.7196,23.8715,23.4017,1.3197,3.6803,1.0000,1,0.0000
44.0,AP,5.00,25.7980,23.9156,23.4242,1.3422,3.6578,1.0000,1,0.0000
45.0,AP,5.00,25.8679,23.9563,23.4668,1.3848,3.6152,1.0000,1,0.0000
46.0,AP,5.00,25.9407,24.0033,23.4886,1.4066,3.5934,1.0000,1,0.0000
47.0,AP,5.00,26.0194,24.0417,23.5164,1.4344,3.5656,1.0000,1,0.0000
48.0,AP,5.00,26.0930,24.0900,23.5439,1.4619,3.5381,1.0000,1,0.0000
49.0,AP,5.00,26.1685,24.1364,23.5730,1.4910,3.5090,1.0000,1,0.0000
50.0,AP,5.00,26.2213,24.1824,23.6069,1.5249,3.4751,0.9962,1,0.0000
51.0,AP,5.00,26.2919,24.2391,23.6353,1.5533,3.4467,0.9962,1,0.0000
52.0,AP,5.00,26.3708,24.2888,23.6666,1.5846,3.4154,0.9962,1,0.0000
53.0,AP,5.00,26.4399,24.3377,23.6982,1.6162,3.3838,0.9962,1,0.0000
54.0,AP,5.00,26.5144,24.3814,23.7329,1.6509,3.3491,0.9962,1,0.0000
55.0,AP,5.00,26.5863,24.4290,23.7835,1.7015,3.2985,0.9962,1,0.0000
56.0,AP,5.00,26.6624,24.4776,23.8132,1.7312,3.2688,0.9962,1,0.0000
57.0,AP,5.00,26.7498,24.5279,23.8477,1.7657,3.2343,0.9962,1,0.0000
58.0,AP,5.00,26.8262,24.5724,23.8849,1.8029,3.1971,0.9962,1,0.0000
59.0,AP,5.00,26.8971,24.6242,23.9276,1.8456,3.1544,0.9962,1,0.0000
60.0,AP,5.00,26.9677,24.6712,23.9649,1.8829,3.1171,0.9246,1,0.0000
61.0,AP,5.00,27.0365,24.7216,24.0023,1.9203,3.0797,0.9246,1,0.0000
62.0,AP,5.00,27.1071,24.7704,24.0376,1.9556,3.0444,0.9246,1,0.0000
63.0,AP,5.00,27.1756,24.8159,24.0767,1.9947,3.0053,0.9246,1,0.0000
64.0,AP,5.00,27.2544,24.8659,24.1307,2.0487,2.9513,0.9246,1,0.0000
65.0,AP,5.00,27.3254,24.9130,24.1668,2.0848,2.9152,0.9246,1,0.0000
66.0,AP,5.00,27.3889,24.9632,24.2014,2.1194,2.8806,0.9246,1,0.0000
67.0,AP,5.00,27.4566,25.0079,24.2353,2.1533,2.8467,0.9246,1,0.0000
68.0,AP,5.00,27.5153,25.0527,24.2719,2.1899,2.8101,0.9246,1,0.0000
69.0,AP,5.00,27.5719,25.0989,24.3065,2.2245,2.7755,0.9246,1,0.0000
70.0,AP,5.00,27.6209,25.1396,24.3463,2.2643,2.7357,0.8483,1,0.0000
71.0,AP,5.00,27.6776,25.1827,24.3844,2.3024,2.6976,0.8483,1,0.0000
72.0,AP,5.00,27.7443,25.2268,24.4241,2.3421,2.6579,0.8483,1,0.0000
73.0,AP,5.00,27.7965,25.2715,24.4608,2.3788,2.6212,0.8483,1,0.0000
74.0,AP,5.00,27.8508,25.3165,24.4978,2.4158,2.5842,0.8483,1,0.0000
75.0,AP,5.00,27.8972,25.3586,24.5351,2.4531,2.5469,0.8483,1,0.0000
76.0,AP,5.00,27.9470,25.4026,24.5774,2.4954,2.5046,0.8483,1,0.0000
77.0,AP,5.00,27.9891,25.4439,24.6262,2.5442,2.4558,0.8483,1,0.0000
78.0,AP,5.00,28.0328,25.4846,24.6645,2.5825,2.4175,0.8483,1,0.0000
79.0,AP,5.00,28.0822,25.5230,24.6989,2.6169,2.3831,0.8483,1,0.0000
80.0,AP,5.00,28.1305,25.5660,24.7357,2.6537,2.3463,0.7705,1,0.0000
81.0,AP,5.00,28.1743,25.6071,24.7696,2.6876,2.3124,0.7705,1,0.0000
82.0,AP,5.00,28.2137,25.6493,24.8070,2.7250,2.2750,0.7705,1,0.0000
83.0,AP,5.00,28.2593,25.6897,24.8452,2.7632,2.2368,0.7705,1,0.0000
84.0,AP,5.00,28.2977,25.7346,24.8765,2.7945,2.2055,0.7705,1,0.0000
85.0,AP,5.00,28.3413,25.7719,24.9012,2.8192,2.1808,0.7705,1,0.0000
86.0,AP,5.00,28.3785,25.8122,24.9384,2.8564,2.1436,0.7705,1,0.0000
87.0,AP,5.00,28.4171,25.8475,24.9751,2.8931,2.1069,0.7705,1,0.0000
88.0,AP,5.00,28.4521,25.8868,25.0108,2.9288,2.0712,0.7705,1,0.0000
89.0,AP,5.00,28.4899,25.9199,25.0461,2.9641,2.0359,0.7705,1,0.0000
90.0,AP,5.00,28.5183,25.9544,25.0807,2.9987,2.0013,0.7015,1,0.0000
91.0,AP,5.00,28.5489,25.9894,25.1160,3.0340,1.9660,0.7015,1,0.0000
92.0,AP,5.00,28.5779,26.0276,25.1532,3.0712,1.9288,0.7015,1,0.0000
93.0,AP,5.00,28.6095,26.0622,25.1894,3.1074,1.8926,0.7015,1,0.0000
94.0,AP,5.00,28.6436,26.0964,25.2295,3.1475,1.8525,0.7015,1,0.0000
95.0,AP,5.00,28.6761,26.1400,25.2831,3.2010,1.7990,0.7015,1,0.0000
96.0,AP,5.00,28.7054,26.1725,25.3199,3.2379,1.7621,0.7015,1,0.0000
97.0,AP,5.00,28.7356,26.2076,25.3576,3.2756,1.7244,0.7015,1,0.0000
98.0,AP,5.00,28.7635,26.2420,25.3920,3.3100,1.6900,0.7015,1,0.0000
99.0,AP,5.00,28.7955,26.2694,25.4292,3.3472,1.6528,0.7015,1,0.0000
100.0,AP,5.00,28.8177,26.2995,25.4643,3.3823,1.6177,0.6248,1,0.0000
101.0,AP,5.00,28.8430,26.3385,25.5013,3.4193,1.5807,0.6248,1,0.0000
102.0,AP,5.00,28.8695,26.3690,25.5371,3.4551,1.5449,0.6248,1,0.0000
103.0,AP,5.00,28.8933,26.4047,25.5712,3.4892,1.5108,0.6248,1,0.0000
104.0,AP,5.00,28.9178,26.4381,25.6083,3.5263,1.4737,0.6248,1,0.0000
105.0,AP,5.00,28.9473,26.4724,25.6471,3.5651,1.4349,0.6248,1,0.0000
106.0,AP,5.00,28.9691,26.5058,25.6832,3.6012,1.3988,0.6248,1,0.0000
107.0,AP,5.00,28.9938,26.5331,25.7168,3.6348,1.3652,0.6248,1,0.0000
108.0,AP,5.00,29.0136,26.5615,25.7556,3.6736,1.3264,0.6248,1,0.0000
109.0,AP,5.00,29.0401,26.5963,25.7969,3.7149,1.2851,0.6248,1,0.0000
110.0,AP,5.00,29.0727,26.6271,25.8304,3.7484,1.2516,0.5515,1,0.0000
111.0,AP,5.00,29.0928,26.6539,25.8639,3.7819,1.2181,0.5515,1,0.0000
112.0,AP,5.00,29.1116,26.6845,25.8980,3.8160,1.1840,0.5515,1,0.0000
113.0,AP,5.00,29.1439,26.7177,25.9289,3.8469,1.1531,0.5515,1,0.0000
114.0,AP,5.00,29.1512,26.7437,25.9625,3.8805,1.1195,0.5515,1,0.0000
115.0,AP,5.00,29.1641,26.7741,25.9946,3.9126,1.0874,0.5515,1,0.0000
116.0,AP,5.00,29.1753,26.8004,26.0271,3.9451,1.0549,0.5515,1,0.0000
117.0,AP,5.00,29.1870,26.8246,26.0544,3.9724,1.0276,0.5515,1,0.0000
118.0,AP,5.00,29.1927,26.8453,26.0779,3.9958,1.0042,0.5515,1,0.0000
119.0,AP,5.00,29.2000,26.8690,26.1058,4.0238,0.9762,0.5515,1,0.0000
120.0,AP,5.00,29.2151,26.8940,26.1347,4.0527,0.9473,0.4907,1,0.0000
121.0,AP,5.00,29.2269,26.9173,26.1679,4.0859,0.9141,0.4907,1,0.0000
122.0,AP,5.00,29.2386,26.9382,26.2020,4.1200,0.8800,0.4907,1,0.0000
123.0,AP,5.00,29.2341,26.9671,26.2266,4.1446,0.8554,0.4907,1,0.0000
124.0,AP,5.00,29.2474,26.9906,26.2592,4.1772,0.8228,0.4907,1,0.0000
125.0,AP,5.00,29.2600,27.0143,26.2893,4.2073,0.7927,0.4907,1,0.0000
126.0,AP,5.00,29.2749,27.0377,26.3213,4.2393,0.7607,0.4907,1,0.0000
127.0,AP,5.00,29.2831,27.0649,26.3547,4.2727,0.7273,0.4907,1,0.0000
128.0,AP,5.00,29.2926,27.0878,26.3828,4.3008,0.6992,0.4907,1,0.0000
129.0,AP,5.00,29.3062,27.1138,26.4102,4.3282,0.6718,0.4907,1,0.0000
130.0,AP,5.00,29.3177,27.1397,26.4370,4.3549,0.6451,0.4302,1,0.0000
131.0,AP,5.00,29.3229,27.1561,26.4650,4.3830,0.6170,0.4302,1,0.0000
132.0,AP,5.00,29.3268,27.1716,26.4974,4.4154,0.5846,0.4302,1,0.0000
133.0,AP,5.00,29.3323,27.1938,26.5240,4.4420,0.5580,0.4302,1,0.0000
134.0,AP,5.00,29.3348,27.2159,26.5518,4.4698,0.5302,0.4302,1,0.0000
135.0,AP,5.00,29.3333,27.2315,26.5741,4.4921,0.5079,0.4302,1,0.0000
136.0,AP,5.00,29.3293,27.2493,26.5960,4.5140,0.4860,0.4302,1,0.0000
137.0,AP,5.00,29.3312,27.2658,26.6166,4.5346,0.4654,0.4302,1,0.0000
138.0,AP,5.00,29.3306,27.2816,26.6373,4.5553,0.4447,0.4302,1,0.0000
139.0,AP,5.00,29.3264,27.2961,26.6563,4.5743,0.4257,0.4302,1,0.0000
140.0,AP,5.00,29.3345,27.3099,26.6775,4.5955,0.4045,0.3821,1,0.0000
141.0,AP,5.00,29.3391,27.3270,26.6991,4.6171,0.3829,0.3821,1,0.0000
142.0,AP,5.00,29.3412,27.3361,26.7215,4.6395,0.3605,0.3821,1,0.0000
143.0,AP,5.00,29.3419,27.3549,26.7460,4.6640,0.3360,0.3821,1,0.0000
144.0,AP,5.00,29.3428,27.3673,26.7645,4.6825,0.3175,0.3821,1,0.0000
145.0,AP,5.00,29.3380,27.3808,26.7825,4.7005,0.2995,0.3821,1,0.0000
146.0,AP,5.00,29.3358,27.3877,26.8007,4.7187,0.2813,0.3821,1,0.0000
147.0,AP,5.00,29.3316,27.3952,26.8234,4.7414,0.2586,0.3821,1,0.0000
148.0,AP,5.00,29.3272,27.4088,26.8450,4.7630,0.2370,0.3821,1,0.0000
149.0,AP,5.00,29.3218,27.4175,26.8625,4.7805,0.2195,0.3821,1,0.0000
# APPROACH done at t_s=150
150.0,F0,5.00,29.3148,27.4307,26.8841,4.8021,0.1979,0.3408,1,0.0000
151.0,F0,5.00,29.3121,27.4436,26.9074,4.8254,0.1746,0.3408,1,0.0000
152.0,F0,5.00,29.3123,27.4608,26.9316,4.8496,0.1504,0.3408,1,0.0000
153.0,F0,5.00,29.3124,27.4747,26.9511,4.8691,0.1309,0.3408,1,0.0000
154.0,F0,5.00,29.3113,27.4886,26.9764,4.8944,0.1056,0.3408,1,0.0000
155.0,F0,5.00,29.3089,27.5051,26.9993,4.9173,0.0827,0.3408,1,0.0000
156.0,F0,5.00,29.3124,27.5131,27.0182,4.9362,0.0638,0.3408,1,0.0000
157.0,F0,5.00,29.3136,27.5276,27.0385,4.9565,0.0435,0.3408,1,0.0000
158.0,F0,5.00,29.3183,27.5413,27.0534,4.9714,0.0286,0.3408,1,0.0000
159.0,F0,5.00,29.3205,27.5554,27.0738,4.9918,0.0082,0.3408,1,0.0000
160.0,F0,5.00,29.3182,27.5685,27.0959,5.0139,-0.0139,0.2984,1,0.0000
161.0,F0,5.00,29.3191,27.5868,27.1114,5.0294,-0.0294,0.2984,1,0.0000
162.0,F0,5.00,29.3202,27.6062,27.1288,5.0468,-0.0468,0.2984,1,0.0000
163.0,F0,5.00,29.3230,27.6208,27.1515,5.0695,-0.0695,0.2984,1,0.0000
164.0,F0,5.00,29.3151,27.6320,27.1688,5.0868,-0.0868,0.2984,1,0.0000
165.0,F0,5.00,29.3123,27.6393,27.1877,5.1057,-0.1057,0.2984,1,0.0000
166.0,F0,5.00,29.3046,27.6497,27.2032,5.1212,-0.1212,0.2984,1,0.0000
167.0,F0,5.00,29.3026,27.6585,27.2200,5.1380,-0.1380,0.2984,1,0.0000
168.0,F0,5.00,29.2981,27.6650,27.2417,5.1597,-0.1597,0.2984,1,0.0000
169.0,F0,5.00,29.2929,27.6733,27.2544,5.1724,-0.1724,0.2984,1,0.0000
170.0,F0,5.00,29.2858,27.6796,27.2698,5.1878,-0.1878,0.2636,1,0.0000
171.0,F0,5.00,29.2783,27.6913,27.2838,5.2018,-0.2018,0.2636,1,0.0000
172.0,F0,5.00,29.2757,27.6947,27.2947,5.2127,-0.2127,0.2636,1,0.0000
173.0,F0,5.00,29.2714,27.6980,27.3022,5.2202,-0.2202,0.2636,1,0.0000
174.0,F0,5.00,29.2587,27.6969,27.3082,5.2262,-0.2262,0.2636,1,0.0000
175.0,F0,5.00,29.2421,27.7018,27.3211,5.2391,-0.2391,0.2636,1,0.0000
176.0,F0,5.00,29.2368,27.7102,27.3278,5.2458,-0.2458,0.2636,1,0.0000
177.0,F0,5.00,29.2249,27.7091,27.3416,5.2596,-0.2596,0.2636,1,0.0000
178.0,F0,5.00,29.2156,27.7166,27.3535,5.2715,-0.2715,0.2636,1,0.0000
179.0,F0,5.00,29.2056,27.7212,27.3620,5.2800,-0.2800,0.2636,1,0.0000
180.0,F0,5.00,29.1969,27.7263,27.3734,5.2914,-0.2914,0.2429,1,0.0000
181.0,F0,5.00,29.1862,27.7279,27.3794,5.2974,-0.2974,0.2429,1,0.0000
182.0,F0,5.00,29.1799,27.7312,27.3875,5.3055,-0.3055,0.2429,1,0.0000
183.0,F0,5.00,29.1720,27.7306,27.3988,5.3168,-0.3168,0.2429,1,0.0000
184.0,F0,5.00,29.1674,27.7343,27.4112,5.3292,-0.3292,0.2429,1,0.0000
185.0,F0,5.00,29.1542,27.7359,27.4208,5.3388,-0.3388,0.2429,1,0.0000
186.0,F0,5.00,29.1427,27.7414,27.4336,5.3516,-0.3516,0.2429,1,0.0000
187.0,F0,5.00,29.1292,27.7403,27.4416,5.3596,-0.3596,0.2429,1,0.0000
188.0,F0,5.00,29.1186,27.7401,27.4532,5.3712,-0.3712,0.2429,1,0.0000
189.0,F0,5.00,29.1076,27.7437,27.4623,5.3803,-0.3803,0.2429,1,0.0000
190.0,F0,5.00,29.0974,27.7448,27.4715,5.3895,-0.3895,0.2233,1,0.0000
191.0,F0,5.00,29.0891,27.7457,27.4822,5.4002,-0.4002,0.2233,1,0.0000
192.0,F0,5.00,29.0756,27.7492,27.4930,5.4109,-0.4109,0.2233,1,0.0000
193.0,F0,5.00,29.0691,27.7519,27.4968,5.4148,-0.4148,0.2233,1,0.0000
194.0,F0,5.00,29.0614,27.7531,27.5063,5.4243,-0.4243,0.2233,1,0.0000
195.0,F0,5.00,29.0501,27.7537,27.5121,5.4301,-0.4301,0.2233,1,0.0000
196.0,F0,5.00,29.0370,27.7475,27.5190,5.4370,-0.4370,0.2233,1,0.0000
197.0,F0,5.00,29.0265,27.7446,27.5257,5.4437,-0.4437,0.2233,1,0.0000
198.0,F0,5.00,29.0138,27.7466,27.5279,5.4459,-0.4459,0.2233,1,0.0000
199.0,F0,5.00,29.0005,27.7458,27.5359,5.4539,-0.4539,0.2233,1,0.0000
200.0,F0,5.00,28.9907,27.7459,27.5419,5.4599,-0.4599,0.2092,1,0.0000
201.0,F0,5.00,28.9780,27.7489,27.5482,5.4662,-0.4662,0.2092,1,0.0000
202.0,F0,5.00,28.9663,27.7569,27.5574,5.4754,-0.4754,0.2092,1,0.0000
203.0,F0,5.00,28.9520,27.7555,27.5675,5.4855,-0.4855,0.2092,1,0.0000
204.0,F0,5.00,28.9362,27.7532,27.5721,5.4901,-0.4901,0.2092,1,0.0000
205.0,F0,5.00,28.9210,27.7470,27.5775,5.4955,-0.4955,0.2092,1,0.0000
206.0,F0,5.00,28.9065,27.7410,27.5773,5.4953,-0.4953,0.2092,1,0.0000
207.0,F0,5.00,28.8894,27.7335,27.5823,5.5003,-0.5003,0.2092,1,0.0000
208.0,F0,5.00,28.8864,27.7358,27.5848,5.5028,-0.5028,0.2092,0,0.0000
209.0,F0,5.00,28.8716,27.7308,27.5868,5.5048,-0.5048,0.2092,0,0.0000
210.0,F0,5.00,28.8690,27.7320,27.5927,5.5107,-0.5107,0.1991,0,0.0000
211.0,F0,5.00,28.8661,27.7325,27.5998,5.5178,-0.5178,0.1991,0,0.0000
212.0,F0,5.00,28.8642,27.7373,27.6063,5.5243,-0.5243,0.1991,0,0.0000
213.0,F0,5.00,28.8637,27.7399,27.6165,5.5345,-0.5345,0.1991,0,0.0000
214.0,F0,5.00,28.8655,27.7407,27.6206,5.5386,-0.5386,0.1991,0,0.0000
215.0,F0,5.00,28.8572,27.7451,27.6255,5.5435,-0.5435,0.1991,0,0.0000
216.0,F0,5.00,28.8540,27.7441,27.6277,5.5457,-0.5457,0.1991,0,0.0000
217.0,F0,5.00,28.8512,27.7452,27.6263,5.5443,-0.5443,0.1991,0,0.0000
218.0,F0,5.00,28.8436,27.7513,27.6258,5.5438,-0.5438,0.1991,0,0.0000
219.0,F0,5.00,28.8352,27.7502,27.6285,5.5465,-0.5465,0.1991,0,0.0000
220.0,F0,5.00,28.8287,27.7480,27.6238,5.5418,-0.5418,0.1928,0,0.0000
221.0,F0,5.00,28.8118,27.7430,27.6253,5.5433,-0.5433,0.1928,0,0.0000
222.0,F0,5.00,28.7983,27.7363,27.6233,5.5413,-0.5413,0.1928,0,0.0000
223.0,F0,5.00,28.7834,27.7363,27.6274,5.5454,-0.5454,0.1928,0,0.0000
224.0,F0,5.00,28.7728,27.7331,27.6288,5.5468,-0.5468,0.1928,0,0.0000
225.0,F0,5.00,28.7610,27.7312,27.6301,5.5481,-0.5481,0.1928,0,0.0000
226.0,F0,5.00,28.7532,27.7308,27.6299,5.5479,-0.5479,0.1928,0,0.0000
227.0,F0,5.00,28.7435,27.7267,27.6303,5.5483,-0.5483,0.1928,0,0.0000
228.0,F0,5.00,28.7371,27.7240,27.6294,5.5474,-0.5474,0.1928,0,0.0000
229.0,F0,5.00,28.7234,27.7179,27.6295,5.5475,-0.5475,0.1928,0,0.0000
230.0,F0,5.00,28.7108,27.7096,27.6297,5.5477,-0.5477,0.1917,0,0.0000
231.0,F0,5.00,28.7038,27.7110,27.6324,5.5504,-0.5504,0.1917,0,0.0000
232.0,F0,5.00,28.6954,27.7062,27.6319,5.5499,-0.5499,0.1917,0,0.0000
233.0,F0,5.00,28.6917,27.7054,27.6338,5.5518,-0.5518,0.1917,0,0.0000
234.0,F0,5.00,28.6901,27.7036,27.6358,5.5538,-0.5538,0.1917,0,0.0000
235.0,F0,5.00,28.6856,27.7018,27.6352,5.5532,-0.5532,0.1917,0,0.0000
236.0,F0,5.00,28.6735,27.6951,27.6330,5.5510,-0.5510,0.1917,0,0.0000
237.0,F0,5.00,28.6657,27.6963,27.6278,5.5458,-0.5458,0.1917,0,0.0000
238.0,F0,5.00,28.6555,27.6925,27.6238,5.5418,-0.5418,0.1917,0,0.0000
239.0,F0,5.00,28.6486,27.6885,27.6130,5.5310,-0.5310,0.1917,0,0.0000
240.0,F0,5.00,28.6398,27.6807,27.6055,5.5235,-0.5235,0.1965,0,0.0000
241.0,F0,5.00,28.6266,27.6754,27.6019,5.5199,-0.5199,0.1965,0,0.0000
242.0,F0,5.00,28.6154,27.6690,27.5982,5.5162,-0.5162,0.1965,0,0.0000
243.0,F0,5.00,28.6012,27.6612,27.5894,5.5074,-0.5074,0.1965,0,0.0000
244.0,F0,5.00,28.5919,27.6552,27.5793,5.4973,-0.4973,0.1965,0,0.0000
245.0,F0,5.00,28.5831,27.6500,27.5736,5.4916,-0.4916,0.1965,0,0.0000
246.0,F0,5.00,28.5775,27.6462,27.5712,5.4892,-0.4892,0.1965,0,0.0000
247.0,F0,5.00,28.5683,27.6411,27.5656,5.4836,-0.4836,0.1965,0,0.0000
248.0,F0,5.00,28.5587,27.6327,27.5656,5.4836,-0.4836,0.1965,0,0.0000
249.0,F0,5.00,28.5450,27.6234,27.5629,5.4809,-0.4809,0.1965,0,0.0000
250.0,F0,5.00,28.5328,27.6181,27.5598,5.4778,-0.4778,0.2057,0,0.0000
251.0,F0,5.00,28.5198,27.6154,27.5591,5.4771,-0.4771,0.2057,0,0.0000
252.0,F0,5.00,28.5152,27.6090,27.5546,5.4726,-0.4726,0.2057,0,0.0000
253.0,F0,5.00,28.5102,27.6027,27.5522,5.4702,-0.4702,0.2057,0,0.0000
254.0,F0,5.00,28.5044,27.5961,27.5511,5.4691,-0.4691,0.2057,0,0.0000
255.0,F0,5.00,28.4966,27.5908,27.5500,5.4680,-0.4680,0.2057,0,0.0000
256.0,F0,5.00,28.4797,27.5914,27.5441,5.4621,-0.4621,0.2057,0,0.0000
257.0,F0,5.00,28.4741,27.5771,27.5379,5.4559,-0.4559,0.2057,0,0.0000
258.0,F0,5.00,28.4693,27.5685,27.5333,5.4513,-0.4513,0.2057,0,0.0000
259.0,F0,5.00,28.4555,27.5599,27.5305,5.4485,-0.4485,0.2057,0,0.0000
260.0,F0,5.00,28.4500,27.5591,27.5277,5.4457,-0.4457,0.2121,0,0.0000
261.0,F0,5.00,28.4397,27.5522,27.5203,5.4383,-0.4383,0.2121,0,0.0000
262.0,F0,5.00,28.4343,27.5421,27.5109,5.4289,-0.4289,0.2121,0,0.0000
263.0,F0,5.00,28.4308,27.5335,27.5034,5.4214,-0.4214,0.2121,0,0.0000
264.0,F0,5.00,28.4193,27.5282,27.4977,5.4157,-0.4157,0.2121,0,0.0000
265.0,F0,5.00,28.4114,27.5219,27.4896,5.4076,-0.4076,0.2121,0,0.0000
266.0,F0,5.00,28.4082,27.5181,27.4861,5.4041,-0.4041,0.2121,0,0.0000
267.0,F0,5.00,28.4026,27.5126,27.4791,5.3971,-0.3971,0.2121,0,0.0000
268.0,F0,5.00,28.3945,27.5038,27.4754,5.3934,-0.3934,0.2121,0,0.0000
269.0,F0,5.00,28.3869,27.4995,27.4742,5.3922,-0.3922,0.2121,0,0.0000
270.0,F0,5.00,28.3846,27.4930,27.4727,5.3907,-0.3907,0.2231,0,0.0000
271.0,F0,5.00,28.3779,27.4892,27.4710,5.3890,-0.3890,0.2231,0,0.0000
272.0,F0,5.00,28.3736,27.4882,27.4719,5.3899,-0.3899,0.2231,0,0.0000
273.0,F0,5.00,28.3736,27.4852,27.4705,5.3885,-0.3885,0.2231,0,0.0000
274.0,F0,5.00,28.3716,27.4797,27.4660,5.3840,-0.3840,0.2231,0,0.0000
275.0,F0,5.00,28.3686,27.4781,27.4625,5.3805,-0.3805,0.2231,0,0.0000
276.0,F0,5.00,28.3609,27.4713,27.4585,5.3765,-0.3765,0.2231,0,0.0000
277.0,F0,5.00,28.3593,27.4596,27.4551,5.3731,-0.3731,0.2231,0,0.0000
278.0,F0,5.00,28.3504,27.4591,27.4505,5.3685,-0.3685,0.2231,0,0.0000
279.0,F0,5.00,28.3448,27.4516,27.4465,5.3645,-0.3645,0.2231,0,0.0000
280.0,F0,5.00,28.3403,27.4487,27.4407,5.3587,-0.3587,0.2295,0,0.0000
281.0,F0,5.00,28.3369,27.4428,27.4366,5.3546,-0.3546,0.2295,0,0.0000
282.0,F0,5.00,28.3303,27.4392,27.4331,5.3511,-0.3511,0.2295,0,0.0000
283.0,F0,5.00,28.3308,27.4379,27.4286,5.3466,-0.3466,0.2295,0,0.0000
284.0,F0,5.00,28.3268,27.4363,27.4258,5.3437,-0.3437,0.2295,0,0.0000
285.0,F0,5.00,28.3165,27.4279,27.4251,5.3431,-0.3431,0.2295,0,0.0000
286.0,F0,5.00,28.3204,27.4310,27.4281,5.3461,-0.3461,0.2295,0,0.0000
287.0,F0,5.00,28.3169,27.4297,27.4337,5.3517,-0.3517,0.2295,0,0.0000
288.0,F0,5.00,28.3158,27.4291,27.4348,5.3528,-0.3528,0.2295,0,0.0000
289.0,F0,5.00,28.3162,27.4334,27.4366,5.3546,-0.3546,0.2295,0,0.0000
290.0,F0,5.00,28.3214,27.4381,27.4429,5.3609,-0.3609,0.2290,0,0.0000
291.0,F0,5.00,28.3303,27.4386,27.4406,5.3586,-0.3586,0.2290,0,0.0000
292.0,F0,5.00,28.3315,27.4394,27.4416,5.3596,-0.3596,0.2290,0,0.0000
293.0,F0,5.00,28.3313,27.4372,27.4415,5.3595,-0.3595,0.2290,0,0.0000
294.0,F0,5.00,28.3308,27.4383,27.4444,5.3624,-0.3624,0.2290,0,0.0000
295.0,F0,5.00,28.3330,27.4416,27.4431,5.3611,-0.3611,0.2290,0,0.0000
296.0,F0,5.00,28.3313,27.4457,27.4408,5.3588,-0.3588,0.2290,0,0.0000
297.0,F0,5.00,28.3268,27.4425,27.4368,5.3548,-0.3548,0.2290,0,0.0000
298.0,F0,5.00,28.3290,27.4382,27.4237,5.3417,-0.3417,0.2290,0,0.0000
299.0,F0,5.00,28.3179,27.4294,27.4131,5.3311,-0.3311,0.2290,0,0.0000
300.0,F0,5.00,28.3068,27.4160,27.4032,5.3212,-0.3212,0.2370,0,0.0000
301.0,F0,5.00,28.2919,27.4059,27.4040,5.3220,-0.3220,0.2370,0,0.0000
302.0,F0,5.00,28.2821,27.3962,27.3926,5.3106,-0.3106,0.2370,0,0.0000
303.0,F0,5.00,28.2723,27.3931,27.3898,5.3078,-0.3078,0.2370,0,0.0000
304.0,F0,5.00,28.2744,27.3843,27.3878,5.3058,-0.3058,0.2370,0,0.0000
305.0,F0,5.00,28.2633,27.3822,27.3867,5.3047,-0.3047,0.2370,0,0.0000
306.0,F0,5.00,28.2670,27.3802,27.3867,5.3047,-0.3047,0.2370,0,0.0000
307.0,F0,5.00,28.2601,27.3752,27.3825,5.3005,-0.3005,0.2370,0,0.0000
308.0,F0,5.00,28.2591,27.3695,27.3773,5.2953,-0.2953,0.2370,0,0.0000
309.0,F0,5.00,28.2593,27.3685,27.3751,5.2931,-0.2931,0.2370,0,0.0000
310.0,F0,5.00,28.2534,27.3621,27.3695,5.2875,-0.2875,0.2437,0,0.0000
311.0,F0,5.00,28.2504,27.3565,27.3597,5.2777,-0.2777,0.2437,0,0.0000
312.0,F0,5.00,28.2466,27.3518,27.3561,5.2741,-0.2741,0.2437,0,0.0000
313.0,F0,5.00,28.2421,27.3473,27.3487,5.2667,-0.2667,0.2437,0,0.0000
314.0,F0,5.00,28.2414,27.3431,27.3462,5.2642,-0.2642,0.2437,0,0.0000
315.0,F0,5.00,28.2368,27.3456,27.3432,5.2612,-0.2612,0.2437,0,0.0000
316.0,F0,5.00,28.2326,27.3414,27.3420,5.2600,-0.2600,0.2437,0,0.0000
317.0,F0,5.00,28.2193,27.3272,27.3342,5.2522,-0.2522,0.2437,0,0.0000
318.0,F0,5.00,28.2074,27.3250,27.3273,5.2453,-0.2453,0.2437,0,0.0000
319.0,F0,5.00,28.2023,27.3225,27.3235,5.2415,-0.2415,0.2437,0,0.0000
320.0,F0,5.00,28.1994,27.3216,27.3225,5.2405,-0.2405,0.2531,0,0.0000
321.0,F0,5.00,28.1976,27.3196,27.3211,5.2391,-0.2391,0.2531,0,0.0000
322.0,F0,5.00,28.1996,27.3195,27.3199,5.2379,-0.2379,0.2531,0,0.0000
323.0,F0,5.00,28.1985,27.3134,27.3202,5.2382,-0.2382,0.2531,0,0.0000
324.0,F0,5.00,28.1902,27.3104,27.3132,5.2312,-0.2312,0.2531,0,0.0000
325.0,F0,5.00,28.1860,27.3069,27.3132,5.2312,-0.2312,0.2531,0,0.0000
326.0,F0,5.00,28.1774,27.2993,27.3019,5.2199,-0.2199,0.2531,0,0.0000
327.0,F0,5.00,28.1754,27.2953,27.2957,5.2137,-0.2137,0.2531,0,0.0000
328.0,F0,5.00,28.1745,27.2904,27.2903,5.2083,-0.2083,0.2531,0,0.0000
329.0,F0,5.00,28.1729,27.2859,27.2906,5.2086,-0.2086,0.2531,0,0.0000
330.0,F0,5.00,28.1769,27.2814,27.2814,5.1994,-0.1994,0.2613,0,0.0000
331.0,F0,5.00,28.1731,27.2795,27.2742,5.1922,-0.1922,0.2613,0,0.0000
332.0,F0,5.00,28.1641,27.2755,27.2728,5.1908,-0.1908,0.2613,0,0.0000
333.0,F0,5.00,28.1620,27.2676,27.2698,5.1878,-0.1878,0.2613,0,0.0000
334.0,F0,5.00,28.1576,27.2636,27.2648,5.1828,-0.1828,0.2613,0,0.0000
335.0,F0,5.00,28.1578,27.2634,27.2642,5.1822,-0.1822,0.2613,0,0.0000
336.0,F0,5.00,28.1574,27.2592,27.2603,5.1783,-0.1783,0.2613,0,0.0000
337.0,F0,5.00,28.1604,27.2613,27.2596,5.1776,-0.1776,0.2613,0,0.0000
338.0,F0,5.00,28.1628,27.2566,27.2590,5.1770,-0.1770,0.2613,0,0.0000
339.0,F0,5.00,28.1685,27.2577,27.2579,5.1759,-0.1759,0.2613,0,0.0000
340.0,F0,5.00,28.1708,27.2573,27.2560,5.1740,-0.1740,0.2664,0,0.0000
341.0,F0,5.00,28.1708,27.2571,27.2570,5.1750,-0.1750,0.2664,0,0.0000
342.0,F0,5.00,28.1714,27.2555,27.2497,5.1677,-0.1677,0.2664,0,0.0000
343.0,F0,5.00,28.1707,27.2461,27.2374,5.1554,-0.1554,0.2664,0,0.0000
344.0,F0,5.00,28.1667,27.2401,27.2311,5.1491,-0.1491,0.2664,0,0.0000
345.0,F0,5.00,28.1595,27.2318,27.2224,5.1404,-0.1404,0.2664,0,0.0000
346.0,F0,5.00,28.1560,27.2340,27.2188,5.1368,-0.1368,0.2664,0,0.0000
347.0,F0,5.00,28.1568,27.2325,27.2166,5.1346,-0.1346,0.2664,0,0.0000
348.0,F0,5.00,28.1581,27.2279,27.2202,5.1382,-0.1382,0.2664,0,0.0000
349.0,F0,5.00,28.1570,27.2284,27.2090,5.1270,-0.1270,0.2664,0,0.0000
350.0,F0,5.00,28.1598,27.2227,27.2042,5.1222,-0.1222,0.2768,0,0.0000
351.0,F0,5.00,28.1578,27.2188,27.1995,5.1175,-0.1175,0.2768,0,0.0000
352.0,F0,5.00,28.1620,27.2188,27.1933,5.1113,-0.1113,0.2768,0,0.0000
353.0,F0,5.00,28.1650,27.2202,27.1941,5.1121,-0.1121,0.2768,0,0.0000
354.0,F0,5.00,28.1660,27.2195,27.1965,5.1145,-0.1145,0.2768,0,0.0000
355.0,F0,5.00,28.1683,27.2200,27.1956,5.1136,-0.1136,0.2768,0,0.0000
356.0,F0,5.00,28.1576,27.2134,27.1938,5.1118,-0.1118,0.2768,0,0.0000
357.0,F0,5.00,28.1620,27.2114,27.1956,5.1136,-0.1136,0.2768,1,0.0000
358.0,F0,5.00,28.1601,27.2118,27.1930,5.1110,-0.1110,0.2768,0,0.0000
359.0,F0,5.00,28.1607,27.2124,27.1923,5.1103,-0.1103,0.2768,1,0.0000
360.0,F0,5.00,28.1591,27.2095,27.1886,5.1066,-0.1066,0.2799,1,0.0000
361.0,F0,5.00,28.1571,27.2093,27.1826,5.1006,-0.1006,0.2799,1,0.0000
362.0,F0,5.00,28.1515,27.1962,27.1763,5.0943,-0.0943,0.2799,1,0.0000
363.0,F0,5.00,28.1420,27.1969,27.1789,5.0969,-0.0969,0.2799,1,0.0000
364.0,F0,5.00,28.1481,27.2002,27.1767,5.0947,-0.0947,0.2799,1,0.0000
365.0,F0,5.00,28.1422,27.1984,27.1774,5.0954,-0.0954,0.2799,1,0.0000
366.0,F0,5.00,28.1511,27.1991,27.1767,5.0947,-0.0947,0.2799,1,0.0000
367.0,F0,5.00,28.1558,27.2009,27.1765,5.0945,-0.0945,0.2799,1,0.0000
368.0,F0,5.00,28.1595,27.2023,27.1761,5.0941,-0.0941,0.2799,1,0.0000
369.0,F0,5.00,28.1603,27.1956,27.1768,5.0948,-0.0948,0.2799,1,0.0000
370.0,F0,5.00,28.1580,27.1951,27.1693,5.0872,-0.0872,0.2838,1,0.0000
371.0,F0,5.00,28.1578,27.1927,27.1651,5.0831,-0.0831,0.2838,1,0.0000
372.0,F0,5.00,28.1498,27.1908,27.1624,5.0804,-0.0804,0.2838,1,0.0000
373.0,F0,5.00,28.1486,27.1879,27.1581,5.0760,-0.0760,0.2838,1,0.0000
374.0,F0,5.00,28.1527,27.1889,27.1607,5.0787,-0.0787,0.2838,1,0.0000
375.0,F0,5.00,28.1518,27.1864,27.1516,5.0696,-0.0696,0.2838,1,0.0000
376.0,F0,5.00,28.1478,27.1840,27.1501,5.0681,-0.0681,0.2838,1,0.0000
377.0,F0,5.00,28.1429,27.1818,27.1500,5.0680,-0.0680,0.2838,1,0.0000
378.0,F0,5.00,28.1368,27.1813,27.1494,5.0674,-0.0674,0.2838,1,0.0000
379.0,F0,5.00,28.1407,27.1859,27.1465,5.0645,-0.0645,0.2838,1,0.0000
380.0,F0,5.00,28.1436,27.1804,27.1499,5.0679,-0.0679,0.2876,1,0.0000
381.0,F0,5.00,28.1490,27.1818,27.1479,5.0659,-0.0659,0.2876,1,0.0000
382.0,F0,5.00,28.1553,27.1845,27.1495,5.0675,-0.0675,0.2876,1,0.0000
383.0,F0,5.00,28.1601,27.1816,27.1482,5.0662,-0.0662,0.2876,1,0.0000
384.0,F0,5.00,28.1639,27.1833,27.1487,5.0667,-0.0667,0.2876,1,0.0000
385.0,F0,5.00,28.1575,27.1798,27.1440,5.0620,-0.0620,0.2876,1,0.0000
386.0,F0,5.00,28.1588,27.1772,27.1382,5.0562,-0.0562,0.2876,1,0.0000
387.0,F0,5.00,28.1579,27.1767,27.1412,5.0592,-0.0592,0.2876,1,0.0000
388.0,F0,5.00,28.1584,27.1726,27.1346,5.0526,-0.0526,0.2876,1,0.0000
389.0,F0,5.00,28.1649,27.1712,27.1380,5.0560,-0.0560,0.2876,1,0.0000
390.0,F0,5.00,28.1700,27.1685,27.1302,5.0482,-0.0482,0.2916,1,0.0000
391.0,F0,5.00,28.1704,27.1708,27.1300,5.0480,-0.0480,0.2916,1,0.0000
392.0,F0,5.00,28.1740,27.1664,27.1327,5.0507,-0.0507,0.2916,1,0.0000
393.0,F0,5.00,28.1803,27.1742,27.1318,5.0498,-0.0498,0.2916,1,0.0000
394.0,F0,5.00,28.1874,27.1757,27.1378,5.0558,-0.0558,0.2916,1,0.0000
395.0,F0,5.00,28.1848,27.1783,27.1359,5.0539,-0.0539,0.2916,1,0.0000
396.0,F0,5.00,28.1906,27.1824,27.1382,5.0562,-0.0562,0.2916,1,0.0000
397.0,F0,5.00,28.1975,27.1862,27.1393,5.0573,-0.0573,0.2916,1,0.0000
398.0,F0,5.00,28.2035,27.1827,27.1342,5.0522,-0.0522,0.2916,1,0.0000
399.0,F0,5.00,28.2086,27.1853,27.1287,5.0467,-0.0467,0.2916,1,0.0000
400.0,F0,5.00,28.2059,27.1800,27.1238,5.0418,-0.0418,0.2928,1,0.0000
401.0,F0,5.00,28.2081,27.1754,27.1210,5.0390,-0.0390,0.2928,1,0.0000
402.0,F0,5.00,28.2098,27.1743,27.1204,5.0384,-0.0384,0.2928,1,0.0000
403.0,F0,5.00,28.2086,27.1719,27.1160,5.0340,-0.0340,0.2928,1,0.0000
404.0,F0,5.00,28.2087,27.1673,27.1144,5.0324,-0.0324,0.2928,1,0.0000
405.0,F0,5.00,28.2120,27.1684,27.1125,5.0305,-0.0305,0.2928,1,0.0000
406.0,F0,5.00,28.2103,27.1701,27.1144,5.0324,-0.0324,0.2928,1,0.0000
407.0,F0,5.00,28.2101,27.1679,27.1156,5.0336,-0.0336,0.2928,1,0.0000
408.0,F0,5.00,28.2090,27.1650,27.1124,5.0304,-0.0304,0.2928,1,0.0000
409.0,F0,5.00,28.2095,27.1596,27.1125,5.0305,-0.0305,0.2928,1,0.0000
410.0,F0,5.00,28.2109,27.1595,27.1131,5.0311,-0.0311,0.2950,1,0.0000
411.0,F0,5.00,28.2127,27.1630,27.1135,5.0315,-0.0315,0.2950,1,0.0000
412.0,F0,5.00,28.2141,27.1665,27.1137,5.0317,-0.0317,0.2950,1,0.0000
413.0,F0,5.00,28.2202,27.1718,27.1153,5.0333,-0.0333,0.2950,1,0.0000
414.0,F0,5.00,28.2234,27.1767,27.1156,5.0336,-0.0336,0.2950,1,0.0000
415.0,F0,5.00,28.2249,27.1810,27.1171,5.0351,-0.0351,0.2950,1,0.0000
416.0,F0,5.00,28.2332,27.1839,27.1171,5.0351,-0.0351,0.2950,1,0.0000
417.0,F0,5.00,28.2362,27.1876,27.1196,5.0376,-0.0376,0.2950,1,0.0000
418.0,F0,5.00,28.2365,27.1923,27.1201,5.0381,-0.0381,0.2950,1,0.0000
419.0,F0,5.00,28.2361,27.1957,27.1220,5.0400,-0.0400,0.2950,1,0.0000
420.0,F0,5.00,28.2373,27.1984,27.1220,5.0400,-0.0400,0.2932,1,0.0000
421.0,F0,5.00,28.2404,27.2028,27.1250,5.0430,-0.0430,0.2932,0,0.0000
422.0,F0,5.00,28.2403,27.2052,27.1278,5.0458,-0.0458,0.2932,0,0.0000
423.0,F0,5.00,28.2345,27.2060,27.1295,5.0475,-0.0475,0.2932,0,0.0000
424.0,F0,5.00,28.2397,27.2079,27.1340,5.0520,-0.0520,0.2932,0,0.0000
425.0,F0,5.00,28.2427,27.2087,27.1335,5.0515,-0.0515,0.2932,0,0.0000
426.0,F0,5.00,28.2489,27.2124,27.1333,5.0513,-0.0513,0.2932,0,0.0000
427.0,F0,5.00,28.2513,27.2157,27.1338,5.0518,-0.0518,0.2932,0,0.0000
428.0,F0,5.00,28.2501,27.2185,27.1380,5.0560,-0.0560,0.2932,0,0.0000
429.0,F0,5.00,28.2427,27.2140,27.1430,5.0610,-0.0610,0.2932,0,0.0000
430.0,F0,5.00,28.2368,27.2087,27.1452,5.0632,-0.0632,0.2886,0,0.0000
431.0,F0,5.00,28.2400,27.2117,27.1463,5.0643,-0.0643,0.2886,0,0.0000
432.0,F0,5.00,28.2413,27.2092,27.1500,5.0680,-0.0680,0.2886,0,0.0000
433.0,F0,5.00,28.2474,27.2132,27.1550,5.0730,-0.0730,0.2886,0,0.0000
434.0,F0,5.00,28.2556,27.2143,27.1599,5.0779,-0.0779,0.2886,0,0.0000
435.0,F0,5.00,28.2610,27.2180,27.1626,5.0806,-0.0806,0.2886,0,0.0000
436.0,F0,5.00,28.2654,27.2212,27.1652,5.0832,-0.0832,0.2886,0,0.0000
437.0,F0,5.00,28.2664,27.2140,27.1670,5.0850,-0.0850,0.2886,0,0.0000
438.0,F0,5.00,28.2639,27.2108,27.1666,5.0846,-0.0846,0.2886,0,0.0000
439.0,F0,5.00,28.2698,27.2122,27.1646,5.0826,-0.0826,0.2886,0,0.0000
440.0,F0,5.00,28.2698,27.2155,27.1603,5.0783,-0.0783,0.2855,0,0.0000
441.0,F0,5.00,28.2750,27.2184,27.1610,5.0790,-0.0790,0.2855,0,0.0000
442.0,F0,5.00,28.2750,27.2190,27.1595,5.0775,-0.0775,0.2855,0,0.0000
443.0,F0,5.00,28.2719,27.2213,27.1606,5.0786,-0.0786,0.2855,0,0.0000
444.0,F0,5.00,28.2702,27.2210,27.1571,5.0751,-0.0751,0.2855,0,0.0000
445.0,F0,5.00,28.2697,27.2248,27.1586,5.0766,-0.0766,0.2855,0,0.0000
446.0,F0,5.00,28.2675,27.2276,27.1611,5.0791,-0.0791,0.2855,0,0.0000
447.0,F0,5.00,28.2719,27.2292,27.1616,5.0796,-0.0796,0.2855,0,0.0000
448.0,F0,5.00,28.2723,27.2312,27.1608,5.0788,-0.0788,0.2855,0,0.0000
449.0,F0,5.00,28.2777,27.2305,27.1608,5.0788,-0.0788,0.2855,0,0.0000
450.0,F0,5.00,28.2821,27.2290,27.1606,5.0786,-0.0786,0.2855,0,0.0000
451.0,F1,10.00,28.2864,27.2302,27.1597,5.0777,4.9223,0.2855,0,0.0000
452.0,F1,10.00,28.2801,27.2283,27.1610,5.0790,4.9210,0.2855,0,0.0000
453.0,F1,10.00,28.2754,27.2219,27.1562,5.0742,4.9258,0.2855,0,0.0000
454.0,F1,10.00,28.2737,27.2228,27.1530,5.0710,4.9290,0.2855,0,0.0000
455.0,F1,10.00,28.2785,27.2230,27.1548,5.0728,4.9272,0.2855,0,0.0000
456.0,F1,10.00,28.2744,27.2227,27.1574,5.0754,4.9246,0.2855,0,0.0000
457.0,F1,10.00,28.2672,27.2264,27.1584,5.0764,4.9236,0.2855,0,0.0000
458.0,F1,10.00,28.2624,27.2210,27.1580,5.0760,4.9240,0.2855,0,0.0000
459.0,F1,10.00,28.2675,27.2252,27.1616,5.0796,4.9204,0.2855,0,0.0000
460.0,F1,10.00,28.2766,27.2347,27.1680,5.0860,4.9140,1.0000,1,0.0000
461.0,F1,10.00,28.2874,27.2381,27.1700,5.0880,4.9120,1.0000,1,0.0000
462.0,F1,10.00,28.2974,27.2451,27.1649,5.0829,4.9171,1.0000,1,0.0000
463.0,F1,10.00,28.3075,27.2500,27.1655,5.0835,4.9165,1.0000,1,0.0000
464.0,F1,10.00,28.3141,27.2563,27.1634,5.0814,4.9186,1.0000,1,0.0000
465.0,F1,10.00,28.3255,27.2584,27.1620,5.0800,4.9200,1.0000,1,0.0000
466.0,F1,10.00,28.3418,27.2594,27.1655,5.0835,4.9165,1.0000,1,0.0000
467.0,F1,10.00,28.3636,27.2657,27.1678,5.0858,4.9142,1.0000,1,0.0000
468.0,F1,10.00,28.3903,27.2668,27.1664,5.0844,4.9156,1.0000,1,0.0000
469.0,F1,10.00,28.4111,27.2621,27.1612,5.0792,4.9208,1.0000,1,0.0000
470.0,F1,10.00,28.4356,27.2626,27.1558,5.0738,4.9262,1.0000,1,0.0000
471.0,F1,10.00,28.4683,27.2598,27.1493,5.0673,4.9327,1.0000,1,0.0000
472.0,F1,10.00,28.4994,27.2592,27.1468,5.0648,4.9352,1.0000,1,0.0000
473.0,F1,10.00,28.5403,27.2650,27.1461,5.0641,4.9359,1.0000,1,0.0000
474.0,F1,10.00,28.5916,27.2714,27.1468,5.0648,4.9352,1.0000,1,0.0000
475.0,F1,10.00,28.6427,27.2799,27.1460,5.0640,4.9360,1.0000,1,0.0000
476.0,F1,10.00,28.6914,27.2874,27.1595,5.0775,4.9225,1.0000,1,0.0000
477.0,F1,10.00,28.7496,27.2987,27.1605,5.0785,4.9215,1.0000,1,0.0000
478.0,F1,10.00,28.8112,27.3116,27.1593,5.0773,4.9227,1.0000,1,0.0000
479.0,F1,10.00,28.8757,27.3232,27.1612,5.0792,4.9208,1.0000,1,0.0000
480.0,F1,10.00,28.9361,27.3437,27.1670,5.0850,4.9150,1.0000,1,0.0000
481.0,F1,10.00,28.9973,27.3616,27.1735,5.0915,4.9085,1.0000,1,0.0000
482.0,F1,10.00,29.0594,27.3825,27.1907,5.1087,4.8913,1.0000,1,0.0000
483.0,F1,10.00,29.1226,27.4063,27.2003,5.1183,4.8817,1.0000,1,0.0000
484.0,F1,10.00,29.1916,27.4316,27.2080,5.1260,4.8740,1.0000,1,0.0000
485.0,F1,10.00,29.2612,27.4561,27.2134,5.1314,4.8686,1.0000,1,0.0000
486.0,F1,10.00,29.3210,27.4789,27.2179,5.1359,4.8641,1.0000,1,0.0000
487.0,F1,10.00,29.3830,27.5013,27.2346,5.1526,4.8474,1.0000,1,0.0000
488.0,F1,10.00,29.4378,27.5229,27.2490,5.1670,4.8330,1.0000,1,0.0000
489.0,F1,10.00,29.4843,27.5486,27.2594,5.1774,4.8226,1.0000,1,0.0000
490.0,F1,10.00,29.5381,27.5715,27.2706,5.1886,4.8114,1.0000,1,0.0000
491.0,F1,10.00,29.5973,27.6019,27.2864,5.2044,4.7956,1.0000,1,0.0000
492.0,F1,10.00,29.6441,27.6254,27.2961,5.2141,4.7859,1.0000,1,0.0000
493.0,F1,10.00,29.7001,27.6503,27.3074,5.2254,4.7746,1.0000,1,0.0000
494.0,F1,10.00,29.7498,27.6702,27.3230,5.2410,4.7590,1.0000,1,0.0000
495.0,F1,10.00,29.8025,27.6937,27.3330,5.2510,4.7490,1.0000,1,0.0000
496.0,F1,10.00,29.8600,27.7213,27.3458,5.2638,4.7362,1.0000,1,0.0000
497.0,F1,10.00,29.9190,27.7500,27.3612,5.2792,4.7208,1.0000,1,0.0000
498.0,F1,10.00,29.9746,27.7771,27.3749,5.2929,4.7071,1.0000,1,0.0000
499.0,F1,10.00,30.0339,27.8040,27.3862,5.3042,4.6958,1.0000,1,0.0000
500.0,F1,10.00,30.0898,27.8310,27.4021,5.3201,4.6799,1.0000,1,0.0000
501.0,F1,10.00,30.1414,27.8618,27.4371,5.3551,4.6449,1.0000,1,0.0000
502.0,F1,10.00,30.1979,27.8944,27.4536,5.3716,4.6284,1.0000,1,0.0000
503.0,F1,10.00,30.2524,27.9240,27.4706,5.3886,4.6114,1.0000,1,0.0000
504.0,F1,10.00,30.3113,27.9568,27.4899,5.4079,4.5921,1.0000,1,0.0000
505.0,F1,10.00,30.3696,27.9900,27.5114,5.4294,4.5706,1.0000,1,0.0000
506.0,F1,10.00,30.4438,28.0269,27.5350,5.4530,4.5470,1.0000,1,0.0000
507.0,F1,10.00,30.5080,28.0635,27.5670,5.4850,4.5150,1.0000,1,0.0000
508.0,F1,10.00,30.5669,28.0993,27.5912,5.5092,4.4908,1.0000,1,0.0000
509.0,F1,10.00,30.6239,28.1333,27.6133,5.5312,4.4687,1.0000,1,0.0000
510.0,F1,10.00,30.6776,28.1692,27.6354,5.5534,4.4466,0.9872,1,0.0000
511.0,F1,10.00,30.7253,28.2059,27.6576,5.5756,4.4244,0.9872,1,0.0000
512.0,F1,10.00,30.7681,28.2354,27.6862,5.6042,4.3958,0.9872,1,0.0000
513.0,F1,10.00,30.8129,28.2682,27.7147,5.6327,4.3673,0.9872,1,0.0000
514.0,F1,10.00,30.8640,28.3029,27.7592,5.6772,4.3228,0.9872,1,0.0000
515.0,F1,10.00,30.9117,28.3335,27.7867,5.7047,4.2953,0.9872,1,0.0000
516.0,F1,10.00,30.9577,28.3632,27.8117,5.7297,4.2703,0.9872,1,0.0000
517.0,F1,10.00,31.0031,28.3897,27.8345,5.7525,4.2475,0.9872,1,0.0000
518.0,F1,10.00,31.0371,28.4169,27.8631,5.7811,4.2189,0.9872,1,0.0000
519.0,F1,10.00,31.0744,28.4499,27.8903,5.8083,4.1917,0.9872,1,0.0000
520.0,F1,10.00,31.1207,28.4865,27.9170,5.8350,4.1650,0.9246,1,0.0000
521.0,F1,10.00,31.1775,28.5286,27.9407,5.8587,4.1413,0.9246,1,0.0000
522.0,F1,10.00,31.2364,28.5650,27.9500,5.8680,4.1320,0.9246,1,0.0000
523.0,F1,10.00,31.2778,28.5954,27.9716,5.8896,4.1104,0.9246,1,0.0000
524.0,F1,10.00,31.3123,28.6218,27.9913,5.9093,4.0907,0.9246,1,0.0000
525.0,F1,10.00,31.3548,28.6504,28.0127,5.9307,4.0693,0.9246,1,0.0000
526.0,F1,10.00,31.3947,28.6824,28.0345,5.9525,4.0475,0.9246,1,0.0000
527.0,F1,10.00,31.4376,28.7120,28.0593,5.9773,4.0227,0.9246,1,0.0000
528.0,F1,10.00,31.4973,28.7467,28.0885,6.0065,3.9935,0.9246,1,0.0000
529.0,F1,10.00,31.5518,28.7833,28.1214,6.0394,3.9606,0.9246,1,0.0000
530.0,F1,10.00,31.5948,28.8196,28.1699,6.0879,3.9121,0.8685,1,0.0000
531.0,F1,10.00,31.6329,28.8538,28.2032,6.1212,3.8788,0.8685,1,0.0000
532.0,F1,10.00,31.6815,28.8949,28.2333,6.1513,3.8487,0.8685,1,0.0000
533.0,F1,10.00,31.7252,28.9388,28.2637,6.1817,3.8183,0.8685,1,0.0000
534.0,F1,10.00,31.7719,28.9821,28.2962,6.2142,3.7858,0.8685,1,0.0000
535.0,F1,10.00,31.8192,29.0249,28.3248,6.2428,3.7572,0.8685,1,0.0000
536.0,F1,10.00,31.8657,29.0663,28.3584,6.2764,3.7236,0.8685,1,0.0000
537.0,F1,10.00,31.9105,29.0985,28.3900,6.3080,3.6920,0.8685,1,0.0000
538.0,F1,10.00,31.9436,29.1279,28.4209,6.3389,3.6611,0.8685,1,0.0000
539.0,F1,10.00,31.9731,29.1576,28.4593,6.3773,3.6227,0.8685,1,0.0000
540.0,F1,10.00,32.0007,29.1914,28.4908,6.4088,3.5912,0.7972,1,0.0000
541.0,F1,10.00,32.0331,29.2292,28.5260,6.4440,3.5560,0.7972,1,0.0000
542.0,F1,10.00,32.0790,29.2681,28.5616,6.4796,3.5204,0.7972,1,0.0000
543.0,F1,10.00,32.1223,29.3056,28.5965,6.5145,3.4855,0.7972,1,0.0000
544.0,F1,10.00,32.1671,29.3454,28.6335,6.5515,3.4485,0.7972,1,0.0000
545.0,F1,10.00,32.2194,29.3864,28.6667,6.5847,3.4153,0.7972,1,0.0000
546.0,F1,10.00,32.2680,29.4273,28.7018,6.6198,3.3802,0.7972,1,0.0000
547.0,F1,10.00,32.3176,29.4598,28.7355,6.6535,3.3465,0.7972,1,0.0000
548.0,F1,10.00,32.3594,29.4894,28.7769,6.6949,3.3051,0.7972,1,0.0000
549.0,F1,10.00,32.3866,29.5229,28.8076,6.7256,3.2744,0.7972,1,0.0000
550.0,F1,10.00,32.4055,29.5509,28.8382,6.7562,3.2438,0.7201,1,0.0000
551.0,F1,10.00,32.4272,29.5742,28.8616,6.7796,3.2204,0.7201,1,0.0000
552.0,F1,10.00,32.4443,29.5913,28.8826,6.8006,3.1994,0.7201,1,0.0000
553.0,F1,10.00,32.4591,29.6086,28.9081,6.8261,3.1739,0.7201,1,0.0000
554.0,F1,10.00,32.4850,29.6358,28.9326,6.8506,3.1494,0.7201,1,0.0000
555.0,F1,10.00,32.5138,29.6637,28.9592,6.8772,3.1228,0.7201,1,0.0000
556.0,F1,10.00,32.5283,29.6867,28.9858,6.9038,3.0962,0.7201,1,0.0000
557.0,F1,10.00,32.5367,29.7122,29.0179,6.9359,3.0641,0.7201,1,0.0000
558.0,F1,10.00,32.5501,29.7384,29.0429,6.9609,3.0391,0.7201,1,0.0000
559.0,F1,10.00,32.5728,29.7700,29.0760,6.9940,3.0060,0.7201,1,0.0000
560.0,F1,10.00,32.6006,29.8026,29.1064,7.0244,2.9756,0.6606,1,0.0000
561.0,F1,10.00,32.6174,29.8420,29.1409,7.0589,2.9411,0.6606,1,0.0000
562.0,F1,10.00,32.6456,29.8763,29.1755,7.0935,2.9065,0.6606,1,0.0000
563.0,F1,10.00,32.6788,29.9089,29.2062,7.1242,2.8758,0.6606,1,0.0000
564.0,F1,10.00,32.7057,29.9367,29.2385,7.1565,2.8435,0.6606,1,0.0000
565.0,F1,10.00,32.7282,29.9671,29.2638,7.1818,2.8182,0.6606,1,0.0000
566.0,F1,10.00,32.7496,29.9917,29.2916,7.2096,2.7904,0.6606,1,0.0000
567.0,F1,10.00,32.7683,30.0135,29.3198,7.2378,2.7622,0.6606,1,0.0000
568.0,F1,10.00,32.7823,30.0381,29.3524,7.2704,2.7296,0.6606,1,0.0000
569.0,F1,10.00,32.7923,30.0628,29.3786,7.2966,2.7034,0.6606,1,0.0000
570.0,F1,10.00,32.8002,30.0767,29.3961,7.3141,2.6859,0.5963,1,0.0000
571.0,F1,10.00,32.8026,30.0921,29.4105,7.3285,2.6715,0.5963,1,0.0000
572.0,F1,10.00,32.8104,30.1073,29.4310,7.3490,2.6510,0.5963,1,0.0000
573.0,F1,10.00,32.8147,30.1257,29.4536,7.3716,2.6284,0.5963,1,0.0000
574.0,F1,10.00,32.8214,30.1442,29.4784,7.3964,2.6036,0.5963,1,0.0000
575.0,F1,10.00,32.8281,30.1638,29.5017,7.4197,2.5803,0.5963,1,0.0000
576.0,F1,10.00,32.8327,30.1812,29.5240,7.4420,2.5580,0.5963,1,0.0000
577.0,F1,10.00,32.8272,30.1889,29.5381,7.4561,2.5439,0.5963,1,0.0000
578.0,F1,10.00,32.8288,30.1996,29.5550,7.4730,2.5270,0.5963,1,0.0000
579.0,F1,10.00,32.8316,30.2145,29.5735,7.4915,2.5085,0.5963,1,0.0000
580.0,F1,10.00,32.8206,30.2252,29.5867,7.5047,2.4953,0.5539,1,0.0000
581.0,F1,10.00,32.8052,30.2295,29.5996,7.5176,2.4824,0.5539,1,0.0000
582.0,F1,10.00,32.7918,30.2329,29.6126,7.5306,2.4694,0.5539,1,0.0000
583.0,F1,10.00,32.7929,30.2438,29.6349,7.5529,2.4471,0.5539,1,0.0000
584.0,F1,10.00,32.7932,30.2544,29.6532,7.5712,2.4288,0.5539,1,0.0000
585.0,F1,10.00,32.7920,30.2672,29.6765,7.5945,2.4055,0.5539,1,0.0000
586.0,F1,10.00,32.7899,30.2809,29.6967,7.6147,2.3853,0.5539,1,0.0000
587.0,F1,10.00,32.7859,30.2919,29.7161,7.6341,2.3659,0.5539,1,0.0000
588.0,F1,10.00,32.7821,30.3042,29.7408,7.6588,2.3412,0.5539,1,0.0000
589.0,F1,10.00,32.7786,30.3160,29.7669,7.6849,2.3151,0.5539,1,0.0000
590.0,F1,10.00,32.7875,30.3307,29.7937,7.7117,2.2883,0.5080,1,0.0000
591.0,F1,10.00,32.7948,30.3469,29.8187,7.7367,2.2633,0.5080,1,0.0000
592.0,F1,10.00,32.8075,30.3631,29.8408,7.7588,2.2412,0.5080,1,0.0000
593.0,F1,10.00,32.8243,30.3862,29.8627,7.7807,2.2193,0.5080,1,0.0000
594.0,F1,10.00,32.8370,30.4097,29.8863,7.8043,2.1957,0.5080,1,0.0000
595.0,F1,10.00,32.8480,30.4340,29.9104,7.8284,2.1716,0.5080,1,0.0000
596.0,F1,10.00,32.8566,30.4529,29.9318,7.8498,2.1502,0.5080,1,0.0000
597.0,F1,10.00,32.8646,30.4698,29.9589,7.8769,2.1231,0.5080,1,0.0000
598.0,F1,10.00,32.8745,30.4951,29.9832,7.9012,2.0988,0.5080,1,0.0000
599.0,F1,10.00,32.8841,30.5171,30.0030,7.9210,2.0790,0.5080,1,0.0000
600.0,F1,10.00,32.8926,30.5334,30.0233,7.9413,2.0587,0.4570,1,0.0000
601.0,F1,10.00,32.8926,30.5523,30.0443,7.9623,2.0377,0.4570,1,0.0000
602.0,F1,10.00,32.8965,30.5647,30.0634,7.9814,2.0186,0.4570,1,0.0000
603.0,F1,10.00,32.8966,30.5697,30.0808,7.9988,2.0012,0.4570,1,0.0000
604.0,F1,10.00,32.8955,30.5777,30.0941,8.0121,1.9879,0.4570,1,0.0000
605.0,F1,10.00,32.8919,30.5844,30.1026,8.0206,1.9794,0.4570,1,0.0000
606.0,F1,10.00,32.8828,30.5851,30.1094,8.0274,1.9726,0.4570,1,0.0000
607.0,F1,10.00,32.8722,30.5883,30.1178,8.0358,1.9642,0.4570,1,0.0000
608.0,F1,10.00,32.8640,30.5986,30.1348,8.0528,1.9472,0.4570,1,0.0000
609.0,F1,10.00,32.8631,30.6115,30.1549,8.0729,1.9271,0.4570,1,0.0000
610.0,F1,10.00,32.8637,30.6290,30.1772,8.0952,1.9048,0.4229,1,0.0000
611.0,F1,10.00,32.8652,30.6460,30.1975,8.1155,1.8845,0.4229,1,0.0000
612.0,F1,10.00,32.8559,30.6568,30.2181,8.1361,1.8639,0.4229,1,0.0000
613.0,F1,10.00,32.8453,30.6599,30.2304,8.1484,1.8516,0.4229,1,0.0000
614.0,F1,10.00,32.8351,30.6634,30.2445,8.1625,1.8375,0.4229,1,0.0000
615.0,F1,10.00,32.8311,30.6710,30.2589,8.1769,1.8231,0.4229,1,0.0000
616.0,F1,10.00,32.8293,30.6797,30.2766,8.1946,1.8054,0.4229,1,0.0000
617.0,F1,10.00,32.8162,30.6884,30.2924,8.2104,1.7896,0.4229,1,0.0000
618.0,F1,10.00,32.7981,30.6907,30.3031,8.2211,1.7789,0.4229,1,0.0000
619.0,F1,10.00,32.7808,30.6900,30.3086,8.2266,1.7734,0.4229,1,0.0000
620.0,F1,10.00,32.7626,30.6873,30.3165,8.2345,1.7655,0.3919,1,0.0000
621.0,F1,10.00,32.7501,30.6884,30.3211,8.2391,1.7609,0.3919,1,0.0000
622.0,F1,10.00,32.7381,30.6863,30.3240,8.2420,1.7580,0.3919,1,0.0000
623.0,F1,10.00,32.7298,30.6849,30.3302,8.2482,1.7518,0.3919,1,0.0000
624.0,F1,10.00,32.7189,30.6895,30.3451,8.2631,1.7369,0.3919,1,0.0000
625.0,F1,10.00,32.7150,30.6982,30.3594,8.2774,1.7226,0.3919,1,0.0000
626.0,F1,10.00,32.7115,30.7028,30.3735,8.2915,1.7085,0.3919,1,0.0000
627.0,F1,10.00,32.7006,30.7090,30.3819,8.2999,1.7001,0.3919,1,0.0000
628.0,F1,10.00,32.6886,30.7112,30.3935,8.3115,1.6885,0.3919,1,0.0000
629.0,F1,10.00,32.6810,30.7121,30.3987,8.3167,1.6833,0.3919,1,0.0000
630.0,F1,10.00,32.6731,30.7134,30.4124,8.3304,1.6696,0.3706,1,0.0000
631.0,F1,10.00,32.6660,30.7220,30.4239,8.3419,1.6581,0.3706,1,0.0000
632.0,F1,10.00,32.6622,30.7260,30.4345,8.3525,1.6475,0.3706,1,0.0000
633.0,F1,10.00,32.6583,30.7280,30.4468,8.3648,1.6352,0.3706,1,0.0000
634.0,F1,10.00,32.6547,30.7297,30.4525,8.3705,1.6295,0.3706,1,0.0000
635.0,F1,10.00,32.6515,30.7362,30.4600,8.3780,1.6220,0.3706,1,0.0000
636.0,F1,10.00,32.6464,30.7391,30.4712,8.3892,1.6108,0.3706,0,0.0000
637.0,F1,10.00,32.6358,30.7441,30.4831,8.4011,1.5989,0.3706,0,0.0000
638.0,F1,10.00,32.6349,30.7512,30.4926,8.4106,1.5894,0.3706,0,0.0000
639.0,F1,10.00,32.6264,30.7581,30.5000,8.4180,1.5820,0.3706,0,0.0000
640.0,F1,10.00,32.6192,30.7626,30.5020,8.4200,1.5800,0.3508,0,0.0000
641.0,F1,10.00,32.6134,30.7737,30.5144,8.4324,1.5676,0.3508,0,0.0000
642.0,F1,10.00,32.6086,30.7766,30.5259,8.4439,1.5561,0.3508,0,0.0000
643.0,F1,10.00,32.6043,30.7817,30.5328,8.4508,1.5492,0.3508,0,0.0000
644.0,F1,10.00,32.5988,30.7863,30.5444,8.4624,1.5376,0.3508,0,0.0000
645.0,F1,10.00,32.5898,30.7904,30.5493,8.4673,1.5327,0.3508,0,0.0000
646.0,F1,10.00,32.5811,30.7901,30.5576,8.4756,1.5244,0.3508,0,0.0000
647.0,F1,10.00,32.5696,30.7913,30.5634,8.4814,1.5186,0.3508,0,0.0000
648.0,F1,10.00,32.5508,30.7870,30.5676,8.4856,1.5144,0.3508,0,0.0000
649.0,F1,10.00,32.5263,30.7784,30.5663,8.4843,1.5157,0.3508,0,0.0000
650.0,F1,10.00,32.5073,30.7725,30.5664,8.4844,1.5156,0.3365,0,0.0000
651.0,F1,10.00,32.4917,30.7678,30.5669,8.4849,1.5151,0.3365,0,0.0000
652.0,F1,10.00,32.4709,30.7625,30.5697,8.4877,1.5123,0.3365,0,0.0000
653.0,F1,10.00,32.4530,30.7578,30.5717,8.4897,1.5103,0.3365,0,0.0000
654.0,F1,10.00,32.4333,30.7506,30.5685,8.4865,1.5135,0.3365,0,0.0000
655.0,F1,10.00,32.4192,30.7437,30.5678,8.4858,1.5142,0.3365,0,0.0000
656.0,F1,10.00,32.4073,30.7367,30.5649,8.4829,1.5171,0.3365,0,0.0000
657.0,F1,10.00,32.3944,30.7308,30.5638,8.4818,1.5182,0.3365,0,0.0000
658.0,F1,10.00,32.3844,30.7260,30.5632,8.4812,1.5188,0.3365,0,0.0000
659.0,F1,10.00,32.3650,30.7223,30.5644,8.4824,1.5176,0.3365,0,0.0000
660.0,F1,10.00,32.3558,30.7151,30.5616,8.4796,1.5204,0.3375,0,0.0000
661.0,F1,10.00,32.3406,30.7052,30.5574,8.4754,1.5246,0.3375,0,0.0000
662.0,F1,10.00,32.3279,30.6981,30.5538,8.4718,1.5282,0.3375,0,0.0000
663.0,F1,10.00,32.3109,30.6911,30.5411,8.4591,1.5409,0.3375,0,0.0000
664.0,F1,10.00,32.2928,30.6856,30.5353,8.4533,1.5467,0.3375,0,0.0000
665.0,F1,10.00,32.2796,30.6751,30.5349,8.4529,1.5471,0.3375,0,0.0000
666.0,F1,10.00,32.2672,30.6642,30.5247,8.4427,1.5573,0.3375,0,0.0000
667.0,F1,10.00,32.2575,30.6566,30.5222,8.4402,1.5598,0.3375,0,0.0000
668.0,F1,10.00,32.2510,30.6503,30.5172,8.4352,1.5648,0.3375,0,0.0000
669.0,F1,10.00,32.2422,30.6471,30.5160,8.4340,1.5660,0.3375,0,0.0000
670.0,F1,10.00,32.2308,30.6436,30.5132,8.4312,1.5688,0.3483,0,0.0000
671.0,F1,10.00,32.2210,30.6375,30.5076,8.4256,1.5744,0.3483,0,0.0000
672.0,F1,10.00,32.2069,30.6273,30.5052,8.4232,1.5768,0.3483,0,0.0000
673.0,F1,10.00,32.1901,30.6246,30.5009,8.4189,1.5811,0.3483,0,0.0000
674.0,F1,10.00,32.1737,30.6142,30.4973,8.4153,1.5847,0.3483,0,0.0000
675.0,F1,10.00,32.1584,30.6069,30.4908,8.4088,1.5912,0.3483,0,0.0000
676.0,F1,10.00,32.1437,30.5987,30.4817,8.3997,1.6003,0.3483,0,0.0000
677.0,F1,10.00,32.1282,30.5901,30.4727,8.3907,1.6093,0.3483,0,0.0000
678.0,F1,10.00,32.1140,30.5794,30.4652,8.3832,1.6168,0.3483,0,0.0000
679.0,F1,10.00,32.0925,30.5700,30.4591,8.3771,1.6229,0.3483,0,0.0000
680.0,F1,10.00,32.0682,30.5606,30.4516,8.3696,1.6304,0.3619,0,0.0000
681.0,F1,10.00,32.0493,30.5468,30.4453,8.3633,1.6367,0.3619,0,0.0000
682.0,F1,10.00,32.0283,30.5298,30.4338,8.3518,1.6482,0.3619,0,0.0000
683.0,F1,10.00,32.0108,30.5138,30.4196,8.3376,1.6624,0.3619,0,0.0000
684.0,F1,10.00,31.9906,30.4984,30.4111,8.3291,1.6709,0.3619,0,0.0000
685.0,F1,10.00,31.9706,30.4847,30.4025,8.3205,1.6795,0.3619,0,0.0000
686.0,F1,10.00,31.9584,30.4738,30.3929,8.3109,1.6891,0.3619,0,0.0000
687.0,F1,10.00,31.9471,30.4649,30.3831,8.3011,1.6989,0.3619,0,0.0000
688.0,F1,10.00,31.9367,30.4603,30.3748,8.2928,1.7072,0.3619,0,0.0000
689.0,F1,10.00,31.9269,30.4529,30.3730,8.2910,1.7090,0.3619,0,0.0000
690.0,F1,10.00,31.9174,30.4462,30.3710,8.2890,1.7110,0.3798,0,0.0000
691.0,F1,10.00,31.9048,30.4387,30.3676,8.2856,1.7144,0.3798,0,0.0000
692.0,F1,10.00,31.8952,30.4313,30.3694,8.2874,1.7126,0.3798,0,0.0000
693.0,F1,10.00,31.8875,30.4239,30.3673,8.2853,1.7147,0.3798,0,0.0000
694.0,F1,10.00,31.8816,30.4166,30.3646,8.2826,1.7174,0.3798,0,0.0000
695.0,F1,10.00,31.8730,30.4136,30.3648,8.2828,1.7172,0.3798,0,0.0000
696.0,F1,10.00,31.8636,30.4065,30.3635,8.2815,1.7185,0.3798,0,0.0000
697.0,F1,10.00,31.8542,30.4020,30.3586,8.2766,1.7234,0.3798,0,0.0000
698.0,F1,10.00,31.8477,30.3973,30.3542,8.2722,1.7278,0.3798,0,0.0000
699.0,F1,10.00,31.8417,30.3935,30.3499,8.2679,1.7321,0.3798,0,0.0000
700.0,F1,10.00,31.8329,30.3846,30.3415,8.2595,1.7405,0.3864,0,0.0000
701.0,F1,10.00,31.8266,30.3796,30.3394,8.2574,1.7426,0.3864,0,0.0000
702.0,F1,10.00,31.8181,30.3719,30.3348,8.2528,1.7472,0.3864,0,0.0000
703.0,F1,10.00,31.8095,30.3669,30.3306,8.2486,1.7514,0.3864,0,0.0000
704.0,F1,10.00,31.8043,30.3618,30.3235,8.2415,1.7585,0.3864,0,0.0000
705.0,F1,10.00,31.7988,30.3556,30.3159,8.2339,1.7661,0.3864,0,0.0000
706.0,F1,10.00,31.7935,30.3522,30.3129,8.2309,1.7691,0.3864,0,0.0000
707.0,F1,10.00,31.7888,30.3430,30.3065,8.2245,1.7755,0.3864,0,0.0000
708.0,F1,10.00,31.7815,30.3368,30.3034,8.2214,1.7786,0.3864,0,0.0000
709.0,F1,10.00,31.7741,30.3307,30.2967,8.2147,1.7853,0.3864,0,0.0000
710.0,F1,10.00,31.7623,30.3234,30.2857,8.2037,1.7963,0.3988,0,0.0000
711.0,F1,10.00,31.7517,30.3159,30.2731,8.1911,1.8089,0.3988,0,0.0000
712.0,F1,10.00,31.7405,30.3063,30.2637,8.1817,1.8183,0.3988,0,0.0000
713.0,F1,10.00,31.7257,30.2962,30.2576,8.1756,1.8244,0.3988,0,0.0000
714.0,F1,10.00,31.7138,30.2822,30.2484,8.1664,1.8336,0.3988,0,0.0000
715.0,F1,10.00,31.7017,30.2711,30.2394,8.1574,1.8426,0.3988,0,0.0000
716.0,F1,10.00,31.6955,30.2623,30.2287,8.1467,1.8533,0.3988,0,0.0000
717.0,F1,10.00,31.6827,30.2490,30.2172,8.1352,1.8648,0.3988,0,0.0000
718.0,F1,10.00,31.6641,30.2402,30.2056,8.1236,1.8764,0.3988,0,0.0000
719.0,F1,10.00,31.6489,30.2286,30.1954,8.1134,1.8866,0.3988,0,0.0000
720.0,F1,10.00,31.6397,30.2192,30.1820,8.1000,1.9000,0.4218,0,0.0000
721.0,F1,10.00,31.6275,30.2041,30.1680,8.0860,1.9140,0.4218,0,0.0000
722.0,F1,10.00,31.6121,30.1934,30.1588,8.0768,1.9232,0.4218,0,0.0000
723.0,F1,10.00,31.5929,30.1786,30.1452,8.0632,1.9368,0.4218,0,0.0000
724.0,F1,10.00,31.5801,30.1696,30.1281,8.0461,1.9539,0.4218,0,0.0000
725.0,F1,10.00,31.5672,30.1592,30.1059,8.0239,1.9761,0.4218,0,0.0000
726.0,F1,10.00,31.5501,30.1489,30.0922,8.0102,1.9898,0.4218,0,0.0000
727.0,F1,10.00,31.5415,30.1422,30.0863,8.0043,1.9957,0.4218,0,0.0000
728.0,F1,10.00,31.5396,30.1359,30.0764,7.9944,2.0056,0.4218,0,0.0000
729.0,F1,10.00,31.5360,30.1313,30.0710,7.9890,2.0110,0.4218,0,0.0000
730.0,F1,10.00,31.5323,30.1239,30.0615,7.9795,2.0205,0.4485,0,0.0000
731.0,F1,10.00,31.5295,30.1174,30.0557,7.9737,2.0263,0.4485,0,0.0000
732.0,F1,10.00,31.5198,30.1115,30.0483,7.9663,2.0337,0.4485,0,0.0000
733.0,F1,10.00,31.5148,30.1056,30.0403,7.9583,2.0417,0.4485,0,0.0000
734.0,F1,10.00,31.5127,30.1017,30.0324,7.9504,2.0496,0.4485,0,0.0000
735.0,F1,10.00,31.5130,30.0971,30.0255,7.9435,2.0565,0.4485,0,0.0000
736.0,F1,10.00,31.5091,30.0893,30.0183,7.9363,2.0637,0.4485,0,0.0000
737.0,F1,10.00,31.5038,30.0800,30.0096,7.9276,2.0724,0.4485,0,0.0000
738.0,F1,10.00,31.4951,30.0699,29.9990,7.9170,2.0830,0.4485,0,0.0000
739.0,F1,10.00,31.4907,30.0605,29.9884,7.9064,2.0936,0.4485,0,0.0000
740.0,F1,10.00,31.4840,30.0552,29.9803,7.8983,2.1017,0.4666,0,0.0000
741.0,F1,10.00,31.4791,30.0460,29.9747,7.8927,2.1073,0.4666,0,0.0000
742.0,F1,10.00,31.4740,30.0377,29.9660,7.8840,2.1160,0.4666,0,0.0000
743.0,F1,10.00,31.4676,30.0291,29.9552,7.8732,2.1268,0.4666,1,0.0000
744.0,F1,10.00,31.4568,30.0187,29.9460,7.8640,2.1360,0.4666,1,0.0000
745.0,F1,10.00,31.4498,30.0082,29.9338,7.8518,2.1482,0.4666,1,0.0000
746.0,F1,10.00,31.4453,29.9975,29.9209,7.8389,2.1611,0.4666,1,0.0000
747.0,F1,10.00,31.4395,29.9875,29.9095,7.8275,2.1725,0.4666,1,0.0000
748.0,F1,10.00,31.4291,29.9763,29.8956,7.8136,2.1864,0.4666,1,0.0000
749.0,F1,10.00,31.4190,29.9639,29.8840,7.8020,2.1980,0.4666,1,0.0000
750.0,F1,10.00,31.4080,29.9527,29.8703,7.7883,2.2117,0.4910,1,0.0000
751.0,F1,10.00,31.4034,29.9429,29.8612,7.7792,2.2208,0.4910,1,0.0000
752.0,F1,10.00,31.3973,29.9366,29.8547,7.7727,2.2273,0.4910,1,0.0000
753.0,F1,10.00,31.3889,29.9285,29.8389,7.7569,2.2431,0.4910,1,0.0000
754.0,F1,10.00,31.3828,29.9178,29.8235,7.7415,2.2585,0.4910,1,0.0000
755.0,F1,10.00,31.3846,29.9116,29.8188,7.7368,2.2632,0.4910,1,0.0000
756.0,F1,10.00,31.3914,29.9099,29.8183,7.7363,2.2637,0.4910,1,0.0000
757.0,F1,10.00,31.4007,29.9096,29.8176,7.7356,2.2644,0.4910,1,0.0000
758.0,F1,10.00,31.4107,29.9097,29.8174,7.7354,2.2646,0.4910,1,0.0000
759.0,F1,10.00,31.4132,29.9080,29.8151,7.7331,2.2669,0.4910,1,0.0000
760.0,F1,10.00,31.4161,29.9040,29.8101,7.7281,2.2719,0.5044,1,0.0000
761.0,F1,10.00,31.4187,29.9003,29.8024,7.7204,2.2796,0.5044,1,0.0000
762.0,F1,10.00,31.4247,29.8976,29.7950,7.7130,2.2870,0.5044,1,0.0000
763.0,F1,10.00,31.4294,29.8919,29.7831,7.7011,2.2989,0.5044,1,0.0000
764.0,F1,10.00,31.4290,29.8865,29.7713,7.6893,2.3107,0.5044,1,0.0000
765.0,F1,10.00,31.4285,29.8805,29.7617,7.6797,2.3203,0.5044,1,0.0000
766.0,F1,10.00,31.4302,29.8744,29.7550,7.6730,2.3270,0.5044,1,0.0000
767.0,F1,10.00,31.4322,29.8705,29.7497,7.6677,2.3323,0.5044,1,0.0000
768.0,F1,10.00,31.4337,29.8678,29.7471,7.6651,2.3349,0.5044,1,0.0000
769.0,F1,10.00,31.4370,29.8636,29.7457,7.6637,2.3363,0.5044,1,0.0000
770.0,F1,10.00,31.4369,29.8571,29.7362,7.6542,2.3458,0.5208,1,0.0000
771.0,F1,10.00,31.4413,29.8511,29.7245,7.6425,2.3575,0.5208,1,0.0000
772.0,F1,10.00,31.4421,29.8478,29.7147,7.6327,2.3673,0.5208,1,0.0000
773.0,F1,10.00,31.4482,29.8417,29.7003,7.6183,2.3817,0.5208,1,0.0000
774.0,F1,10.00,31.4530,29.8365,29.6903,7.6083,2.3917,0.5208,1,0.0000
775.0,F1,10.00,31.4530,29.8360,29.6810,7.5990,2.4010,0.5208,1,0.0000
776.0,F1,10.00,31.4615,29.8356,29.6773,7.5953,2.4047,0.5208,1,0.0000
777.0,F1,10.00,31.4657,29.8378,29.6765,7.5945,2.4055,0.5208,1,0.0000
778.0,F1,10.00,31.4661,29.8351,29.6725,7.5905,2.4095,0.5208,1,0.0000
779.0,F1,10.00,31.4720,29.8291,29.6689,7.5869,2.4131,0.5208,1,0.0000
780.0,F1,10.00,31.4784,29.8263,29.6640,7.5820,2.4180,0.5368,1,0.0000
781.0,F1,10.00,31.4816,29.8253,29.6606,7.5786,2.4214,0.5368,1,0.0000
782.0,F1,10.00,31.4882,29.8227,29.6598,7.5778,2.4222,0.5368,1,0.0000
783.0,F1,10.00,31.4907,29.8201,29.6503,7.5683,2.4317,0.5368,1,0.0000
784.0,F1,10.00,31.4832,29.8088,29.6402,7.5582,2.4418,0.5368,1,0.0000
785.0,F1,10.00,31.4858,29.8036,29.6325,7.5505,2.4495,0.5368,1,0.0000
786.0,F1,10.00,31.4851,29.8007,29.6219,7.5399,2.4601,0.5368,1,0.0000
787.0,F1,10.00,31.4852,29.8012,29.6171,7.5351,2.4649,0.5368,1,0.0000
788.0,F1,10.00,31.4847,29.7987,29.6158,7.5338,2.4662,0.5368,1,0.0000
789.0,F1,10.00,31.4859,29.7984,29.6104,7.5284,2.4716,0.5368,1,0.0000
790.0,F1,10.00,31.4836,29.7986,29.6098,7.5278,2.4722,0.5488,1,0.0000
791.0,F1,10.00,31.4892,29.7957,29.6117,7.5297,2.4703,0.5488,1,0.0000
792.0,F1,10.00,31.4855,29.7951,29.6082,7.5262,2.4738,0.5488,1,0.0000
793.0,F1,10.00,31.4881,29.7930,29.6060,7.5240,2.4760,0.5488,1,0.0000
794.0,F1,10.00,31.4924,29.7879,29.6024,7.5204,2.4796,0.5488,1,0.0000
795.0,F1,10.00,31.4988,29.7871,29.6022,7.5202,2.4798,0.5488,1,0.0000
796.0,F1,10.00,31.5066,29.7899,29.6026,7.5206,2.4794,0.5488,1,0.0000
797.0,F1,10.00,31.5127,29.7946,29.6041,7.5221,2.4779,0.5488,1,0.0000
798.0,F1,10.00,31.5285,29.7984,29.6050,7.5230,2.4770,0.5488,1,0.0000
799.0,F1,10.00,31.5372,29.8032,29.6080,7.5260,2.4740,0.5488,1,0.0000
800.0,F1,10.00,31.5537,29.8062,29.6133,7.5312,2.4687,0.5481,1,0.0000
801.0,F1,10.00,31.5633,29.8105,29.6166,7.5346,2.4654,0.5481,1,0.0000
802.0,F1,10.00,31.5657,29.8124,29.6196,7.5376,2.4624,0.5481,1,0.0000
803.0,F1,10.00,31.5673,29.8154,29.6168,7.5348,2.4652,0.5481,1,0.0000
804.0,F1,10.00,31.5721,29.8201,29.6190,7.5370,2.4630,0.5481,1,0.0000
805.0,F1,10.00,31.5749,29.8204,29.6216,7.5396,2.4604,0.5481,1,0.0000
806.0,F1,10.00,31.5774,29.8200,29.6215,7.5395,2.4605,0.5481,1,0.0000
807.0,F1,10.00,31.5775,29.8218,29.6172,7.5352,2.4648,0.5481,1,0.0000
808.0,F1,10.00,31.5714,29.8221,29.6194,7.5374,2.4626,0.5481,1,0.0000
809.0,F1,10.00,31.5786,29.8188,29.6202,7.5382,2.4618,0.5481,1,0.0000
810.0,F1,10.00,31.5799,29.8156,29.6164,7.5344,2.4656,0.5474,1,0.0000
811.0,F1,10.00,31.5767,29.8147,29.6094,7.5274,2.4726,0.5474,1,0.0000
812.0,F1,10.00,31.5803,29.8134,29.6133,7.5312,2.4687,0.5474,1,0.0000
813.0,F1,10.00,31.5878,29.8167,29.6203,7.5383,2.4617,0.5474,1,0.0000
814.0,F1,10.00,31.5921,29.8179,29.6213,7.5393,2.4607,0.5474,1,0.0000
815.0,F1,10.00,31.6003,29.8229,29.6228,7.5408,2.4592,0.5474,1,0.0000
816.0,F1,10.00,31.6058,29.8264,29.6245,7.5425,2.4575,0.5474,1,0.0000
817.0,F1,10.00,31.6078,29.8268,29.6232,7.5412,2.4588,0.5474,1,0.0000
818.0,F1,10.00,31.6027,29.8269,29.6220,7.5400,2.4600,0.5474,1,0.0000
819.0,F1,10.00,31.6017,29.8255,29.6195,7.5375,2.4625,0.5474,1,0.0000
820.0,F1,10.00,31.6050,29.8264,29.6174,7.5354,2.4646,0.5471,1,0.0000
821.0,F1,10.00,31.6045,29.8218,29.6162,7.5342,2.4658,0.5471,1,0.0000
822.0,F1,10.00,31.6077,29.8196,29.6170,7.5350,2.4650,0.5471,1,0.0000
823.0,F1,10.00,31.6047,29.8154,29.6137,7.5317,2.4683,0.5471,1,0.0000
824.0,F1,10.00,31.6034,29.8145,29.6115,7.5294,2.4706,0.5471,1,0.0000
825.0,F1,10.00,31.6034,29.8148,29.6110,7.5290,2.4710,0.5471,1,0.0000
826.0,F1,10.00,31.6065,29.8131,29.6123,7.5303,2.4697,0.5471,1,0.0000
827.0,F1,10.00,31.6109,29.8123,29.6098,7.5278,2.4722,0.5471,1,0.0000
828.0,F1,10.00,31.6166,29.8134,29.6099,7.5279,2.4721,0.5471,1,0.0000
829.0,F1,10.00,31.6172,29.8112,29.6082,7.5262,2.4738,0.5471,1,0.0000
830.0,F1,10.00,31.6187,29.8124,29.6065,7.5245,2.4755,0.5496,1,0.0000
831.0,F1,10.00,31.6186,29.8145,29.6072,7.5252,2.4748,0.5496,0,0.0000
832.0,F1,10.00,31.6191,29.8144,29.6061,7.5241,2.4759,0.5496,0,0.0000
833.0,F1,10.00,31.6206,29.8137,29.6035,7.5215,2.4785,0.5496,0,0.0000
834.0,F1,10.00,31.6229,29.8113,29.6034,7.5214,2.4786,0.5496,0,0.0000
835.0,F1,10.00,31.6266,29.8107,29.6032,7.5212,2.4788,0.5496,0,0.0000
836.0,F1,10.00,31.6232,29.8081,29.6012,7.5192,2.4808,0.5496,0,0.0000
837.0,F1,10.00,31.6295,29.8062,29.5961,7.5141,2.4859,0.5496,0,0.0000
838.0,F1,10.00,31.6362,29.8063,29.5904,7.5084,2.4916,0.5496,0,0.0000
839.0,F1,10.00,31.6352,29.8071,29.5845,7.5025,2.4975,0.5496,0,0.0000
840.0,F1,10.00,31.6394,29.8100,29.5836,7.5016,2.4984,0.5546,0,0.0000
841.0,F1,10.00,31.6470,29.8162,29.5796,7.4976,2.5024,0.5546,0,0.0000
842.0,F1,10.00,31.6514,29.8221,29.5824,7.5004,2.4996,0.5546,0,0.0000
843.0,F1,10.00,31.6528,29.8257,29.5856,7.5036,2.4964,0.5546,0,0.0000
844.0,F1,10.00,31.6511,29.8291,29.5883,7.5063,2.4937,0.5546,0,0.0000
845.0,F1,10.00,31.6563,29.8286,29.5913,7.5093,2.4907,0.5546,0,0.0000
846.0,F1,10.00,31.6552,29.8278,29.5916,7.5096,2.4904,0.5546,0,0.0000
847.0,F1,10.00,31.6590,29.8326,29.5920,7.5100,2.4900,0.5546,0,0.0000
848.0,F1,10.00,31.6631,29.8372,29.5927,7.5107,2.4893,0.5546,0,0.0000
849.0,F1,10.00,31.6714,29.8397,29.5943,7.5123,2.4877,0.5546,0,0.0000
850.0,F1,10.00,31.6767,29.8445,29.5982,7.5162,2.4838,0.5514,0,0.0000
# F1,method=6,r=10.00,t_phase=400,e_ss=2.390,IAE=1071.10,ISE=3325.89,TV=1.603,n_on=349,n_h=3141.0,t5=not_reached,c_p=-1.516,c_pp=3.411,E=449.2
851.0,F2,7.00,31.6845,29.8445,29.5941,7.5121,-0.5121,0.5514,0,0.0000
852.0,F2,7.00,31.6892,29.8471,29.5912,7.5092,-0.5092,0.5514,0,0.0000
853.0,F2,7.00,31.6887,29.8451,29.5865,7.5045,-0.5045,0.5514,0,0.0000
854.0,F2,7.00,31.6932,29.8436,29.5852,7.5032,-0.5032,0.5514,0,0.0000
855.0,F2,7.00,31.6921,29.8449,29.5835,7.5015,-0.5015,0.5514,0,0.0000
856.0,F2,7.00,31.6946,29.8428,29.5784,7.4964,-0.4964,0.5514,0,0.0000
857.0,F2,7.00,31.6901,29.8440,29.5804,7.4984,-0.4984,0.5514,0,0.0000
858.0,F2,7.00,31.6881,29.8441,29.5833,7.5013,-0.5013,0.5514,0,0.0000
859.0,F2,7.00,31.6860,29.8441,29.5836,7.5016,-0.5016,0.5514,0,0.0000
860.0,F2,7.00,31.6936,29.8440,29.5850,7.5030,-0.5030,0.0000,0,0.0000
861.0,F2,7.00,31.6956,29.8478,29.5855,7.5035,-0.5035,0.0000,0,0.0000
862.0,F2,7.00,31.6958,29.8508,29.5878,7.5058,-0.5058,0.0000,0,0.0000
863.0,F2,7.00,31.6999,29.8477,29.5875,7.5055,-0.5055,0.0000,0,0.0000
864.0,F2,7.00,31.6976,29.8542,29.5869,7.5049,-0.5049,0.0000,0,0.0000
865.0,F2,7.00,31.6955,29.8546,29.5811,7.4991,-0.4991,0.0000,0,0.0000
866.0,F2,7.00,31.6923,29.8577,29.5793,7.4973,-0.4973,0.0000,0,0.0000
867.0,F2,7.00,31.6819,29.8604,29.5789,7.4969,-0.4969,0.0000,0,0.0000
868.0,F2,7.00,31.6656,29.8630,29.5865,7.5045,-0.5045,0.0000,0,0.0000
869.0,F2,7.00,31.6432,29.8672,29.5891,7.5070,-0.5070,0.0000,0,0.0000
870.0,F2,7.00,31.6191,29.8724,29.5975,7.5155,-0.5155,0.0000,0,0.0000
871.0,F2,7.00,31.5920,29.8745,29.6037,7.5217,-0.5217,0.0000,0,0.0000
872.0,F2,7.00,31.5642,29.8745,29.6006,7.5186,-0.5186,0.0000,0,0.0000
873.0,F2,7.00,31.5310,29.8741,29.6002,7.5182,-0.5182,0.0000,0,0.0000
874.0,F2,7.00,31.4977,29.8701,29.6050,7.5230,-0.5230,0.0000,0,0.0000
875.0,F2,7.00,31.4601,29.8651,29.6057,7.5237,-0.5237,0.0000,0,0.0000
876.0,F2,7.00,31.4211,29.8591,29.6074,7.5254,-0.5254,0.0000,0,0.0000
877.0,F2,7.00,31.3831,29.8527,29.6093,7.5273,-0.5273,0.0000,0,0.0000
878.0,F2,7.00,31.3466,29.8457,29.6112,7.5292,-0.5292,0.0000,0,0.0000
879.0,F2,7.00,31.3055,29.8343,29.6137,7.5317,-0.5317,0.0000,0,0.0000
880.0,F2,7.00,31.2761,29.8251,29.6131,7.5311,-0.5311,0.0000,0,0.0000
881.0,F2,7.00,31.2349,29.8163,29.6142,7.5322,-0.5322,0.0000,0,0.0000
882.0,F2,7.00,31.1909,29.8028,29.6317,7.5497,-0.5497,0.0000,0,0.0000
883.0,F2,7.00,31.1514,29.7908,29.6328,7.5508,-0.5508,0.0000,0,0.0000
884.0,F2,7.00,31.1125,29.7763,29.6319,7.5499,-0.5499,0.0000,0,0.0000
885.0,F2,7.00,31.0765,29.7669,29.6312,7.5492,-0.5492,0.0000,0,0.0000
886.0,F2,7.00,31.0353,29.7591,29.6308,7.5488,-0.5488,0.0000,0,0.0000
887.0,F2,7.00,30.9987,29.7455,29.6281,7.5461,-0.5461,0.0000,0,0.0000
888.0,F2,7.00,30.9604,29.7321,29.6293,7.5473,-0.5473,0.0000,0,0.0000
889.0,F2,7.00,30.9202,29.7191,29.6280,7.5460,-0.5460,0.0000,0,0.0000
890.0,F2,7.00,30.8822,29.7020,29.6254,7.5434,-0.5434,0.0000,0,0.0000
891.0,F2,7.00,30.8416,29.6884,29.6170,7.5350,-0.5350,0.0000,0,0.0000
892.0,F2,7.00,30.8066,29.6702,29.6002,7.5182,-0.5182,0.0000,0,0.0000
893.0,F2,7.00,30.7687,29.6547,29.6007,7.5187,-0.5187,0.0000,0,0.0000
894.0,F2,7.00,30.7378,29.6412,29.5992,7.5172,-0.5172,0.0000,0,0.0000
895.0,F2,7.00,30.7030,29.6270,29.5963,7.5143,-0.5143,0.0000,0,0.0000
896.0,F2,7.00,30.6680,29.6092,29.5891,7.5071,-0.5071,0.0000,0,0.0000
897.0,F2,7.00,30.6295,29.5923,29.5819,7.4999,-0.4999,0.0000,0,0.0000
898.0,F2,7.00,30.5955,29.5771,29.5726,7.4906,-0.4906,0.0000,0,0.0000
899.0,F2,7.00,30.5551,29.5609,29.5640,7.4820,-0.4820,0.0000,0,0.0000
900.0,F2,7.00,30.5140,29.5398,29.5535,7.4715,-0.4715,0.0000,0,0.0000
901.0,F2,7.00,30.4701,29.5145,29.5424,7.4604,-0.4604,0.0000,0,0.0000
902.0,F2,7.00,30.4292,29.4956,29.5369,7.4549,-0.4549,0.0000,0,0.0000
903.0,F2,7.00,30.3933,29.4766,29.5352,7.4532,-0.4532,0.0000,0,0.0000
904.0,F2,7.00,30.3477,29.4620,29.5297,7.4477,-0.4477,0.0000,0,0.0000
905.0,F2,7.00,30.3087,29.4509,29.5259,7.4439,-0.4439,0.0000,0,0.0000
906.0,F2,7.00,30.2767,29.4339,29.5198,7.4378,-0.4378,0.0000,0,0.0000
907.0,F2,7.00,30.2470,29.4176,29.5108,7.4288,-0.4288,0.0000,0,0.0000
908.0,F2,7.00,30.2151,29.3979,29.5036,7.4216,-0.4216,0.0000,0,0.0000
909.0,F2,7.00,30.1830,29.3804,29.4944,7.4124,-0.4124,0.0000,0,0.0000
910.0,F2,7.00,30.1457,29.3610,29.4858,7.4038,-0.4038,0.0000,0,0.0000
911.0,F2,7.00,30.1078,29.3407,29.4631,7.3811,-0.3811,0.0000,0,0.0000
912.0,F2,7.00,30.0732,29.3171,29.4366,7.3546,-0.3546,0.0000,0,0.0000
913.0,F2,7.00,30.0424,29.2973,29.4207,7.3387,-0.3387,0.0000,0,0.0000
914.0,F2,7.00,30.0060,29.2725,29.4048,7.3228,-0.3228,0.0000,0,0.0000
915.0,F2,7.00,29.9649,29.2421,29.3853,7.3033,-0.3033,0.0000,0,0.0000
916.0,F2,7.00,29.9256,29.2166,29.3661,7.2841,-0.2841,0.0000,0,0.0000
917.0,F2,7.00,29.8878,29.1907,29.3509,7.2689,-0.2689,0.0000,0,0.0000
918.0,F2,7.00,29.8491,29.1673,29.3326,7.2506,-0.2506,0.0000,0,0.0000
919.0,F2,7.00,29.8133,29.1454,29.3189,7.2369,-0.2369,0.0000,0,0.0000
920.0,F2,7.00,29.7793,29.1216,29.3015,7.2195,-0.2195,0.0000,0,0.0000
921.0,F2,7.00,29.7366,29.1014,29.2757,7.1937,-0.1937,0.0000,0,0.0000
922.0,F2,7.00,29.6970,29.0762,29.2556,7.1736,-0.1736,0.0000,0,0.0000
923.0,F2,7.00,29.6620,29.0535,29.2299,7.1479,-0.1479,0.0000,0,0.0000
924.0,F2,7.00,29.6292,29.0288,29.2112,7.1292,-0.1292,0.0000,0,0.0000
925.0,F2,7.00,29.5994,29.0103,29.1968,7.1148,-0.1148,0.0000,0,0.0000
926.0,F2,7.00,29.5637,28.9852,29.1808,7.0988,-0.0988,0.0000,0,0.0000
927.0,F2,7.00,29.5316,28.9592,29.1666,7.0846,-0.0846,0.0000,0,0.0000
928.0,F2,7.00,29.5028,28.9353,29.1517,7.0697,-0.0697,0.0000,0,0.0000
929.0,F2,7.00,29.4719,28.9132,29.1370,7.0550,-0.0550,0.0000,0,0.0000
930.0,F2,7.00,29.4437,28.8914,29.1206,7.0386,-0.0386,0.0000,0,0.0000
931.0,F2,7.00,29.4158,28.8708,29.1041,7.0221,-0.0221,0.0000,0,0.0000
932.0,F2,7.00,29.3909,28.8484,29.0848,7.0028,-0.0028,0.0000,0,0.0000
933.0,F2,7.00,29.3643,28.8284,29.0556,6.9736,0.0264,0.0000,0,0.0000
934.0,F2,7.00,29.3347,28.8054,29.0371,6.9551,0.0449,0.0000,0,0.0000
935.0,F2,7.00,29.3076,28.7866,29.0210,6.9390,0.0610,0.0000,0,0.0000
936.0,F2,7.00,29.2818,28.7665,29.0052,6.9232,0.0768,0.0000,0,0.0000
937.0,F2,7.00,29.2556,28.7462,28.9878,6.9058,0.0942,0.0000,0,0.0000
938.0,F2,7.00,29.2137,28.7251,28.9700,6.8880,0.1120,0.0000,0,0.0000
939.0,F2,7.00,29.1868,28.7020,28.9503,6.8683,0.1317,0.0000,0,0.0000
940.0,F2,7.00,29.1568,28.6783,28.9326,6.8506,0.1494,0.0332,0,0.0000
941.0,F2,7.00,29.1303,28.6563,28.9147,6.8327,0.1673,0.0332,0,0.0000
942.0,F2,7.00,29.1060,28.6376,28.9000,6.8180,0.1820,0.0332,0,0.0000
943.0,F2,7.00,29.0807,28.6211,28.8811,6.7991,0.2009,0.0332,0,0.0000
944.0,F2,7.00,29.0567,28.5979,28.8633,6.7812,0.2187,0.0332,0,0.0000
945.0,F2,7.00,29.0300,28.5779,28.8430,6.7610,0.2390,0.0332,0,0.0000
946.0,F2,7.00,29.0033,28.5557,28.8229,6.7409,0.2591,0.0332,0,0.0000
947.0,F2,7.00,28.9764,28.5353,28.8052,6.7232,0.2768,0.0332,0,0.0000
948.0,F2,7.00,28.9480,28.5135,28.7821,6.7001,0.2999,0.0332,0,0.0000
949.0,F2,7.00,28.9196,28.4873,28.7537,6.6717,0.3283,0.0332,0,0.0000
950.0,F2,7.00,28.8932,28.4640,28.7320,6.6500,0.3500,0.0777,0,0.0000
951.0,F2,7.00,28.8734,28.4463,28.7199,6.6379,0.3621,0.0777,0,0.0000
952.0,F2,7.00,28.8548,28.4294,28.7092,6.6272,0.3728,0.0777,0,0.0000
953.0,F2,7.00,28.8351,28.4151,28.6984,6.6164,0.3836,0.0777,0,0.0000
954.0,F2,7.00,28.8170,28.3984,28.6845,6.6025,0.3975,0.0777,0,0.0000
955.0,F2,7.00,28.7978,28.3849,28.6692,6.5872,0.4128,0.0777,0,0.0000
956.0,F2,7.00,28.7764,28.3648,28.6512,6.5692,0.4308,0.0777,0,0.0000
957.0,F2,7.00,28.7589,28.3469,28.6270,6.5450,0.4550,0.0777,0,0.0000
958.0,F2,7.00,28.7453,28.3272,28.6060,6.5240,0.4760,0.0777,0,0.0000
959.0,F2,7.00,28.7312,28.3115,28.5878,6.5058,0.4942,0.0777,0,0.0000
960.0,F2,7.00,28.7140,28.2936,28.5683,6.4863,0.5137,0.1140,0,0.0000
961.0,F2,7.00,28.7009,28.2751,28.5529,6.4709,0.5291,0.1140,0,0.0000
962.0,F2,7.00,28.6872,28.2591,28.5389,6.4569,0.5431,0.1140,0,0.0000
963.0,F2,7.00,28.6690,28.2429,28.5207,6.4387,0.5613,0.1140,0,0.0000
964.0,F2,7.00,28.6528,28.2248,28.4938,6.4118,0.5882,0.1140,0,0.0000
965.0,F2,7.00,28.6325,28.2064,28.4704,6.3884,0.6116,0.1140,0,0.0000
966.0,F2,7.00,28.6199,28.1856,28.4481,6.3661,0.6339,0.1140,0,0.0000
967.0,F2,7.00,28.6045,28.1660,28.4275,6.3455,0.6545,0.1140,0,0.0000
968.0,F2,7.00,28.5873,28.1488,28.4066,6.3246,0.6754,0.1140,0,0.0000
969.0,F2,7.00,28.5738,28.1304,28.3874,6.3054,0.6946,0.1140,0,0.0000
970.0,F2,7.00,28.5596,28.1104,28.3703,6.2883,0.7117,0.1580,0,0.0000
971.0,F2,7.00,28.5420,28.0920,28.3483,6.2663,0.7337,0.1580,0,0.0000
972.0,F2,7.00,28.5243,28.0726,28.3308,6.2488,0.7512,0.1580,0,0.0000
973.0,F2,7.00,28.5079,28.0541,28.3131,6.2311,0.7689,0.1580,0,0.0000
974.0,F2,7.00,28.4921,28.0369,28.2953,6.2133,0.7867,0.1580,0,0.0000
975.0,F2,7.00,28.4739,28.0205,28.2773,6.1953,0.8047,0.1580,0,0.0000
976.0,F2,7.00,28.4493,28.0040,28.2604,6.1784,0.8216,0.1580,0,0.0000
977.0,F2,7.00,28.4369,27.9879,28.2419,6.1599,0.8401,0.1580,0,0.0000
978.0,F2,7.00,28.4254,27.9728,28.2236,6.1416,0.8584,0.1580,0,0.0000
979.0,F2,7.00,28.4106,27.9575,28.2046,6.1226,0.8774,0.1580,0,0.0000
980.0,F2,7.00,28.3991,27.9416,28.1882,6.1062,0.8938,0.1984,0,0.0000
981.0,F2,7.00,28.3874,27.9250,28.1691,6.0871,0.9129,0.1984,0,0.0000
982.0,F2,7.00,28.3764,27.9104,28.1521,6.0701,0.9299,0.1984,0,0.0000
983.0,F2,7.00,28.3679,27.8951,28.1364,6.0544,0.9456,0.1984,0,0.0000
984.0,F2,7.00,28.3593,27.8768,28.1189,6.0369,0.9631,0.1984,0,0.0000
985.0,F2,7.00,28.3464,27.8624,28.0983,6.0163,0.9837,0.1984,0,0.0000
986.0,F2,7.00,28.3382,27.8447,28.0767,5.9947,1.0053,0.1984,0,0.0000
987.0,F2,7.00,28.3294,27.8288,28.0574,5.9754,1.0246,0.1984,0,0.0000
988.0,F2,7.00,28.3205,27.8091,28.0372,5.9552,1.0448,0.1984,0,0.0000
989.0,F2,7.00,28.3106,27.7900,28.0197,5.9377,1.0623,0.1984,0,0.0000
990.0,F2,7.00,28.3004,27.7751,28.0040,5.9220,1.0780,0.2393,0,0.0000
991.0,F2,7.00,28.2886,27.7563,27.9899,5.9079,1.0921,0.2393,0,0.0000
992.0,F2,7.00,28.2762,27.7405,27.9722,5.8902,1.1098,0.2393,0,0.0000
993.0,F2,7.00,28.2618,27.7213,27.9539,5.8719,1.1281,0.2393,0,0.0000
994.0,F2,7.00,28.2508,27.7040,27.9321,5.8501,1.1499,0.2393,1,0.0000
995.0,F2,7.00,28.2462,27.6879,27.9119,5.8299,1.1701,0.2393,1,0.0000
996.0,F2,7.00,28.2424,27.6730,27.8934,5.8114,1.1886,0.2393,1,0.0000
997.0,F2,7.00,28.2352,27.6621,27.8791,5.7971,1.2029,0.2393,1,0.0000
998.0,F2,7.00,28.2288,27.6517,27.8642,5.7822,1.2178,0.2393,1,0.0000
999.0,F2,7.00,28.2273,27.6406,27.8498,5.7678,1.2322,0.2393,1,0.0000
1000.0,F2,7.00,28.2267,27.6305,27.8343,5.7523,1.2477,0.2770,1,0.0000
1001.0,F2,7.00,28.2211,27.6206,27.8197,5.7377,1.2623,0.2770,1,0.0000
1002.0,F2,7.00,28.2133,27.6090,27.8055,5.7234,1.2766,0.2770,1,0.0000
1003.0,F2,7.00,28.2093,27.5970,27.7911,5.7091,1.2909,0.2770,1,0.0000
1004.0,F2,7.00,28.2063,27.5880,27.7775,5.6955,1.3045,0.2770,1,0.0000
1005.0,F2,7.00,28.2064,27.5770,27.7636,5.6816,1.3184,0.2770,1,0.0000
1006.0,F2,7.00,28.2056,27.5663,27.7523,5.6703,1.3297,0.2770,1,0.0000
1007.0,F2,7.00,28.2024,27.5556,27.7378,5.6558,1.3442,0.2770,1,0.0000
1008.0,F2,7.00,28.2014,27.5491,27.7262,5.6442,1.3558,0.2770,1,0.0000
1009.0,F2,7.00,28.2018,27.5396,27.7137,5.6317,1.3683,0.2770,1,0.0000
1010.0,F2,7.00,28.1979,27.5316,27.7027,5.6207,1.3793,0.3062,1,0.0000
1011.0,F2,7.00,28.1952,27.5201,27.6914,5.6094,1.3906,0.3062,1,0.0000
1012.0,F2,7.00,28.1926,27.5107,27.6761,5.5941,1.4059,0.3062,1,0.0000
1013.0,F2,7.00,28.1905,27.5007,27.6611,5.5791,1.4209,0.3062,1,0.0000
1014.0,F2,7.00,28.1922,27.4947,27.6494,5.5674,1.4326,0.3062,1,0.0000
1015.0,F2,7.00,28.1966,27.4829,27.6352,5.5532,1.4468,0.3062,1,0.0000
1016.0,F2,7.00,28.1984,27.4775,27.6237,5.5417,1.4583,0.3062,1,0.0000
1017.0,F2,7.00,28.2025,27.4702,27.6146,5.5326,1.4674,0.3062,1,0.0000
1018.0,F2,7.00,28.2082,27.4658,27.6023,5.5203,1.4797,0.3062,1,0.0000
1019.0,F2,7.00,28.2109,27.4604,27.5945,5.5125,1.4875,0.3062,1,0.0000
1020.0,F2,7.00,28.2171,27.4555,27.5843,5.5023,1.4977,0.3325,1,0.0000
1021.0,F2,7.00,28.2180,27.4480,27.5717,5.4897,1.5103,0.3325,1,0.0000
1022.0,F2,7.00,28.2189,27.4406,27.5624,5.4804,1.5196,0.3325,1,0.0000
1023.0,F2,7.00,28.2208,27.4320,27.5496,5.4676,1.5324,0.3325,1,0.0000
1024.0,F2,7.00,28.2220,27.4252,27.5381,5.4561,1.5439,0.3325,1,0.0000
1025.0,F2,7.00,28.2217,27.4140,27.5237,5.4417,1.5583,0.3325,1,0.0000
1026.0,F2,7.00,28.2212,27.4079,27.5116,5.4296,1.5704,0.3325,1,0.0000
1027.0,F2,7.00,28.2199,27.3980,27.4966,5.4146,1.5854,0.3325,1,0.0000
1028.0,F2,7.00,28.2217,27.3924,27.4839,5.4019,1.5981,0.3325,1,0.0000
1029.0,F2,7.00,28.2259,27.3863,27.4781,5.3961,1.6039,0.3325,1,0.0000
1030.0,F2,7.00,28.2293,27.3827,27.4695,5.3875,1.6125,0.3580,1,0.0000
1031.0,F2,7.00,28.2326,27.3751,27.4626,5.3806,1.6194,0.3580,1,0.0000
1032.0,F2,7.00,28.2392,27.3707,27.4547,5.3727,1.6273,0.3580,1,0.0000
1033.0,F2,7.00,28.2433,27.3670,27.4471,5.3651,1.6349,0.3580,1,0.0000
1034.0,F2,7.00,28.2503,27.3626,27.4407,5.3587,1.6413,0.3580,1,0.0000
1035.0,F2,7.00,28.2513,27.3592,27.4337,5.3517,1.6483,0.3580,1,0.0000
1036.0,F2,7.00,28.2509,27.3524,27.4229,5.3409,1.6591,0.3580,1,0.0000
1037.0,F2,7.00,28.2540,27.3465,27.4114,5.3294,1.6706,0.3580,1,0.0000
1038.0,F2,7.00,28.2557,27.3403,27.4021,5.3201,1.6799,0.3580,1,0.0000
1039.0,F2,7.00,28.2564,27.3362,27.3925,5.3105,1.6895,0.3580,1,0.0000
1040.0,F2,7.00,28.2545,27.3312,27.3831,5.3011,1.6989,0.3772,1,0.0000
1041.0,F2,7.00,28.2542,27.3256,27.3735,5.2915,1.7085,0.3772,1,0.0000
1042.0,F2,7.00,28.2561,27.3179,27.3629,5.2809,1.7191,0.3772,1,0.0000
1043.0,F2,7.00,28.2580,27.3107,27.3528,5.2708,1.7292,0.3772,1,0.0000
1044.0,F2,7.00,28.2615,27.3101,27.3429,5.2609,1.7391,0.3772,1,0.0000
1045.0,F2,7.00,28.2665,27.3091,27.3358,5.2538,1.7462,0.3772,1,0.0000
1046.0,F2,7.00,28.2771,27.3082,27.3312,5.2492,1.7508,0.3772,1,0.0000
1047.0,F2,7.00,28.2889,27.3093,27.3226,5.2406,1.7594,0.3772,0,0.0000
1048.0,F2,7.00,28.3001,27.3105,27.3151,5.2331,1.7669,0.3772,0,0.0000
1049.0,F2,7.00,28.3108,27.3126,27.3086,5.2266,1.7734,0.3772,0,0.0000
1050.0,F2,7.00,28.3215,27.3124,27.3010,5.2190,1.7810,0.3954,0,0.0000
1051.0,F2,7.00,28.3312,27.3149,27.2976,5.2156,1.7844,0.3954,0,0.0000
1052.0,F2,7.00,28.3443,27.3172,27.2958,5.2138,1.7862,0.3954,0,0.0000
1053.0,F2,7.00,28.3568,27.3210,27.2946,5.2126,1.7874,0.3954,0,0.0000
1054.0,F2,7.00,28.3722,27.3262,27.2946,5.2126,1.7874,0.3954,0,0.0000
1055.0,F2,7.00,28.3822,27.3281,27.2966,5.2146,1.7854,0.3954,0,0.0000
1056.0,F2,7.00,28.3946,27.3333,27.2941,5.2121,1.7879,0.3954,0,0.0000
1057.0,F2,7.00,28.4040,27.3364,27.2952,5.2132,1.7868,0.3954,0,0.0000
1058.0,F2,7.00,28.4144,27.3369,27.2922,5.2102,1.7898,0.3954,0,0.0000
1059.0,F2,7.00,28.4256,27.3393,27.2919,5.2099,1.7901,0.3954,0,0.0000
1060.0,F2,7.00,28.4355,27.3443,27.2901,5.2081,1.7919,0.3978,0,0.0000
1061.0,F2,7.00,28.4454,27.3482,27.2855,5.2035,1.7965,0.3978,0,0.0000
1062.0,F2,7.00,28.4525,27.3509,27.2802,5.1982,1.8018,0.3978,0,0.0000
1063.0,F2,7.00,28.4669,27.3506,27.2777,5.1957,1.8043,0.3978,0,0.0000
1064.0,F2,7.00,28.4771,27.3518,27.2814,5.1994,1.8006,0.3978,0,0.0000
1065.0,F2,7.00,28.4911,27.3562,27.2847,5.2027,1.7973,0.3978,0,0.0000
1066.0,F2,7.00,28.5047,27.3629,27.2879,5.2059,1.7941,0.3978,0,0.0000
1067.0,F2,7.00,28.5145,27.3683,27.2870,5.2050,1.7950,0.3978,0,0.0000
1068.0,F2,7.00,28.5265,27.3737,27.2879,5.2059,1.7941,0.3978,0,0.0000
1069.0,F2,7.00,28.5339,27.3766,27.2874,5.2054,1.7946,0.3978,0,0.0000
1070.0,F2,7.00,28.5411,27.3835,27.2892,5.2072,1.7928,0.3980,0,0.0000
1071.0,F2,7.00,28.5478,27.3850,27.2907,5.2087,1.7913,0.3980,0,0.0000
1072.0,F2,7.00,28.5546,27.3893,27.2899,5.2079,1.7921,0.3980,0,0.0000
1073.0,F2,7.00,28.5606,27.3902,27.2898,5.2078,1.7922,0.3980,0,0.0000
1074.0,F2,7.00,28.5694,27.3956,27.2905,5.2085,1.7915,0.3980,0,0.0000
1075.0,F2,7.00,28.5797,27.3961,27.2887,5.2067,1.7933,0.3980,0,0.0000
1076.0,F2,7.00,28.5859,27.3991,27.2901,5.2081,1.7919,0.3980,0,0.0000
1077.0,F2,7.00,28.5963,27.4016,27.2858,5.2038,1.7962,0.3980,0,0.0000
1078.0,F2,7.00,28.6010,27.4063,27.2877,5.2057,1.7943,0.3980,0,0.0000
1079.0,F2,7.00,28.6080,27.4086,27.2853,5.2033,1.7967,0.3980,0,0.0000
1080.0,F2,7.00,28.6147,27.4117,27.2846,5.2026,1.7974,0.3990,0,0.0000
1081.0,F2,7.00,28.6222,27.4160,27.2837,5.2017,1.7983,0.3990,0,0.0000
1082.0,F2,7.00,28.6269,27.4193,27.2849,5.2029,1.7971,0.3990,0,0.0000
1083.0,F2,7.00,28.6362,27.4229,27.2840,5.2020,1.7980,0.3990,0,0.0000
1084.0,F2,7.00,28.6419,27.4277,27.2875,5.2055,1.7945,0.3990,0,0.0000
1085.0,F2,7.00,28.6459,27.4287,27.2894,5.2074,1.7926,0.3990,0,0.0000
1086.0,F2,7.00,28.6497,27.4343,27.2939,5.2119,1.7881,0.3990,0,0.0000
1087.0,F2,7.00,28.6547,27.4349,27.2973,5.2153,1.7847,0.3990,0,0.0000
1088.0,F2,7.00,28.6599,27.4416,27.2996,5.2176,1.7824,0.3990,0,0.0000
1089.0,F2,7.00,28.6664,27.4422,27.3029,5.2209,1.7791,0.3990,0,0.0000
1090.0,F2,7.00,28.6725,27.4438,27.3086,5.2266,1.7734,0.3937,0,0.0000
# F2,method=6,r=7.00,t_phase=240,e_ss=1.529,IAE=232.96,ISE=315.69,TV=0.956,n_on=159,n_h=2385.0,t5=not_reached,c_p=0.543,c_pp=2.341,E=85.5
1091.0,F3,7.00,28.6783,27.4472,27.3106,5.2286,1.7714,0.3937,0,0.0000
1092.0,F3,7.00,28.6856,27.4473,27.3112,5.2292,1.7708,0.3937,0,0.0000
1093.0,F3,7.00,28.6927,27.4514,27.3113,5.2293,1.7707,0.3937,0,0.0000
1094.0,F3,7.00,28.6973,27.4527,27.3106,5.2286,1.7714,0.3937,0,0.0000
1095.0,F3,7.00,28.7034,27.4575,27.3128,5.2308,1.7692,0.3937,0,0.0000
1096.0,F3,7.00,28.7068,27.4588,27.3157,5.2337,1.7663,0.3937,0,0.0000
1097.0,F3,7.00,28.7097,27.4602,27.3130,5.2310,1.7690,0.3937,0,0.0000
1098.0,F3,7.00,28.7183,27.4667,27.3159,5.2339,1.7661,0.3937,0,0.0000
1099.0,F3,7.00,28.7198,27.4693,27.3158,5.2338,1.7662,0.3937,0,0.0000
1100.0,F3,7.00,28.7204,27.4681,27.3155,5.2335,1.7665,0.3922,0,0.0000
1101.0,F3,7.00,28.7241,27.4719,27.3174,5.2354,1.7646,0.3922,0,0.0000
1102.0,F3,7.00,28.7296,27.4756,27.3204,5.2384,1.7616,0.3922,0,0.0000
1103.0,F3,7.00,28.7390,27.4784,27.3228,5.2408,1.7592,0.3922,0,0.0000
1104.0,F3,7.00,28.7476,27.4846,27.3268,5.2448,1.7552,0.3922,0,0.0000
1105.0,F3,7.00,28.7541,27.4866,27.3315,5.2495,1.7505,0.3922,0,0.0000
1106.0,F3,7.00,28.7576,27.4908,27.3282,5.2462,1.7538,0.3922,0,0.0000
1107.0,F3,7.00,28.7672,27.4967,27.3275,5.2455,1.7545,0.3922,0,0.0000
1108.0,F3,7.00,28.7741,27.4977,27.3225,5.2405,1.7595,0.3922,0,0.0000
1109.0,F3,7.00,28.7798,27.5013,27.3261,5.2441,1.7559,0.3922,0,0.0000
1110.0,F3,7.00,28.7854,27.5045,27.3242,5.2422,1.7578,0.3902,0,0.0000
1111.0,F3,7.00,28.7916,27.5086,27.3285,5.2465,1.7535,0.3902,0,0.0000
1112.0,F3,7.00,28.7935,27.5089,27.3285,5.2465,1.7535,0.3902,0,0.0000
1113.0,F3,7.00,28.7970,27.5161,27.3328,5.2508,1.7492,0.3902,0,0.0000
1114.0,F3,7.00,28.7982,27.5184,27.3370,5.2550,1.7450,0.3902,0,0.0000
1115.0,F3,7.00,28.7992,27.5208,27.3386,5.2566,1.7434,0.3902,0,0.0000
1116.0,F3,7.00,28.7986,27.5244,27.3405,5.2585,1.7415,0.3902,0,0.0000
1117.0,F3,7.00,28.8041,27.5254,27.3433,5.2613,1.7387,0.3902,0,0.0000
1118.0,F3,7.00,28.8114,27.5290,27.3474,5.2654,1.7346,0.3902,0,0.0000
1119.0,F3,7.00,28.8197,27.5319,27.3473,5.2653,1.7347,0.3902,0,0.0000
1120.0,F3,7.00,28.8241,27.5330,27.3496,5.2676,1.7324,0.3846,0,0.0000
1121.0,F3,7.00,28.8318,27.5375,27.3530,5.2710,1.7290,0.3846,0,0.0000
1122.0,F3,7.00,28.8322,27.5415,27.3585,5.2765,1.7235,0.3846,0,0.0000
1123.0,F3,7.00,28.8347,27.5471,27.3623,5.2803,1.7197,0.3846,0,0.0000
1124.0,F3,7.00,28.8394,27.5478,27.3642,5.2822,1.7178,0.3846,0,0.0000
1125.0,F3,7.00,28.8449,27.5516,27.3658,5.2838,1.7162,0.3846,0,0.0000
1126.0,F3,7.00,28.8481,27.5513,27.3661,5.2841,1.7159,0.3846,0,0.0000
1127.0,F3,7.00,28.8524,27.5502,27.3658,5.2838,1.7162,0.3846,0,0.0000
1128.0,F3,7.00,28.8564,27.5492,27.3636,5.2816,1.7184,0.3846,0,0.0000
1129.0,F3,7.00,28.8513,27.5486,27.3615,5.2795,1.7205,0.3846,0,0.0000
1130.0,F3,7.00,28.8506,27.5489,27.3601,5.2781,1.7219,0.3823,0,0.0000
1131.0,F3,7.00,28.8469,27.5482,27.3562,5.2742,1.7258,0.3823,0,0.0000
1132.0,F3,7.00,28.8463,27.5470,27.3589,5.2769,1.7231,0.3823,0,0.0000
1133.0,F3,7.00,28.8474,27.5475,27.3580,5.2760,1.7240,0.3823,0,0.0000
1134.0,F3,7.00,28.8484,27.5522,27.3643,5.2823,1.7177,0.3823,0,0.0000
1135.0,F3,7.00,28.8505,27.5533,27.3683,5.2863,1.7137,0.3823,0,0.0000
1136.0,F3,7.00,28.8487,27.5567,27.3721,5.2901,1.7099,0.3823,0,0.0000
1137.0,F3,7.00,28.8549,27.5593,27.3781,5.2961,1.7039,0.3823,0,0.0000
1138.0,F3,7.00,28.8544,27.5628,27.3823,5.3003,1.6997,0.3823,0,0.0000
1139.0,F3,7.00,28.8572,27.5640,27.3843,5.3023,1.6977,0.3823,0,0.0000
1140.0,F3,7.00,28.8595,27.5656,27.3882,5.3062,1.6938,0.3760,0,0.0000
1141.0,F3,7.00,28.8578,27.5677,27.3906,5.3086,1.6914,0.3760,0,0.0000
1142.0,F3,7.00,28.8568,27.5691,27.3916,5.3096,1.6904,0.3760,0,0.0000
1143.0,F3,7.00,28.8565,27.5710,27.3957,5.3137,1.6863,0.3760,0,0.0000
1144.0,F3,7.00,28.8558,27.5722,27.3959,5.3139,1.6861,0.3760,0,0.0000
1145.0,F3,7.00,28.8574,27.5730,27.3991,5.3171,1.6829,0.3760,0,0.0000
1146.0,F3,7.00,28.8571,27.5746,27.3996,5.3176,1.6824,0.3760,0,0.0000
1147.0,F3,7.00,28.8567,27.5761,27.4012,5.3192,1.6808,0.3760,0,0.0000
1148.0,F3,7.00,28.8580,27.5799,27.4066,5.3246,1.6754,0.3760,0,0.0000
1149.0,F3,7.00,28.8609,27.5822,27.4095,5.3275,1.6725,0.3760,0,0.0000
1150.0,F3,7.00,28.8657,27.5839,27.4110,5.3290,1.6710,0.3710,0,0.0000
1151.0,F3,7.00,28.8720,27.5869,27.4155,5.3335,1.6665,0.3710,0,0.0000
1152.0,F3,7.00,28.8778,27.5907,27.4189,5.3369,1.6631,0.3710,0,0.0000
1153.0,F3,7.00,28.8822,27.5946,27.4220,5.3400,1.6600,0.3710,0,0.0000
1154.0,F3,7.00,28.8892,27.5990,27.4267,5.3447,1.6553,0.3710,0,0.0000
1155.0,F3,7.00,28.8962,27.6042,27.4252,5.3432,1.6568,0.3710,0,0.0000
1156.0,F3,7.00,28.8977,27.6057,27.4265,5.3445,1.6555,0.3710,0,0.0000
1157.0,F3,7.00,28.8955,27.6096,27.4294,5.3474,1.6526,0.3710,0,0.0000
1158.0,F3,7.00,28.8972,27.6085,27.4329,5.3509,1.6491,0.3710,0,0.0000
1159.0,F3,7.00,28.9024,27.6122,27.4347,5.3527,1.6473,0.3710,1,0.0000
1160.0,F3,7.00,28.9024,27.6147,27.4386,5.3566,1.6434,0.3648,1,0.0000
1161.0,F3,7.00,28.9068,27.6168,27.4406,5.3586,1.6414,0.3648,1,0.0000
1162.0,F3,7.00,28.9117,27.6211,27.4420,5.3600,1.6400,0.3648,1,0.0000
1163.0,F3,7.00,28.9133,27.6231,27.4460,5.3640,1.6360,0.3648,1,0.0000
1164.0,F3,7.00,28.9095,27.6264,27.4468,5.3648,1.6352,0.3648,1,0.0000
1165.0,F3,7.00,28.9153,27.6275,27.4478,5.3658,1.6342,0.3648,1,0.0000
1166.0,F3,7.00,28.9141,27.6296,27.4494,5.3674,1.6326,0.3648,1,0.0000
1167.0,F3,7.00,28.9151,27.6334,27.4525,5.3705,1.6295,0.3648,1,0.0000
1168.0,F3,7.00,28.9196,27.6345,27.4534,5.3714,1.6286,0.3648,1,0.0000
1169.0,F3,7.00,28.9233,27.6341,27.4537,5.3717,1.6283,0.3648,1,0.0000
1170.0,F3,7.00,28.9301,27.6377,27.4559,5.3739,1.6261,0.3610,1,0.0000
1171.0,F3,7.00,28.9326,27.6396,27.4598,5.3778,1.6222,0.3610,1,0.0000
1172.0,F3,7.00,28.9383,27.6425,27.4640,5.3820,1.6180,0.3610,1,0.0000
1173.0,F3,7.00,28.9405,27.6425,27.4633,5.3813,1.6187,0.3610,1,0.0000
1174.0,F3,7.00,28.9443,27.6447,27.4614,5.3794,1.6206,0.3610,1,0.0000
1175.0,F3,7.00,28.9469,27.6524,27.4628,5.3808,1.6192,0.3610,1,0.0000
1176.0,F3,7.00,28.9527,27.6538,27.4680,5.3860,1.6140,0.3610,1,0.0000
1177.0,F3,7.00,28.9534,27.6591,27.4709,5.3889,1.6111,0.3610,1,0.0000
1178.0,F3,7.00,28.9568,27.6617,27.4778,5.3958,1.6042,0.3610,1,0.0000
1179.0,F3,7.00,28.9618,27.6642,27.4801,5.3981,1.6019,0.3610,1,0.0000
1180.0,F3,7.00,28.9644,27.6679,27.4842,5.4022,1.5978,0.3547,1,0.0000
1181.0,F3,7.00,28.9713,27.6674,27.4879,5.4059,1.5941,0.3547,1,0.0000
1182.0,F3,7.00,28.9753,27.6705,27.4928,5.4108,1.5892,0.3547,1,0.0000
1183.0,F3,7.00,28.9771,27.6716,27.4948,5.4128,1.5872,0.3547,1,0.0000
1184.0,F3,7.00,28.9790,27.6746,27.4953,5.4133,1.5867,0.3547,1,0.0000
1185.0,F3,7.00,28.9821,27.6780,27.4980,5.4160,1.5840,0.3547,1,0.0000
1186.0,F3,7.00,28.9859,27.6810,27.4999,5.4179,1.5821,0.3547,1,0.0000
1187.0,F3,7.00,28.9884,27.6847,27.5051,5.4231,1.5769,0.3547,1,0.0000
1188.0,F3,7.00,28.9903,27.6884,27.5091,5.4271,1.5729,0.3547,1,0.0000
1189.0,F3,7.00,28.9937,27.6906,27.5160,5.4340,1.5660,0.3547,1,0.0000
1190.0,F3,7.00,28.9954,27.6934,27.5183,5.4363,1.5637,0.3471,1,0.0000
1191.0,F3,7.00,28.9996,27.6976,27.5255,5.4435,1.5565,0.3471,1,0.0000
1192.0,F3,7.00,28.9979,27.7029,27.5274,5.4454,1.5546,0.3471,1,0.0000
1193.0,F3,7.00,29.0022,27.7075,27.5316,5.4496,1.5504,0.3471,1,0.0000
1194.0,F3,7.00,29.0025,27.7086,27.5340,5.4520,1.5480,0.3471,1,0.0000
1195.0,F3,7.00,29.0012,27.7084,27.5341,5.4521,1.5479,0.3471,1,0.0000
1196.0,F3,7.00,29.0028,27.7085,27.5341,5.4521,1.5479,0.3471,1,0.0000
1197.0,F3,7.00,29.0003,27.7075,27.5345,5.4525,1.5475,0.3471,1,0.0000
1198.0,F3,7.00,28.9967,27.7057,27.5338,5.4518,1.5482,0.3471,1,0.0000
1199.0,F3,7.00,28.9950,27.7060,27.5348,5.4528,1.5472,0.3471,1,0.0000
1200.0,F3,7.00,28.9918,27.7046,27.5331,5.4511,1.5489,0.3439,1,0.0000
1201.0,F3,7.00,28.9893,27.7048,27.5306,5.4486,1.5514,0.3439,1,0.0000
1202.0,F3,7.00,28.9858,27.7055,27.5316,5.4496,1.5504,0.3439,1,0.0000
1203.0,F3,7.00,28.9809,27.7055,27.5345,5.4525,1.5475,0.3439,1,0.0000
1204.0,F3,7.00,28.9721,27.7027,27.5329,5.4509,1.5491,0.3439,1,0.0000
1205.0,F3,7.00,28.9663,27.7002,27.5312,5.4492,1.5508,0.3439,1,0.0000
1206.0,F3,7.00,28.9600,27.6997,27.5309,5.4489,1.5511,0.3439,1,0.0000
1207.0,F3,7.00,28.9589,27.6967,27.5307,5.4487,1.5513,0.3439,1,0.0000
1208.0,F3,7.00,28.9577,27.6969,27.5335,5.4515,1.5485,0.3439,1,0.0000
1209.0,F3,7.00,28.9592,27.6979,27.5356,5.4536,1.5464,0.3439,1,0.0000
1210.0,F3,7.00,28.9571,27.6981,27.5371,5.4551,1.5449,0.3430,1,0.0000
1211.0,F3,7.00,28.9573,27.6997,27.5383,5.4563,1.5437,0.3430,1,0.0000
1212.0,F3,7.00,28.9576,27.7022,27.5411,5.4591,1.5409,0.3430,1,0.0000
1213.0,F3,7.00,28.9615,27.7024,27.5442,5.4622,1.5378,0.3430,1,0.0000
1214.0,F3,7.00,28.9631,27.7073,27.5479,5.4659,1.5341,0.3430,1,0.0000
1215.0,F3,7.00,28.9681,27.7098,27.5530,5.4710,1.5290,0.3430,1,0.0000
1216.0,F3,7.00,28.9707,27.7147,27.5574,5.4754,1.5246,0.3430,1,0.0000
1217.0,F3,7.00,28.9743,27.7175,27.5597,5.4777,1.5223,0.3430,1,0.0000
1218.0,F3,7.00,28.9783,27.7198,27.5649,5.4829,1.5171,0.3430,1,0.0000
1219.0,F3,7.00,28.9814,27.7231,27.5694,5.4874,1.5126,0.3430,1,0.0000
1220.0,F3,7.00,28.9843,27.7254,27.5724,5.4904,1.5096,0.3351,1,0.0000
1221.0,F3,7.00,28.9873,27.7275,27.5724,5.4904,1.5096,0.3351,1,0.0000
1222.0,F3,7.00,28.9838,27.7256,27.5688,5.4868,1.5132,0.3351,1,0.0000
1223.0,F3,7.00,28.9790,27.7215,27.5668,5.4848,1.5152,0.3351,1,0.0000
1224.0,F3,7.00,28.9762,27.7207,27.5619,5.4799,1.5201,0.3351,1,0.0000
1225.0,F3,7.00,28.9712,27.7152,27.5578,5.4758,1.5242,0.3351,1,0.0000
1226.0,F3,7.00,28.9658,27.7126,27.5587,5.4767,1.5233,0.3351,1,0.0000
1227.0,F3,7.00,28.9646,27.7133,27.5584,5.4764,1.5236,0.3351,1,0.0000
1228.0,F3,7.00,28.9616,27.7150,27.5556,5.4736,1.5264,0.3351,1,0.0000
1229.0,F3,7.00,28.9612,27.7159,27.5544,5.4724,1.5276,0.3351,1,0.0000
1230.0,F3,7.00,28.9606,27.7182,27.5508,5.4688,1.5312,0.3399,1,0.0000
1231.0,F3,7.00,28.9621,27.7187,27.5521,5.4701,1.5299,0.3399,1,0.0000
1232.0,F3,7.00,28.9661,27.7236,27.5536,5.4716,1.5284,0.3399,1,0.0000
1233.0,F3,7.00,28.9686,27.7226,27.5555,5.4735,1.5265,0.3399,1,0.0000
1234.0,F3,7.00,28.9680,27.7229,27.5579,5.4759,1.5241,0.3399,1,0.0000
1235.0,F3,7.00,28.9638,27.7220,27.5590,5.4770,1.5230,0.3399,1,0.0000
1236.0,F3,7.00,28.9586,27.7187,27.5592,5.4772,1.5228,0.3399,0,0.0000
1237.0,F3,7.00,28.9585,27.7156,27.5580,5.4760,1.5240,0.3399,0,0.0000
1238.0,F3,7.00,28.9571,27.7189,27.5587,5.4767,1.5233,0.3399,0,0.0000
1239.0,F3,7.00,28.9595,27.7199,27.5582,5.4762,1.5238,0.3399,0,0.0000
1240.0,F3,7.00,28.9576,27.7220,27.5589,5.4769,1.5231,0.3381,0,0.0000
1241.0,F3,7.00,28.9601,27.7228,27.5623,5.4803,1.5197,0.3381,0,0.0000
1242.0,F3,7.00,28.9613,27.7250,27.5622,5.4802,1.5198,0.3381,0,0.0000
1243.0,F3,7.00,28.9611,27.7265,27.5668,5.4848,1.5152,0.3381,0,0.0000
1244.0,F3,7.00,28.9599,27.7264,27.5695,5.4875,1.5125,0.3381,0,0.0000
1245.0,F3,7.00,28.9609,27.7290,27.5694,5.4874,1.5126,0.3381,0,0.0000
1246.0,F3,7.00,28.9618,27.7264,27.5717,5.4897,1.5103,0.3381,0,0.0000
1247.0,F3,7.00,28.9622,27.7267,27.5709,5.4889,1.5111,0.3381,0,0.0000
1248.0,F3,7.00,28.9595,27.7263,27.5723,5.4903,1.5097,0.3381,0,0.0000
1249.0,F3,7.00,28.9583,27.7269,27.5759,5.4939,1.5061,0.3381,0,0.0000
1250.0,F3,7.00,28.9589,27.7259,27.5745,5.4925,1.5075,0.3347,0,0.0000
1251.0,F3,7.00,28.9583,27.7265,27.5791,5.4971,1.5029,0.3347,0,0.0000
1252.0,F3,7.00,28.9542,27.7265,27.5770,5.4950,1.5050,0.3347,0,0.0000
1253.0,F3,7.00,28.9521,27.7248,27.5776,5.4956,1.5044,0.3347,0,0.0000
1254.0,F3,7.00,28.9513,27.7220,27.5779,5.4959,1.5041,0.3347,0,0.0000
1255.0,F3,7.00,28.9493,27.7234,27.5786,5.4966,1.5034,0.3347,0,0.0000
1256.0,F3,7.00,28.9487,27.7206,27.5777,5.4957,1.5043,0.3347,0,0.0000
1257.0,F3,7.00,28.9487,27.7188,27.5767,5.4947,1.5053,0.3347,0,0.0000
1258.0,F3,7.00,28.9450,27.7179,27.5782,5.4962,1.5038,0.3347,0,0.0000
1259.0,F3,7.00,28.9427,27.7197,27.5806,5.4986,1.5014,0.3347,0,0.0000
1260.0,F3,7.00,28.9394,27.7154,27.5789,5.4969,1.5031,0.3337,0,0.0000
1261.0,F3,7.00,28.9359,27.7171,27.5784,5.4964,1.5036,0.3337,0,0.0000
1262.0,F3,7.00,28.9327,27.7162,27.5811,5.4991,1.5009,0.3337,0,0.0000
1263.0,F3,7.00,28.9280,27.7172,27.5782,5.4962,1.5038,0.3337,0,0.0000
1264.0,F3,7.00,28.9287,27.7154,27.5773,5.4953,1.5047,0.3337,0,0.0000
1265.0,F3,7.00,28.9293,27.7144,27.5766,5.4946,1.5054,0.3337,0,0.0000
1266.0,F3,7.00,28.9327,27.7120,27.5733,5.4913,1.5087,0.3337,0,0.0000
1267.0,F3,7.00,28.9326,27.7120,27.5691,5.4871,1.5129,0.3337,0,0.0000
1268.0,F3,7.00,28.9323,27.7116,27.5648,5.4828,1.5172,0.3337,0,0.0000
1269.0,F3,7.00,28.9289,27.7120,27.5650,5.4830,1.5170,0.3337,0,0.0000
1270.0,F3,7.00,28.9225,27.7118,27.5661,5.4841,1.5159,0.3365,0,0.0000
1271.0,F3,7.00,28.9218,27.7115,27.5673,5.4853,1.5147,0.3365,0,0.0000
1272.0,F3,7.00,28.9165,27.7139,27.5643,5.4823,1.5177,0.3365,0,0.0000
1273.0,F3,7.00,28.9150,27.7125,27.5646,5.4826,1.5174,0.3365,0,0.0000
1274.0,F3,7.00,28.9153,27.7151,27.5630,5.4810,1.5190,0.3365,0,0.0000
1275.0,F3,7.00,28.9171,27.7123,27.5638,5.4818,1.5182,0.3365,0,0.0000
1276.0,F3,7.00,28.9190,27.7132,27.5627,5.4807,1.5193,0.3365,0,0.0000
1277.0,F3,7.00,28.9183,27.7123,27.5628,5.4808,1.5192,0.3365,0,0.0000
1278.0,F3,7.00,28.9160,27.7099,27.5618,5.4798,1.5202,0.3365,0,0.0000
1279.0,F3,7.00,28.9110,27.7047,27.5565,5.4745,1.5255,0.3365,0,0.0000
1280.0,F3,7.00,28.9089,27.6983,27.5509,5.4689,1.5311,0.3399,0,0.0000
1281.0,F3,7.00,28.9080,27.6965,27.5511,5.4691,1.5309,0.3399,0,0.0000
1282.0,F3,7.00,28.9060,27.6953,27.5488,5.4668,1.5332,0.3399,0,0.0000
1283.0,F3,7.00,28.9043,27.6927,27.5489,5.4669,1.5331,0.3399,0,0.0000
1284.0,F3,7.00,28.8990,27.6901,27.5474,5.4654,1.5346,0.3399,0,0.0000
1285.0,F3,7.00,28.8941,27.6890,27.5470,5.4650,1.5350,0.3399,0,0.0000
1286.0,F3,7.00,28.8933,27.6902,27.5462,5.4642,1.5358,0.3399,0,0.0000
1287.0,F3,7.00,28.8894,27.6892,27.5459,5.4639,1.5361,0.3399,0,0.0000
1288.0,F3,7.00,28.8875,27.6888,27.5458,5.4638,1.5362,0.3399,0,0.0000
1289.0,F3,7.00,28.8808,27.6862,27.5475,5.4655,1.5345,0.3399,0,0.0000
1290.0,F3,7.00,28.8824,27.6866,27.5478,5.4658,1.5342,0.3406,0,0.0000
1291.0,F3,7.00,28.8783,27.6857,27.5487,5.4667,1.5333,0.3406,0,0.0000
1292.0,F3,7.00,28.8768,27.6830,27.5492,5.4672,1.5328,0.3406,0,0.0000
1293.0,F3,7.00,28.8745,27.6834,27.5510,5.4690,1.5310,0.3406,0,0.0000
1294.0,F3,7.00,28.8736,27.6834,27.5540,5.4720,1.5280,0.3406,0,0.0000
1295.0,F3,7.00,28.8763,27.6837,27.5565,5.4745,1.5255,0.3406,0,0.0000
1296.0,F3,7.00,28.8803,27.6844,27.5584,5.4764,1.5236,0.3406,0,0.0000
1297.0,F3,7.00,28.8788,27.6877,27.5604,5.4784,1.5216,0.3406,0,0.0000
1298.0,F3,7.00,28.8843,27.6867,27.5627,5.4807,1.5193,0.3406,0,0.0000
1299.0,F3,7.00,28.8867,27.6898,27.5643,5.4823,1.5177,0.3406,0,0.0000
1300.0,F3,7.00,28.8888,27.6908,27.5669,5.4849,1.5151,0.3364,0,0.0000
1301.0,F3,7.00,28.8952,27.6936,27.5683,5.4863,1.5137,0.3364,0,0.0000
1302.0,F3,7.00,28.8952,27.6916,27.5694,5.4874,1.5126,0.3364,0,0.0000
1303.0,F3,7.00,28.8960,27.6933,27.5688,5.4868,1.5132,0.3364,0,0.0000
1304.0,F3,7.00,28.8956,27.6939,27.5678,5.4858,1.5142,0.3364,0,0.0000
1305.0,F3,7.00,28.8929,27.6931,27.5638,5.4818,1.5182,0.3364,0,0.0000
1306.0,F3,7.00,28.8944,27.6937,27.5624,5.4804,1.5196,0.3364,0,0.0000
1307.0,F3,7.00,28.8924,27.6959,27.5654,5.4834,1.5166,0.3364,0,0.0000
1308.0,F3,7.00,28.8916,27.6968,27.5668,5.4848,1.5152,0.3364,0,0.0000
1309.0,F3,7.00,28.8889,27.6995,27.5677,5.4857,1.5143,0.3364,0,0.0000
1310.0,F3,7.00,28.8914,27.7020,27.5715,5.4895,1.5105,0.3353,0,0.0000
1311.0,F3,7.00,28.8926,27.7015,27.5720,5.4900,1.5100,0.3353,0,0.0000
1312.0,F3,7.00,28.8936,27.7016,27.5717,5.4897,1.5103,0.3353,0,0.0000
1313.0,F3,7.00,28.8954,27.7041,27.5758,5.4938,1.5062,0.3353,0,0.0000
1314.0,F3,7.00,28.8985,27.7054,27.5782,5.4962,1.5038,0.3353,0,0.0000
1315.0,F3,7.00,28.8987,27.7062,27.5786,5.4966,1.5034,0.3353,0,0.0000
1316.0,F3,7.00,28.9020,27.7073,27.5841,5.5021,1.4979,0.3353,0,0.0000
1317.0,F3,7.00,28.9026,27.7110,27.5875,5.5055,1.4945,0.3353,0,0.0000
1318.0,F3,7.00,28.9069,27.7126,27.5862,5.5042,1.4958,0.3353,0,0.0000
1319.0,F3,7.00,28.9104,27.7151,27.5901,5.5081,1.4919,0.3353,0,0.0000
1320.0,F3,7.00,28.9078,27.7149,27.5874,5.5054,1.4946,0.3318,0,0.0000
1321.0,F3,7.00,28.9082,27.7096,27.5805,5.4985,1.5015,0.3318,0,0.0000
1322.0,F3,7.00,28.9040,27.7072,27.5745,5.4925,1.5075,0.3318,0,0.0000
1323.0,F3,7.00,28.9000,27.7034,27.5699,5.4879,1.5121,0.3318,0,0.0000
1324.0,F3,7.00,28.8972,27.7033,27.5675,5.4855,1.5145,0.3318,0,0.0000
1325.0,F3,7.00,28.8928,27.7000,27.5658,5.4838,1.5162,0.3318,0,0.0000
1326.0,F3,7.00,28.8944,27.6968,27.5661,5.4841,1.5159,0.3318,0,0.0000
1327.0,F3,7.00,28.8922,27.6974,27.5625,5.4805,1.5195,0.3318,0,0.0000
1328.0,F3,7.00,28.8910,27.6953,27.5648,5.4828,1.5172,0.3318,0,0.0000
1329.0,F3,7.00,28.8933,27.6926,27.5692,5.4872,1.5128,0.3318,0,0.0000
1330.0,F3,7.00,28.8942,27.6960,27.5710,5.4890,1.5110,0.3354,0,0.0000
1331.0,F3,7.00,28.8931,27.6974,27.5728,5.4908,1.5092,0.3354,0,0.0000
1332.0,F3,7.00,28.8954,27.7040,27.5780,5.4960,1.5040,0.3354,0,0.0000
1333.0,F3,7.00,28.8993,27.7075,27.5826,5.5005,1.4995,0.3354,0,0.0000
1334.0,F3,7.00,28.9037,27.7096,27.5864,5.5044,1.4956,0.3354,0,0.0000
1335.0,F3,7.00,28.9089,27.7137,27.5927,5.5107,1.4893,0.3354,0,0.0000
1336.0,F3,7.00,28.9137,27.7168,27.5995,5.5175,1.4825,0.3354,0,0.0000
1337.0,F3,7.00,28.9203,27.7221,27.6057,5.5237,1.4763,0.3354,0,0.0000
1338.0,F3,7.00,28.9241,27.7277,27.6109,5.5289,1.4711,0.3354,0,0.0000
1339.0,F3,7.00,28.9291,27.7305,27.6139,5.5319,1.4681,0.3354,0,0.0000
1340.0,F3,7.00,28.9321,27.7326,27.6165,5.5345,1.4655,0.3253,0,0.0000
1341.0,F3,7.00,28.9333,27.7339,27.6213,5.5393,1.4607,0.3253,0,0.0000
1342.0,F3,7.00,28.9368,27.7371,27.6229,5.5409,1.4591,0.3253,0,0.0000
1343.0,F3,7.00,28.9336,27.7360,27.6226,5.5406,1.4594,0.3253,0,0.0000
1344.0,F3,7.00,28.9345,27.7388,27.6218,5.5398,1.4602,0.3253,0,0.0000
1345.0,F3,7.00,28.9351,27.7397,27.6228,5.5408,1.4592,0.3253,0,0.0000
1346.0,F3,7.00,28.9345,27.7395,27.6243,5.5423,1.4577,0.3253,0,0.0000
1347.0,F3,7.00,28.9392,27.7447,27.6259,5.5439,1.4561,0.3253,0,0.0000
1348.0,F3,7.00,28.9428,27.7471,27.6294,5.5474,1.4526,0.3253,0,0.0000
1349.0,F3,7.00,28.9462,27.7547,27.6353,5.5533,1.4467,0.3253,0,0.0000
1350.0,F3,7.00,28.9498,27.7611,27.6378,5.5558,1.4442,0.3206,0,0.0000
1351.0,F3,7.00,28.9545,27.7621,27.6439,5.5619,1.4381,0.3206,0,0.0000
1352.0,F3,7.00,28.9591,27.7694,27.6501,5.5681,1.4319,0.3206,0,0.0000
1353.0,F3,7.00,28.9635,27.7740,27.6530,5.5710,1.4290,0.3206,0,0.0000
1354.0,F3,7.00,28.9681,27.7769,27.6616,5.5796,1.4204,0.3206,0,0.0000
1355.0,F3,7.00,28.9703,27.7823,27.6680,5.5860,1.4140,0.3206,0,0.0000
1356.0,F3,7.00,28.9748,27.7864,27.6704,5.5884,1.4116,0.3206,1,0.0000
1357.0,F3,7.00,28.9733,27.7870,27.6755,5.5935,1.4065,0.3206,1,0.0000
1358.0,F3,7.00,28.9775,27.7942,27.6762,5.5942,1.4058,0.3206,1,0.0000
1359.0,F3,7.00,28.9757,27.7975,27.6838,5.6018,1.3982,0.3206,1,0.0000
1360.0,F3,7.00,28.9789,27.8010,27.6890,5.6070,1.3930,0.3092,1,0.0000
1361.0,F3,7.00,28.9780,27.8033,27.6923,5.6103,1.3897,0.3092,1,0.0000
1362.0,F3,7.00,28.9803,27.8081,27.6970,5.6150,1.3850,0.3092,1,0.0000
1363.0,F3,7.00,28.9816,27.8089,27.6969,5.6149,1.3851,0.3092,1,0.0000
1364.0,F3,7.00,28.9822,27.8104,27.6967,5.6147,1.3853,0.3092,1,0.0000
1365.0,F3,7.00,28.9826,27.8112,27.7009,5.6189,1.3811,0.3092,1,0.0000
1366.0,F3,7.00,28.9778,27.8109,27.7021,5.6201,1.3799,0.3092,1,0.0000
1367.0,F3,7.00,28.9807,27.8141,27.7014,5.6194,1.3806,0.3092,1,0.0000
1368.0,F3,7.00,28.9767,27.8150,27.6998,5.6178,1.3822,0.3092,1,0.0000
1369.0,F3,7.00,28.9773,27.8159,27.7016,5.6196,1.3804,0.3092,1,0.0000
1370.0,F3,7.00,28.9788,27.8157,27.7012,5.6192,1.3808,0.3065,1,0.0000
1371.0,F3,7.00,28.9744,27.8116,27.6953,5.6133,1.3867,0.3065,1,0.0000
1372.0,F3,7.00,28.9691,27.8056,27.6896,5.6076,1.3924,0.3065,1,0.0000
1373.0,F3,7.00,28.9633,27.7997,27.6855,5.6035,1.3965,0.3065,1,0.0000
1374.0,F3,7.00,28.9618,27.7946,27.6823,5.6003,1.3997,0.3065,1,0.0000
1375.0,F3,7.00,28.9534,27.7902,27.6796,5.5976,1.4024,0.3065,1,0.0000
1376.0,F3,7.00,28.9482,27.7881,27.6756,5.5936,1.4064,0.3065,1,0.0000
1377.0,F3,7.00,28.9474,27.7842,27.6721,5.5901,1.4099,0.3065,1,0.0000
1378.0,F3,7.00,28.9446,27.7821,27.6713,5.5893,1.4107,0.3065,1,0.0000
1379.0,F3,7.00,28.9421,27.7829,27.6711,5.5891,1.4109,0.3065,1,0.0000
1380.0,F3,7.00,28.9337,27.7833,27.6699,5.5879,1.4121,0.3135,1,0.0000
1381.0,F3,7.00,28.9328,27.7805,27.6717,5.5897,1.4103,0.3135,1,0.0000
1382.0,F3,7.00,28.9297,27.7815,27.6717,5.5897,1.4103,0.3135,1,0.0000
1383.0,F3,7.00,28.9340,27.7824,27.6743,5.5923,1.4077,0.3135,1,0.0000
1384.0,F3,7.00,28.9334,27.7827,27.6776,5.5956,1.4044,0.3135,1,0.0000
1385.0,F3,7.00,28.9355,27.7834,27.6807,5.5987,1.4013,0.3135,1,0.0000
1386.0,F3,7.00,28.9336,27.7841,27.6817,5.5997,1.4003,0.3135,1,0.0000
1387.0,F3,7.00,28.9321,27.7867,27.6806,5.5986,1.4014,0.3135,1,0.0000
1388.0,F3,7.00,28.9320,27.7841,27.6796,5.5976,1.4024,0.3135,1,0.0000
1389.0,F3,7.00,28.9350,27.7874,27.6822,5.6002,1.3998,0.3135,1,0.0000
1390.0,F3,7.00,28.9347,27.7870,27.6884,5.6064,1.3936,0.3094,1,0.0000
1391.0,F3,7.00,28.9382,27.7894,27.6943,5.6123,1.3877,0.3094,1,0.0000
1392.0,F3,7.00,28.9428,27.7925,27.6963,5.6143,1.3857,0.3094,1,0.0000
1393.0,F3,7.00,28.9445,27.7950,27.7003,5.6183,1.3817,0.3094,1,0.0000
1394.0,F3,7.00,28.9477,27.7987,27.7054,5.6234,1.3766,0.3094,1,0.0000
1395.0,F3,7.00,28.9478,27.8017,27.7098,5.6278,1.3722,0.3094,1,0.0000
1396.0,F3,7.00,28.9492,27.8053,27.7131,5.6311,1.3689,0.3094,1,0.0000
1397.0,F3,7.00,28.9525,27.8052,27.7173,5.6353,1.3647,0.3094,1,0.0000
1398.0,F3,7.00,28.9543,27.8076,27.7203,5.6383,1.3617,0.3094,1,0.0000
1399.0,F3,7.00,28.9549,27.8085,27.7222,5.6402,1.3598,0.3094,1,0.0000
1400.0,F3,7.00,28.9580,27.8128,27.7209,5.6389,1.3611,0.3022,1,0.0000
1401.0,F3,7.00,28.9560,27.8101,27.7128,5.6308,1.3692,0.3022,1,0.0000
1402.0,F3,7.00,28.9479,27.8076,27.7007,5.6187,1.3813,0.3022,1,0.0000
1403.0,F3,7.00,28.9417,27.8078,27.6987,5.6167,1.3833,0.3022,1,0.0000
1404.0,F3,7.00,28.9401,27.8075,27.6989,5.6169,1.3831,0.3022,1,0.0000
1405.0,F3,7.00,28.9363,27.8044,27.6973,5.6153,1.3847,0.3022,1,0.0000
1406.0,F3,7.00,28.9296,27.7990,27.6952,5.6132,1.3868,0.3022,1,0.0000
1407.0,F3,7.00,28.9239,27.7938,27.6928,5.6108,1.3892,0.3022,1,0.0000
1408.0,F3,7.00,28.9169,27.7881,27.6907,5.6087,1.3913,0.3022,1,0.0000
1409.0,F3,7.00,28.9140,27.7853,27.6839,5.6019,1.3981,0.3022,1,0.0000
1410.0,F3,7.00,28.9084,27.7802,27.6801,5.5981,1.4019,0.3112,1,0.0000
1411.0,F3,7.00,28.9060,27.7788,27.6777,5.5957,1.4043,0.3112,1,0.0000
1412.0,F3,7.00,28.9074,27.7751,27.6779,5.5959,1.4041,0.3112,1,0.0000
1413.0,F3,7.00,28.9084,27.7759,27.6752,5.5932,1.4068,0.3112,0,0.0000
1414.0,F3,7.00,28.9094,27.7750,27.6766,5.5946,1.4054,0.3112,0,0.0000
1415.0,F3,7.00,28.9070,27.7707,27.6727,5.5907,1.4093,0.3112,0,0.0000
1416.0,F3,7.00,28.9005,27.7682,27.6697,5.5877,1.4123,0.3112,0,0.0000
1417.0,F3,7.00,28.8933,27.7655,27.6678,5.5858,1.4142,0.3112,0,0.0000
1418.0,F3,7.00,28.8894,27.7617,27.6654,5.5834,1.4166,0.3112,0,0.0000
1419.0,F3,7.00,28.8856,27.7577,27.6620,5.5800,1.4200,0.3112,0,0.0000
1420.0,F3,7.00,28.8801,27.7547,27.6560,5.5740,1.4260,0.3166,0,0.0000
1421.0,F3,7.00,28.8744,27.7457,27.6486,5.5666,1.4334,0.3166,0,0.0000
1422.0,F3,7.00,28.8596,27.7369,27.6387,5.5567,1.4433,0.3166,0,0.0000
1423.0,F3,7.00,28.8507,27.7303,27.6295,5.5475,1.4525,0.3166,0,0.0000
1424.0,F3,7.00,28.8434,27.7212,27.6270,5.5450,1.4550,0.3166,0,0.0000
1425.0,F3,7.00,28.8347,27.7164,27.6226,5.5406,1.4594,0.3166,0,0.0000
1426.0,F3,7.00,28.8355,27.7099,27.6151,5.5331,1.4669,0.3166,0,0.0000
1427.0,F3,7.00,28.8308,27.7070,27.6109,5.5289,1.4711,0.3166,0,0.0000
1428.0,F3,7.00,28.8257,27.7054,27.6120,5.5300,1.4700,0.3166,0,0.0000
1429.0,F3,7.00,28.8221,27.7005,27.6116,5.5296,1.4704,0.3166,0,0.0000
1430.0,F3,7.00,28.8205,27.6975,27.6080,5.5260,1.4740,0.3272,0,0.0000
1431.0,F3,7.00,28.8197,27.6934,27.6083,5.5263,1.4737,0.3272,0,0.0000
1432.0,F3,7.00,28.8209,27.6913,27.6056,5.5236,1.4764,0.3272,0,0.0000
1433.0,F3,7.00,28.8195,27.6884,27.6033,5.5213,1.4787,0.3272,0,0.0000
1434.0,F3,7.00,28.8208,27.6882,27.6020,5.5200,1.4800,0.3272,0,0.0000
1435.0,F3,7.00,28.8210,27.6883,27.6014,5.5194,1.4806,0.3272,0,0.0000
1436.0,F3,7.00,28.8218,27.6855,27.5989,5.5169,1.4831,0.3272,0,0.0000
1437.0,F3,7.00,28.8182,27.6844,27.5961,5.5141,1.4859,0.3272,0,0.0000
1438.0,F3,7.00,28.8140,27.6822,27.5933,5.5113,1.4887,0.3272,0,0.0000
1439.0,F3,7.00,28.8116,27.6768,27.5852,5.5032,1.4968,0.3272,0,0.0000
1440.0,F3,7.00,28.8073,27.6743,27.5800,5.4980,1.5020,0.3334,0,0.0000
1441.0,F3,7.00,28.8035,27.6707,27.5766,5.4946,1.5054,0.3334,0,0.0000
1442.0,F3,7.00,28.8026,27.6676,27.5714,5.4894,1.5106,0.3334,0,0.0000
1443.0,F3,7.00,28.7979,27.6649,27.5672,5.4852,1.5148,0.3334,0,0.0000
1444.0,F3,7.00,28.7980,27.6636,27.5659,5.4839,1.5161,0.3334,0,0.0000
1445.0,F3,7.00,28.7978,27.6628,27.5680,5.4860,1.5140,0.3334,0,0.0000
1446.0,F3,7.00,28.8013,27.6637,27.5686,5.4866,1.5134,0.3334,0,0.0000
1447.0,F3,7.00,28.8028,27.6643,27.5715,5.4895,1.5105,0.3334,0,0.0000
1448.0,F3,7.00,28.8071,27.6694,27.5728,5.4908,1.5092,0.3334,0,0.0000
1449.0,F3,7.00,28.8101,27.6724,27.5762,5.4942,1.5058,0.3334,0,0.0000
1450.0,F3,7.00,28.8166,27.6737,27.5796,5.4976,1.5024,0.3335,0,0.0000
1451.0,F3,7.00,28.8198,27.6742,27.5802,5.4982,1.5018,0.3335,0,0.0000
1452.0,F3,7.00,28.8235,27.6764,27.5811,5.4991,1.5009,0.3335,0,0.0000
1453.0,F3,7.00,28.8252,27.6810,27.5829,5.5009,1.4991,0.3335,0,0.0000
1454.0,F3,7.00,28.8300,27.6807,27.5846,5.5026,1.4974,0.3335,0,0.0000
1455.0,F3,7.00,28.8292,27.6817,27.5858,5.5038,1.4962,0.3335,0,0.0000
1456.0,F3,7.00,28.8291,27.6805,27.5854,5.5034,1.4966,0.3335,0,0.0000
1457.0,F3,7.00,28.8318,27.6794,27.5864,5.5044,1.4956,0.3335,0,0.0000
1458.0,F3,7.00,28.8343,27.6814,27.5872,5.5052,1.4948,0.3335,0,0.0000
1459.0,F3,7.00,28.8361,27.6790,27.5847,5.5027,1.4973,0.3335,0,0.0000
1460.0,F3,7.00,28.8421,27.6730,27.5810,5.4990,1.5010,0.3332,0,0.0000
1461.0,F3,7.00,28.8401,27.6760,27.5797,5.4977,1.5023,0.3332,0,0.0000
1462.0,F3,7.00,28.8374,27.6780,27.5799,5.4979,1.5021,0.3332,0,0.0000
1463.0,F3,7.00,28.8364,27.6751,27.5797,5.4977,1.5023,0.3332,0,0.0000
1464.0,F3,7.00,28.8349,27.6770,27.5810,5.4990,1.5010,0.3332,0,0.0000
1465.0,F3,7.00,28.8336,27.6758,27.5759,5.4939,1.5061,0.3332,0,0.0000
1466.0,F3,7.00,28.8349,27.6749,27.5730,5.4910,1.5090,0.3332,0,0.0000
1467.0,F3,7.00,28.8355,27.6770,27.5764,5.4944,1.5056,0.3332,0,0.0000
1468.0,F3,7.00,28.8387,27.6809,27.5823,5.5003,1.4997,0.3332,0,0.0000
1469.0,F3,7.00,28.8484,27.6842,27.5864,5.5044,1.4956,0.3332,0,0.0000
1470.0,F3,7.00,28.8513,27.6898,27.5931,5.5111,1.4889,0.3305,0,0.0000
1471.0,F3,7.00,28.8551,27.6921,27.5965,5.5145,1.4855,0.3305,0,0.0000
1472.0,F3,7.00,28.8588,27.6946,27.5994,5.5174,1.4826,0.3305,0,0.0000
1473.0,F3,7.00,28.8612,27.6950,27.5994,5.5174,1.4826,0.3305,0,0.0000
1474.0,F3,7.00,28.8602,27.6946,27.5955,5.5135,1.4865,0.3305,0,0.0000
1475.0,F3,7.00,28.8567,27.6910,27.5921,5.5101,1.4899,0.3305,0,0.0000
1476.0,F3,7.00,28.8526,27.6871,27.5888,5.5068,1.4932,0.3305,0,0.0000
1477.0,F3,7.00,28.8469,27.6804,27.5818,5.4998,1.5002,0.3305,0,0.0000
1478.0,F3,7.00,28.8378,27.6741,27.5710,5.4890,1.5110,0.3305,0,0.0000
1479.0,F3,7.00,28.8311,27.6687,27.5704,5.4884,1.5116,0.3305,0,0.0000
1480.0,F3,7.00,28.8264,27.6690,27.5689,5.4869,1.5131,0.3359,0,0.0000
1481.0,F3,7.00,28.8270,27.6659,27.5680,5.4860,1.5140,0.3359,0,0.0000
1482.0,F3,7.00,28.8273,27.6658,27.5681,5.4861,1.5139,0.3359,0,0.0000
1483.0,F3,7.00,28.8281,27.6662,27.5674,5.4854,1.5146,0.3359,0,0.0000
1484.0,F3,7.00,28.8344,27.6679,27.5668,5.4848,1.5152,0.3359,0,0.0000
1485.0,F3,7.00,28.8390,27.6724,27.5671,5.4851,1.5149,0.3359,0,0.0000
1486.0,F3,7.00,28.8423,27.6752,27.5679,5.4859,1.5141,0.3359,0,0.0000
1487.0,F3,7.00,28.8490,27.6778,27.5707,5.4887,1.5113,0.3359,0,0.0000
1488.0,F3,7.00,28.8524,27.6805,27.5765,5.4945,1.5055,0.3359,0,0.0000
1489.0,F3,7.00,28.8587,27.6854,27.5769,5.4949,1.5051,0.3359,0,0.0000
1490.0,F3,7.00,28.8637,27.6861,27.5814,5.4994,1.5006,0.3331,0,0.0000
1491.0,F3,7.00,28.8725,27.6924,27.5835,5.5015,1.4985,0.3331,0,0.0000
1492.0,F3,7.00,28.8790,27.6925,27.5881,5.5061,1.4939,0.3331,0,0.0000
1493.0,F3,7.00,28.8858,27.6969,27.5915,5.5095,1.4905,0.3331,0,0.0000
1494.0,F3,7.00,28.8909,27.6967,27.5926,5.5106,1.4894,0.3331,0,0.0000
1495.0,F3,7.00,28.8914,27.7009,27.5945,5.5125,1.4875,0.3331,0,0.0000
1496.0,F3,7.00,28.8951,27.7031,27.5986,5.5166,1.4834,0.3331,0,0.0000
1497.0,F3,7.00,28.8970,27.7042,27.6017,5.5197,1.4803,0.3331,0,0.0000
1498.0,F3,7.00,28.9005,27.7076,27.6002,5.5182,1.4818,0.3331,0,0.0000
1499.0,F3,7.00,28.9006,27.7091,27.6032,5.5212,1.4788,0.3331,0,0.0000
1500.0,F3,7.00,28.9011,27.7093,27.6058,5.5238,1.4762,0.3277,0,0.0000
1501.0,F3,7.00,28.9048,27.7106,27.6034,5.5214,1.4786,0.3277,0,0.0000
1502.0,F3,7.00,28.9051,27.7102,27.6029,5.5209,1.4791,0.3277,0,0.0000
1503.0,F3,7.00,28.9086,27.7145,27.6035,5.5215,1.4785,0.3277,0,0.0000
1504.0,F3,7.00,28.9122,27.7151,27.6039,5.5219,1.4781,0.3277,0,0.0000
1505.0,F3,7.00,28.9150,27.7179,27.6043,5.5223,1.4777,0.3277,0,0.0000
1506.0,F3,7.00,28.9171,27.7202,27.6068,5.5248,1.4752,0.3277,0,0.0000
1507.0,F3,7.00,28.9205,27.7203,27.6088,5.5268,1.4732,0.3277,0,0.0000
1508.0,F3,7.00,28.9215,27.7189,27.6107,5.5287,1.4713,0.3277,0,0.0000
1509.0,F3,7.00,28.9240,27.7188,27.6089,5.5269,1.4731,0.3277,0,0.0000
1510.0,F3,7.00,28.9207,27.7171,27.6092,5.5272,1.4728,0.3270,0,0.0000
1511.0,F3,7.00,28.9173,27.7168,27.6064,5.5244,1.4756,0.3270,0,0.0000
1512.0,F3,7.00,28.9142,27.7130,27.6041,5.5221,1.4779,0.3270,0,0.0000
1513.0,F3,7.00,28.9107,27.7137,27.6050,5.5230,1.4770,0.3270,0,0.0000
1514.0,F3,7.00,28.9098,27.7167,27.6077,5.5257,1.4743,0.3270,0,0.0000
1515.0,F3,7.00,28.9087,27.7184,27.6079,5.5259,1.4741,0.3270,0,0.0000
1516.0,F3,7.00,28.9107,27.7210,27.6097,5.5277,1.4723,0.3270,0,0.0000
1517.0,F3,7.00,28.9101,27.7241,27.6105,5.5285,1.4715,0.3270,0,0.0000
1518.0,F3,7.00,28.9100,27.7271,27.6120,5.5300,1.4700,0.3270,0,0.0000
1519.0,F3,7.00,28.9101,27.7279,27.6132,5.5312,1.4688,0.3270,0,0.0000
1520.0,F3,7.00,28.9067,27.7300,27.6143,5.5323,1.4677,0.3258,0,0.0000
1521.0,F3,7.00,28.9049,27.7313,27.6159,5.5339,1.4661,0.3258,0,0.0000
1522.0,F3,7.00,28.9055,27.7333,27.6182,5.5362,1.4638,0.3258,0,0.0000
1523.0,F3,7.00,28.9051,27.7361,27.6207,5.5387,1.4613,0.3258,0,0.0000
1524.0,F3,7.00,28.9096,27.7411,27.6258,5.5438,1.4562,0.3258,0,0.0000
1525.0,F3,7.00,28.9126,27.7444,27.6273,5.5453,1.4547,0.3258,0,0.0000
1526.0,F3,7.00,28.9164,27.7491,27.6328,5.5508,1.4492,0.3258,0,0.0000
1527.0,F3,7.00,28.9213,27.7515,27.6352,5.5532,1.4468,0.3258,0,0.0000
1528.0,F3,7.00,28.9271,27.7530,27.6371,5.5551,1.4449,0.3258,0,0.0000
1529.0,F3,7.00,28.9324,27.7563,27.6446,5.5626,1.4374,0.3258,1,0.0000
1530.0,F3,7.00,28.9338,27.7601,27.6464,5.5644,1.4356,0.3187,1,0.0000
1531.0,F3,7.00,28.9384,27.7627,27.6508,5.5688,1.4312,0.3187,1,0.0000
1532.0,F3,7.00,28.9394,27.7643,27.6541,5.5721,1.4279,0.3187,1,0.0000
1533.0,F3,7.00,28.9449,27.7676,27.6563,5.5743,1.4257,0.3187,1,0.0000
1534.0,F3,7.00,28.9490,27.7704,27.6586,5.5766,1.4234,0.3187,1,0.0000
1535.0,F3,7.00,28.9582,27.7753,27.6613,5.5793,1.4207,0.3187,1,0.0000
1536.0,F3,7.00,28.9686,27.7789,27.6683,5.5863,1.4137,0.3187,1,0.0000
1537.0,F3,7.00,28.9744,27.7807,27.6732,5.5912,1.4088,0.3187,1,0.0000
1538.0,F3,7.00,28.9775,27.7867,27.6783,5.5963,1.4037,0.3187,1,0.0000
1539.0,F3,7.00,28.9779,27.7916,27.6810,5.5990,1.4010,0.3187,1,0.0000
1540.0,F3,7.00,28.9783,27.7944,27.6831,5.6011,1.3989,0.3105,1,0.0000
1541.0,F3,7.00,28.9775,27.7984,27.6850,5.6030,1.3970,0.3105,1,0.0000
1542.0,F3,7.00,28.9803,27.7995,27.6824,5.6004,1.3996,0.3105,1,0.0000
1543.0,F3,7.00,28.9794,27.7967,27.6809,5.5989,1.4011,0.3105,1,0.0000
1544.0,F3,7.00,28.9772,27.7939,27.6776,5.5956,1.4044,0.3105,1,0.0000
1545.0,F3,7.00,28.9735,27.7929,27.6760,5.5940,1.4060,0.3105,1,0.0000
1546.0,F3,7.00,28.9715,27.7908,27.6748,5.5928,1.4072,0.3105,1,0.0000
1547.0,F3,7.00,28.9664,27.7890,27.6726,5.5906,1.4094,0.3105,1,0.0000
1548.0,F3,7.00,28.9611,27.7847,27.6700,5.5880,1.4120,0.3105,1,0.0000
1549.0,F3,7.00,28.9548,27.7775,27.6643,5.5823,1.4177,0.3105,1,0.0000
1550.0,F3,7.00,28.9474,27.7713,27.6540,5.5720,1.4280,0.3170,1,0.0000
1551.0,F3,7.00,28.9362,27.7653,27.6487,5.5667,1.4333,0.3170,1,0.0000
1552.0,F3,7.00,28.9272,27.7608,27.6449,5.5629,1.4371,0.3170,1,0.0000
1553.0,F3,7.00,28.9200,27.7557,27.6409,5.5589,1.4411,0.3170,1,0.0000
1554.0,F3,7.00,28.9147,27.7530,27.6385,5.5565,1.4435,0.3170,1,0.0000
1555.0,F3,7.00,28.9074,27.7473,27.6378,5.5558,1.4442,0.3170,1,0.0000
1556.0,F3,7.00,28.9011,27.7435,27.6356,5.5536,1.4464,0.3170,1,0.0000
1557.0,F3,7.00,28.8996,27.7411,27.6362,5.5542,1.4458,0.3170,1,0.0000
1558.0,F3,7.00,28.8944,27.7366,27.6328,5.5508,1.4492,0.3170,1,0.0000
1559.0,F3,7.00,28.8918,27.7349,27.6307,5.5487,1.4513,0.3170,1,0.0000
1560.0,F3,7.00,28.8874,27.7332,27.6287,5.5467,1.4533,0.3226,1,0.0000
1561.0,F3,7.00,28.8818,27.7305,27.6267,5.5447,1.4553,0.3226,1,0.0000
1562.0,F3,7.00,28.8748,27.7281,27.6220,5.5400,1.4600,0.3226,1,0.0000
1563.0,F3,7.00,28.8677,27.7216,27.6198,5.5378,1.4622,0.3226,1,0.0000
1564.0,F3,7.00,28.8621,27.7162,27.6147,5.5327,1.4673,0.3226,1,0.0000
1565.0,F3,7.00,28.8533,27.7102,27.6105,5.5285,1.4715,0.3226,1,0.0000
1566.0,F3,7.00,28.8481,27.7057,27.6063,5.5243,1.4757,0.3226,1,0.0000
1567.0,F3,7.00,28.8426,27.7007,27.6004,5.5184,1.4816,0.3226,1,0.0000
1568.0,F3,7.00,28.8392,27.6942,27.5963,5.5143,1.4857,0.3226,1,0.0000
1569.0,F3,7.00,28.8318,27.6905,27.5920,5.5100,1.4900,0.3226,1,0.0000
1570.0,F3,7.00,28.8278,27.6863,27.5870,5.5050,1.4950,0.3319,1,0.0000
# F3,method=6,r=7.00,t_phase=480,e_ss=1.469,IAE=728.43,ISE=1110.04,TV=0.222,n_on=478,n_h=3584.9,t5=not_reached,c_p=-1.361,c_pp=0.405,E=310.5
# END
