# START,method=9,KR=0.3990,TI=168.0,KI=0.00000,H=0.50,L=0.0,DELTA_T=16.60,T_P=307,CTRL_CH=2,T_amb=23.231
t_s,phase,r,T1,T2,T3,c,e,u,heater,I_term
0.0,AP,5.00,24.2591,24.1816,24.3141,1.0831,3.9169,1.0000,1,0.0000
1.0,AP,5.00,24.2548,24.1795,24.3135,1.0825,3.9175,1.0000,1,0.0000
2.0,AP,5.00,24.2520,24.1750,24.3120,1.0810,3.9190,1.0000,1,0.0000
3.0,AP,5.00,24.2531,24.1781,24.3079,1.0769,3.9231,1.0000,1,0.0000
4.0,AP,5.00,24.2607,24.1758,24.3089,1.0779,3.9221,1.0000,1,0.0000
5.0,AP,5.00,24.2699,24.1751,24.3057,1.0747,3.9253,1.0000,1,0.0000
6.0,AP,5.00,24.2802,24.1725,24.3054,1.0744,3.9256,1.0000,1,0.0000
7.0,AP,5.00,24.3024,24.1736,24.3056,1.0746,3.9254,1.0000,1,0.0000
8.0,AP,5.00,24.3406,24.1685,24.3054,1.0744,3.9256,1.0000,1,0.0000
9.0,AP,5.00,24.3767,24.1684,24.3023,1.0713,3.9287,1.0000,1,0.0000
10.0,AP,5.00,24.4212,24.1733,24.3088,1.0778,3.9222,1.0000,1,0.0000
11.0,AP,5.00,24.4763,24.1729,24.3170,1.0860,3.9140,1.0000,1,0.0000
12.0,AP,5.00,24.5385,24.1765,24.3138,1.0828,3.9172,1.0000,1,0.0000
13.0,AP,5.00,24.6039,24.1884,24.3106,1.0796,3.9204,1.0000,1,0.0000
14.0,AP,5.00,24.6743,24.1964,24.3100,1.0790,3.9210,1.0000,1,0.0000
15.0,AP,5.00,24.7460,24.2098,24.3135,1.0825,3.9175,1.0000,1,0.0000
16.0,AP,5.00,24.8162,24.2223,24.3191,1.0881,3.9119,1.0000,1,0.0000
17.0,AP,5.00,24.8908,24.2419,24.3176,1.0866,3.9134,1.0000,1,0.0000
18.0,AP,5.00,24.9735,24.2597,24.3216,1.0906,3.9094,1.0000,1,0.0000
19.0,AP,5.00,25.0566,24.2818,24.3245,1.0935,3.9065,1.0000,1,0.0000
20.0,AP,5.00,25.1359,24.3040,24.3433,1.1123,3.8877,1.0000,1,0.0000
21.0,AP,5.00,25.2146,24.3252,24.3549,1.1239,3.8761,1.0000,1,0.0000
22.0,AP,5.00,25.2944,24.3497,24.3578,1.1268,3.8732,1.0000,1,0.0000
23.0,AP,5.00,25.3823,24.3772,24.3667,1.1357,3.8643,1.0000,1,0.0000
24.0,AP,5.00,25.4715,24.4097,24.3670,1.1360,3.8640,1.0000,1,0.0000
25.0,AP,5.00,25.5556,24.4420,24.3616,1.1306,3.8694,1.0000,1,0.0000
26.0,AP,5.00,25.6419,24.4718,24.3684,1.1374,3.8626,1.0000,1,0.0000
27.0,AP,5.00,25.7366,24.5032,24.3833,1.1523,3.8477,1.0000,1,0.0000
28.0,AP,5.00,25.8152,24.5348,24.3991,1.1681,3.8319,1.0000,1,0.0000
29.0,AP,5.00,25.8940,24.5671,24.4196,1.1886,3.8114,1.0000,1,0.0000
30.0,AP,5.00,25.9730,24.6010,24.4289,1.1979,3.8021,1.0000,1,0.0000
31.0,AP,5.00,26.0467,24.6376,24.4434,1.2124,3.7876,1.0000,1,0.0000
32.0,AP,5.00,26.1235,24.6704,24.4552,1.2242,3.7758,1.0000,1,0.0000
33.0,AP,5.00,26.2074,24.7108,24.4777,1.2467,3.7533,1.0000,1,0.0000
34.0,AP,5.00,26.2894,24.7449,24.4908,1.2598,3.7402,1.0000,1,0.0000
35.0,AP,5.00,26.3693,24.7844,24.5077,1.2767,3.7233,1.0000,1,0.0000
36.0,AP,5.00,26.4428,24.8231,24.5252,1.2942,3.7058,1.0000,1,0.0000
37.0,AP,5.00,26.5325,24.8591,24.5533,1.3223,3.6777,1.0000,1,0.0000
38.0,AP,5.00,26.6178,24.8997,24.5834,1.3524,3.6476,1.0000,1,0.0000
39.0,AP,5.00,26.6978,24.9418,24.6023,1.3713,3.6287,1.0000,1,0.0000
40.0,AP,5.00,26.7723,24.9849,24.6259,1.3949,3.6051,1.0000,1,0.0000
41.0,AP,5.00,26.8459,25.0260,24.6476,1.4166,3.5834,1.0000,1,0.0000
42.0,AP,5.00,26.9254,25.0634,24.6746,1.4436,3.5564,1.0000,1,0.0000
43.0,AP,5.00,27.0018,25.1098,24.7016,1.4706,3.5294,1.0000,1,0.0000
44.0,AP,5.00,27.0829,25.1556,24.7226,1.4916,3.5084,1.0000,1,0.0000
45.0,AP,5.00,27.1721,25.1971,24.7525,1.5215,3.4785,1.0000,1,0.0000
46.0,AP,5.00,27.2510,25.2401,24.7936,1.5626,3.4374,1.0000,1,0.0000
47.0,AP,5.00,27.3228,25.2863,24.8268,1.5958,3.4042,1.0000,1,0.0000
48.0,AP,5.00,27.3958,25.3286,24.8506,1.6196,3.3804,1.0000,1,0.0000
49.0,AP,5.00,27.4646,25.3729,24.8786,1.6476,3.3524,1.0000,1,0.0000
50.0,AP,5.00,27.5319,25.4183,24.9066,1.6756,3.3244,0.9661,1,0.0000
51.0,AP,5.00,27.6017,25.4566,24.9427,1.7117,3.2883,0.9661,1,0.0000
52.0,AP,5.00,27.6663,25.5065,24.9764,1.7454,3.2546,0.9661,1,0.0000
53.0,AP,5.00,27.7514,25.5527,25.0029,1.7719,3.2281,0.9661,1,0.0000
54.0,AP,5.00,27.8252,25.6013,25.0382,1.8072,3.1928,0.9661,1,0.0000
55.0,AP,5.00,27.9019,25.6505,25.0693,1.8383,3.1617,0.9661,1,0.0000
56.0,AP,5.00,27.9678,25.6938,25.1230,1.8920,3.1080,0.9661,1,0.0000
57.0,AP,5.00,28.0333,25.7440,25.1560,1.9250,3.0750,0.9661,1,0.0000
58.0,AP,5.00,28.1084,25.7913,25.1931,1.9621,3.0379,0.9661,1,0.0000
59.0,AP,5.00,28.1774,25.8373,25.2281,1.9971,3.0029,0.9661,1,0.0000
60.0,AP,5.00,28.2477,25.8825,25.2695,2.0385,2.9615,0.8935,1,0.0000
61.0,AP,5.00,28.3216,25.9331,25.2911,2.0601,2.9399,0.8935,1,0.0000
62.0,AP,5.00,28.3865,25.9812,25.3258,2.0948,2.9052,0.8935,1,0.0000
63.0,AP,5.00,28.4405,26.0311,25.3707,2.1397,2.8603,0.8935,1,0.0000
64.0,AP,5.00,28.4933,26.0777,25.4106,2.1796,2.8204,0.8935,1,0.0000
65.0,AP,5.00,28.5569,26.1216,25.4470,2.2160,2.7840,0.8935,1,0.0000
66.0,AP,5.00,28.6180,26.1687,25.4862,2.2552,2.7448,0.8935,1,0.0000
67.0,AP,5.00,28.6812,26.2192,25.5367,2.3057,2.6943,0.8935,1,0.0000
68.0,AP,5.00,28.7429,26.2593,25.5777,2.3467,2.6533,0.8935,1,0.0000
69.0,AP,5.00,28.8057,26.3074,25.6155,2.3845,2.6155,0.8935,1,0.0000
70.0,AP,5.00,28.8593,26.3509,25.6573,2.4263,2.5737,0.8159,1,0.0000
71.0,AP,5.00,28.9147,26.3914,25.6991,2.4681,2.5319,0.8159,1,0.0000
72.0,AP,5.00,28.9727,26.4380,25.7403,2.5093,2.4907,0.8159,1,0.0000
73.0,AP,5.00,29.0340,26.4889,25.7864,2.5554,2.4446,0.8159,1,0.0000
74.0,AP,5.00,29.0880,26.5365,25.8326,2.6016,2.3984,0.8159,1,0.0000
75.0,AP,5.00,29.1447,26.5759,25.8720,2.6410,2.3590,0.8159,1,0.0000
76.0,AP,5.00,29.2129,26.6248,25.9141,2.6831,2.3169,0.8159,1,0.0000
77.0,AP,5.00,29.2686,26.6766,25.9550,2.7240,2.2760,0.8159,1,0.0000
78.0,AP,5.00,29.3167,26.7269,25.9933,2.7623,2.2377,0.8159,1,0.0000
79.0,AP,5.00,29.3692,26.7717,26.0371,2.8061,2.1939,0.8159,1,0.0000
80.0,AP,5.00,29.4210,26.8198,26.0880,2.8570,2.1430,0.7298,1,0.0000
81.0,AP,5.00,29.4656,26.8632,26.1282,2.8972,2.1028,0.7298,1,0.0000
82.0,AP,5.00,29.5186,26.9109,26.1729,2.9419,2.0581,0.7298,1,0.0000
83.0,AP,5.00,29.5547,26.9619,26.2146,2.9836,2.0164,0.7298,1,0.0000
84.0,AP,5.00,29.6030,27.0078,26.2574,3.0264,1.9736,0.7298,1,0.0000
85.0,AP,5.00,29.6515,27.0514,26.3029,3.0719,1.9281,0.7298,1,0.0000
86.0,AP,5.00,29.6973,27.0968,26.3422,3.1112,1.8888,0.7298,1,0.0000
87.0,AP,5.00,29.7400,27.1400,26.3868,3.1558,1.8442,0.7298,1,0.0000
88.0,AP,5.00,29.7806,27.1873,26.4329,3.2019,1.7981,0.7298,1,0.0000
89.0,AP,5.00,29.8212,27.2244,26.4770,3.2460,1.7540,0.7298,1,0.0000
90.0,AP,5.00,29.8591,27.2677,26.5211,3.2901,1.7099,0.6432,1,0.0000
91.0,AP,5.00,29.9152,27.3092,26.5609,3.3299,1.6701,0.6432,1,0.0000
92.0,AP,5.00,29.9538,27.3485,26.6042,3.3732,1.6268,0.6432,1,0.0000
93.0,AP,5.00,29.9951,27.3869,26.6504,3.4194,1.5806,0.6432,1,0.0000
94.0,AP,5.00,30.0351,27.4336,26.6949,3.4639,1.5361,0.6432,1,0.0000
95.0,AP,5.00,30.0709,27.4717,26.7414,3.5104,1.4896,0.6432,1,0.0000
96.0,AP,5.00,30.1101,27.5082,26.7949,3.5639,1.4361,0.6432,1,0.0000
97.0,AP,5.00,30.1572,27.5526,26.8390,3.6080,1.3920,0.6432,1,0.0000
98.0,AP,5.00,30.1945,27.5960,26.8805,3.6495,1.3505,0.6432,1,0.0000
99.0,AP,5.00,30.2340,27.6396,26.9245,3.6935,1.3065,0.6432,1,0.0000
100.0,AP,5.00,30.2742,27.6761,26.9697,3.7387,1.2613,0.5535,0,0.0000
101.0,AP,5.00,30.3056,27.7243,27.0092,3.7782,1.2218,0.5535,0,0.0000
102.0,AP,5.00,30.3296,27.7608,27.0479,3.8169,1.1831,0.5535,0,0.0000
103.0,AP,5.00,30.3549,27.7962,27.0865,3.8555,1.1445,0.5535,0,0.0000
104.0,AP,5.00,30.3815,27.8526,27.1245,3.8934,1.1066,0.5535,0,0.0000
105.0,AP,5.00,30.4066,27.8818,27.1653,3.9343,1.0657,0.5535,0,0.0000
106.0,AP,5.00,30.4258,27.9168,27.2086,3.9776,1.0224,0.5535,0,0.0000
107.0,AP,5.00,30.4404,27.9518,27.2498,4.0188,0.9812,0.5535,0,0.0000
108.0,AP,5.00,30.4635,27.9875,27.2928,4.0618,0.9382,0.5535,0,0.0000
109.0,AP,5.00,30.4963,28.0199,27.3361,4.1051,0.8949,0.5535,0,0.0000
110.0,AP,5.00,30.5233,28.0561,27.3753,4.1443,0.8557,0.4723,0,0.0000
111.0,AP,5.00,30.5462,28.0920,27.4103,4.1793,0.8207,0.4723,0,0.0000
112.0,AP,5.00,30.5686,28.1267,27.4376,4.2066,0.7934,0.4723,0,0.0000
113.0,AP,5.00,30.5881,28.1552,27.4640,4.2330,0.7670,0.4723,0,0.0000
114.0,AP,5.00,30.6054,28.1868,27.4957,4.2647,0.7353,0.4723,0,0.0000
115.0,AP,5.00,30.6152,28.2159,27.5327,4.3017,0.6983,0.4723,0,0.0000
116.0,AP,5.00,30.6277,28.2421,27.5674,4.3364,0.6636,0.4723,0,0.0000
117.0,AP,5.00,30.6441,28.2694,27.6020,4.3710,0.6290,0.4723,0,0.0000
118.0,AP,5.00,30.6567,28.2966,27.6343,4.4033,0.5967,0.4723,0,0.0000
119.0,AP,5.00,30.6629,28.3256,27.6667,4.4357,0.5643,0.4723,0,0.0000
120.0,AP,5.00,30.6756,28.3479,27.7010,4.4700,0.5300,0.4072,0,0.0000
121.0,AP,5.00,30.6887,28.3765,27.7340,4.5030,0.4970,0.4072,0,0.0000
122.0,AP,5.00,30.7068,28.4006,27.7625,4.5315,0.4685,0.4072,0,0.0000
123.0,AP,5.00,30.7138,28.4262,27.7992,4.5682,0.4318,0.4072,0,0.0000
124.0,AP,5.00,30.7140,28.4508,27.8293,4.5983,0.4017,0.4072,0,0.0000
125.0,AP,5.00,30.7183,28.4742,27.8593,4.6283,0.3717,0.4072,0,0.0000
126.0,AP,5.00,30.7271,28.4962,27.8865,4.6555,0.3445,0.4072,0,0.0000
127.0,AP,5.00,30.7359,28.5222,27.9225,4.6915,0.3085,0.4072,0,0.0000
128.0,AP,5.00,30.7456,28.5468,27.9595,4.7285,0.2715,0.4072,0,0.0000
129.0,AP,5.00,30.7569,28.5710,27.9879,4.7569,0.2431,0.4072,0,0.0000
130.0,AP,5.00,30.7629,28.5949,28.0215,4.7905,0.2095,0.3431,0,0.0000
131.0,AP,5.00,30.7683,28.6206,28.0570,4.8260,0.1740,0.3431,0,0.0000
132.0,AP,5.00,30.7779,28.6425,28.0826,4.8516,0.1484,0.3431,0,0.0000
133.0,AP,5.00,30.7833,28.6662,28.1162,4.8852,0.1148,0.3431,0,0.0000
134.0,AP,5.00,30.7912,28.6910,28.1429,4.9119,0.0881,0.3431,0,0.0000
135.0,AP,5.00,30.7966,28.7105,28.1693,4.9383,0.0617,0.3431,0,0.0000
136.0,AP,5.00,30.8022,28.7304,28.1974,4.9664,0.0336,0.3431,0,0.0000
137.0,AP,5.00,30.8141,28.7476,28.2238,4.9928,0.0072,0.3431,0,0.0000
138.0,AP,5.00,30.8193,28.7665,28.2537,5.0227,-0.0227,0.3431,0,0.0000
139.0,AP,5.00,30.8180,28.7814,28.2788,5.0478,-0.0478,0.3431,0,0.0000
# APPROACH done at t_s=140
140.0,F0,5.00,30.8122,28.7977,28.3036,5.0726,-0.0726,0.2867,0,0.0000
141.0,F0,5.00,30.8157,28.8091,28.3286,5.0976,-0.0976,0.2867,0,0.0000
142.0,F0,5.00,30.8101,28.8250,28.3543,5.1233,-0.1233,0.2867,0,0.0000
143.0,F0,5.00,30.8085,28.8442,28.3771,5.1461,-0.1461,0.2867,0,0.0000
144.0,F0,5.00,30.8028,28.8540,28.3976,5.1666,-0.1666,0.2867,0,0.0000
145.0,F0,5.00,30.7988,28.8672,28.4235,5.1925,-0.1925,0.2867,0,0.0000
146.0,F0,5.00,30.7929,28.8806,28.4450,5.2140,-0.2140,0.2867,0,0.0000
147.0,F0,5.00,30.7835,28.8891,28.4661,5.2351,-0.2351,0.2867,0,0.0000
148.0,F0,5.00,30.7674,28.9003,28.4861,5.2551,-0.2551,0.2867,0,0.0000
149.0,F0,5.00,30.7555,28.9153,28.5092,5.2782,-0.2782,0.2867,0,0.0000
150.0,F0,5.00,30.7452,28.9207,28.5305,5.2995,-0.2995,0.2413,0,0.0000
151.0,F0,5.00,30.7449,28.9353,28.5507,5.3197,-0.3197,0.2413,0,0.0000
152.0,F0,5.00,30.7461,28.9511,28.5688,5.3378,-0.3378,0.2413,0,0.0000
153.0,F0,5.00,30.7418,28.9585,28.5935,5.3625,-0.3625,0.2413,0,0.0000
154.0,F0,5.00,30.7442,28.9713,28.6116,5.3806,-0.3806,0.2413,0,0.0000
155.0,F0,5.00,30.7428,28.9856,28.6349,5.4039,-0.4039,0.2413,0,0.0000
156.0,F0,5.00,30.7393,29.0039,28.6559,5.4249,-0.4249,0.2413,0,0.0000
157.0,F0,5.00,30.7399,29.0148,28.6779,5.4469,-0.4469,0.2413,0,0.0000
158.0,F0,5.00,30.7400,29.0248,28.6973,5.4663,-0.4663,0.2413,0,0.0000
159.0,F0,5.00,30.7380,29.0353,28.7169,5.4859,-0.4859,0.2413,0,0.0000
160.0,F0,5.00,30.7341,29.0422,28.7307,5.4997,-0.4997,0.2013,0,0.0000
161.0,F0,5.00,30.7331,29.0482,28.7486,5.5176,-0.5176,0.2013,0,0.0000
162.0,F0,5.00,30.7229,29.0545,28.7644,5.5334,-0.5334,0.2013,0,0.0000
163.0,F0,5.00,30.6969,29.0586,28.7801,5.5491,-0.5491,0.2013,0,0.0000
164.0,F0,5.00,30.6840,29.0583,28.7857,5.5547,-0.5547,0.2013,0,0.0000
165.0,F0,5.00,30.6713,29.0628,28.7972,5.5662,-0.5662,0.2013,0,0.0000
166.0,F0,5.00,30.6616,29.0665,28.8121,5.5811,-0.5811,0.2013,0,0.0000
167.0,F0,5.00,30.6485,29.0721,28.8294,5.5984,-0.5984,0.2013,0,0.0000
168.0,F0,5.00,30.6468,29.0827,28.8429,5.6119,-0.6119,0.2013,0,0.0000
169.0,F0,5.00,30.6328,29.0919,28.8599,5.6289,-0.6289,0.2013,0,0.0000
170.0,F0,5.00,30.6282,29.1005,28.8767,5.6457,-0.6457,0.1721,0,0.0000
171.0,F0,5.00,30.6197,29.1027,28.8904,5.6594,-0.6594,0.1721,0,0.0000
172.0,F0,5.00,30.6068,29.1077,28.9008,5.6698,-0.6698,0.1721,0,0.0000
173.0,F0,5.00,30.5890,29.1123,28.9159,5.6849,-0.6849,0.1721,0,0.0000
174.0,F0,5.00,30.5777,29.1127,28.9219,5.6909,-0.6909,0.1721,0,0.0000
175.0,F0,5.00,30.5624,29.1199,28.9340,5.7030,-0.7030,0.1721,0,0.0000
176.0,F0,5.00,30.5461,29.1226,28.9445,5.7135,-0.7135,0.1721,0,0.0000
177.0,F0,5.00,30.5305,29.1257,28.9533,5.7223,-0.7223,0.1721,0,0.0000
178.0,F0,5.00,30.5181,29.1288,28.9651,5.7341,-0.7341,0.1721,0,0.0000
179.0,F0,5.00,30.4971,29.1256,28.9749,5.7439,-0.7439,0.1721,0,0.0000
180.0,F0,5.00,30.4827,29.1285,28.9865,5.7555,-0.7555,0.1501,0,0.0000
181.0,F0,5.00,30.4661,29.1288,28.9918,5.7608,-0.7608,0.1501,0,0.0000
182.0,F0,5.00,30.4522,29.1274,29.0011,5.7701,-0.7701,0.1501,0,0.0000
183.0,F0,5.00,30.4373,29.1307,29.0104,5.7794,-0.7794,0.1501,0,0.0000
184.0,F0,5.00,30.4157,29.1327,29.0200,5.7890,-0.7890,0.1501,0,0.0000
185.0,F0,5.00,30.4068,29.1316,29.0313,5.8002,-0.8002,0.1501,0,0.0000
186.0,F0,5.00,30.3866,29.1322,29.0377,5.8067,-0.8067,0.1501,0,0.0000
187.0,F0,5.00,30.3695,29.1273,29.0476,5.8166,-0.8166,0.1501,0,0.0000
188.0,F0,5.00,30.3444,29.1238,29.0584,5.8274,-0.8274,0.1501,0,0.0000
189.0,F0,5.00,30.3218,29.1232,29.0676,5.8366,-0.8366,0.1501,0,0.0000
190.0,F0,5.00,30.3063,29.1212,29.0697,5.8387,-0.8387,0.1335,0,0.0000
191.0,F0,5.00,30.2841,29.1168,29.0765,5.8455,-0.8455,0.1335,0,0.0000
192.0,F0,5.00,30.2720,29.1113,29.0821,5.8511,-0.8511,0.1335,0,0.0000
193.0,F0,5.00,30.2518,29.1066,29.0833,5.8523,-0.8523,0.1335,0,0.0000
194.0,F0,5.00,30.2223,29.0975,29.0835,5.8525,-0.8525,0.1335,0,0.0000
195.0,F0,5.00,30.1995,29.0896,29.0805,5.8495,-0.8495,0.1335,0,0.0000
196.0,F0,5.00,30.1737,29.0847,29.0836,5.8526,-0.8526,0.1335,0,0.0000
197.0,F0,5.00,30.1581,29.0833,29.0856,5.8546,-0.8546,0.1335,0,0.0000
198.0,F0,5.00,30.1382,29.0790,29.0911,5.8601,-0.8601,0.1335,0,0.0000
199.0,F0,5.00,30.1169,29.0727,29.0941,5.8631,-0.8631,0.1335,0,0.0000
200.0,F0,5.00,30.1023,29.0685,29.0899,5.8589,-0.8589,0.1294,0,0.0000
201.0,F0,5.00,30.0835,29.0664,29.0877,5.8567,-0.8567,0.1294,0,0.0000
202.0,F0,5.00,30.0682,29.0604,29.0963,5.8653,-0.8653,0.1294,1,0.0000
203.0,F0,5.00,30.0560,29.0516,29.0962,5.8652,-0.8652,0.1294,1,0.0000
204.0,F0,5.00,30.0452,29.0473,29.0973,5.8663,-0.8663,0.1294,1,0.0000
205.0,F0,5.00,30.0334,29.0412,29.0962,5.8652,-0.8652,0.1294,1,0.0000
206.0,F0,5.00,30.0257,29.0381,29.0960,5.8650,-0.8650,0.1294,1,0.0000
207.0,F0,5.00,30.0259,29.0428,29.1002,5.8692,-0.8692,0.1294,1,0.0000
208.0,F0,5.00,30.0205,29.0417,29.1053,5.8743,-0.8743,0.1294,1,0.0000
209.0,F0,5.00,30.0143,29.0408,29.1092,5.8782,-0.8782,0.1294,1,0.0000
210.0,F0,5.00,29.9993,29.0360,29.1097,5.8787,-0.8787,0.1255,1,0.0000
211.0,F0,5.00,29.9896,29.0372,29.1107,5.8797,-0.8797,0.1255,1,0.0000
212.0,F0,5.00,29.9827,29.0316,29.1142,5.8832,-0.8832,0.1255,1,0.0000
213.0,F0,5.00,29.9669,29.0248,29.1145,5.8835,-0.8835,0.1255,1,0.0000
214.0,F0,5.00,29.9546,29.0193,29.1182,5.8872,-0.8872,0.1255,1,0.0000
215.0,F0,5.00,29.9468,29.0101,29.1247,5.8937,-0.8937,0.1255,1,0.0000
216.0,F0,5.00,29.9374,29.0106,29.1257,5.8947,-0.8947,0.1255,1,0.0000
217.0,F0,5.00,29.9290,29.0104,29.1301,5.8991,-0.8991,0.1255,1,0.0000
218.0,F0,5.00,29.9171,29.0134,29.1370,5.9060,-0.9060,0.1255,1,0.0000
219.0,F0,5.00,29.9050,29.0056,29.1355,5.9045,-0.9045,0.1255,1,0.0000
220.0,F0,5.00,29.8954,28.9972,29.1327,5.9017,-0.9017,0.1209,1,0.0000
221.0,F0,5.00,29.8907,28.9948,29.1339,5.9029,-0.9029,0.1209,1,0.0000
222.0,F0,5.00,29.8810,28.9844,29.1387,5.9077,-0.9077,0.1209,1,0.0000
223.0,F0,5.00,29.8755,28.9795,29.1422,5.9111,-0.9111,0.1209,1,0.0000
224.0,F0,5.00,29.8686,28.9768,29.1445,5.9135,-0.9135,0.1209,1,0.0000
225.0,F0,5.00,29.8631,28.9759,29.1425,5.9115,-0.9115,0.1209,1,0.0000
226.0,F0,5.00,29.8584,28.9734,29.1399,5.9089,-0.9089,0.1209,1,0.0000
227.0,F0,5.00,29.8553,28.9656,29.1389,5.9079,-0.9079,0.1209,1,0.0000
228.0,F0,5.00,29.8538,28.9670,29.1334,5.9024,-0.9024,0.1209,1,0.0000
229.0,F0,5.00,29.8543,28.9677,29.1372,5.9062,-0.9062,0.1209,1,0.0000
230.0,F0,5.00,29.8473,28.9591,29.1368,5.9058,-0.9058,0.1200,1,0.0000
231.0,F0,5.00,29.8318,28.9576,29.1408,5.9098,-0.9098,0.1200,1,0.0000
232.0,F0,5.00,29.8145,28.9548,29.1393,5.9083,-0.9083,0.1200,1,0.0000
233.0,F0,5.00,29.7982,28.9538,29.1394,5.9084,-0.9084,0.1200,0,0.0000
234.0,F0,5.00,29.7892,28.9475,29.1392,5.9082,-0.9082,0.1200,0,0.0000
235.0,F0,5.00,29.7879,28.9516,29.1398,5.9088,-0.9088,0.1200,0,0.0000
236.0,F0,5.00,29.7777,28.9460,29.1384,5.9074,-0.9074,0.1200,0,0.0000
237.0,F0,5.00,29.7681,28.9407,29.1407,5.9097,-0.9097,0.1200,0,0.0000
238.0,F0,5.00,29.7564,28.9379,29.1377,5.9067,-0.9067,0.1200,0,0.0000
239.0,F0,5.00,29.7482,28.9331,29.1347,5.9037,-0.9037,0.1200,0,0.0000
240.0,F0,5.00,29.7433,28.9288,29.1266,5.8956,-0.8956,0.1221,0,0.0000
241.0,F0,5.00,29.7436,28.9228,29.1258,5.8948,-0.8948,0.1221,0,0.0000
242.0,F0,5.00,29.7280,28.9152,29.1222,5.8912,-0.8912,0.1221,0,0.0000
243.0,F0,5.00,29.7172,28.9146,29.1229,5.8919,-0.8919,0.1221,0,0.0000
244.0,F0,5.00,29.7011,28.9012,29.1216,5.8906,-0.8906,0.1221,0,0.0000
245.0,F0,5.00,29.6878,28.8920,29.1173,5.8863,-0.8863,0.1221,0,0.0000
246.0,F0,5.00,29.6778,28.8822,29.1138,5.8828,-0.8828,0.1221,0,0.0000
247.0,F0,5.00,29.6647,28.8740,29.1114,5.8804,-0.8804,0.1221,0,0.0000
248.0,F0,5.00,29.6497,28.8667,29.1004,5.8694,-0.8694,0.1221,0,0.0000
249.0,F0,5.00,29.6424,28.8591,29.0931,5.8621,-0.8621,0.1221,0,0.0000
250.0,F0,5.00,29.6350,28.8537,29.0830,5.8520,-0.8520,0.1308,0,0.0000
251.0,F0,5.00,29.6162,28.8410,29.0748,5.8438,-0.8438,0.1308,0,0.0000
252.0,F0,5.00,29.5965,28.8324,29.0616,5.8306,-0.8306,0.1308,0,0.0000
253.0,F0,5.00,29.5779,28.8159,29.0456,5.8146,-0.8146,0.1308,0,0.0000
254.0,F0,5.00,29.5516,28.8033,29.0388,5.8078,-0.8078,0.1308,0,0.0000
255.0,F0,5.00,29.5464,28.7937,29.0270,5.7960,-0.7960,0.1308,0,0.0000
256.0,F0,5.00,29.5400,28.7831,29.0175,5.7865,-0.7865,0.1308,0,0.0000
257.0,F0,5.00,29.5424,28.7755,29.0093,5.7783,-0.7783,0.1308,0,0.0000
258.0,F0,5.00,29.5371,28.7727,29.0034,5.7724,-0.7724,0.1308,0,0.0000
259.0,F0,5.00,29.5374,28.7720,29.0037,5.7727,-0.7727,0.1308,0,0.0000
260.0,F0,5.00,29.5374,28.7682,29.0013,5.7703,-0.7703,0.1471,0,0.0000
261.0,F0,5.00,29.5351,28.7716,29.0017,5.7707,-0.7707,0.1471,0,0.0000
262.0,F0,5.00,29.5314,28.7669,29.0032,5.7722,-0.7722,0.1471,0,0.0000
263.0,F0,5.00,29.5312,28.7627,29.0013,5.7703,-0.7703,0.1471,0,0.0000
264.0,F0,5.00,29.5279,28.7631,28.9981,5.7671,-0.7671,0.1471,0,0.0000
265.0,F0,5.00,29.5174,28.7625,28.9998,5.7688,-0.7688,0.1471,0,0.0000
266.0,F0,5.00,29.5140,28.7617,28.9987,5.7677,-0.7677,0.1471,0,0.0000
267.0,F0,5.00,29.5045,28.7575,28.9990,5.7680,-0.7680,0.1471,0,0.0000
268.0,F0,5.00,29.4972,28.7570,28.9988,5.7678,-0.7678,0.1471,0,0.0000
269.0,F0,5.00,29.4871,28.7507,28.9966,5.7656,-0.7656,0.1471,0,0.0000
270.0,F0,5.00,29.4782,28.7457,28.9937,5.7627,-0.7627,0.1487,0,0.0000
271.0,F0,5.00,29.4637,28.7412,28.9868,5.7558,-0.7558,0.1487,0,0.0000
272.0,F0,5.00,29.4478,28.7388,28.9837,5.7527,-0.7527,0.1487,0,0.0000
273.0,F0,5.00,29.4384,28.7310,28.9780,5.7470,-0.7470,0.1487,0,0.0000
274.0,F0,5.00,29.4312,28.7238,28.9700,5.7390,-0.7390,0.1487,0,0.0000
275.0,F0,5.00,29.4303,28.7119,28.9628,5.7318,-0.7318,0.1487,0,0.0000
276.0,F0,5.00,29.4307,28.7074,28.9538,5.7228,-0.7228,0.1487,0,0.0000
277.0,F0,5.00,29.4335,28.6989,28.9508,5.7198,-0.7198,0.1487,0,0.0000
278.0,F0,5.00,29.4302,28.6920,28.9408,5.7098,-0.7098,0.1487,0,0.0000
279.0,F0,5.00,29.4265,28.6923,28.9384,5.7074,-0.7074,0.1487,0,0.0000
280.0,F0,5.00,29.4163,28.6895,28.9316,5.7006,-0.7006,0.1611,0,0.0000
281.0,F0,5.00,29.4073,28.6852,28.9273,5.6963,-0.6963,0.1611,0,0.0000
282.0,F0,5.00,29.4058,28.6864,28.9217,5.6907,-0.6907,0.1611,0,0.0000
283.0,F0,5.00,29.3969,28.6820,28.9180,5.6870,-0.6870,0.1611,0,0.0000
284.0,F0,5.00,29.3922,28.6754,28.9084,5.6774,-0.6774,0.1611,0,0.0000
285.0,F0,5.00,29.3883,28.6666,28.9001,5.6691,-0.6691,0.1611,0,0.0000
286.0,F0,5.00,29.3893,28.6641,28.8945,5.6635,-0.6635,0.1611,0,0.0000
287.0,F0,5.00,29.3841,28.6637,28.8925,5.6615,-0.6615,0.1611,0,0.0000
288.0,F0,5.00,29.3810,28.6628,28.8936,5.6626,-0.6626,0.1611,0,0.0000
289.0,F0,5.00,29.3815,28.6638,28.8902,5.6592,-0.6592,0.1611,0,0.0000
290.0,F0,5.00,29.3784,28.6625,28.8893,5.6583,-0.6583,0.1695,0,0.0000
291.0,F0,5.00,29.3767,28.6638,28.8895,5.6585,-0.6585,0.1695,0,0.0000
292.0,F0,5.00,29.3735,28.6678,28.8878,5.6568,-0.6568,0.1695,0,0.0000
293.0,F0,5.00,29.3734,28.6712,28.8919,5.6609,-0.6609,0.1695,0,0.0000
294.0,F0,5.00,29.3707,28.6673,28.8914,5.6604,-0.6604,0.1695,0,0.0000
295.0,F0,5.00,29.3692,28.6671,28.8851,5.6541,-0.6541,0.1695,0,0.0000
296.0,F0,5.00,29.3614,28.6618,28.8800,5.6490,-0.6490,0.1695,0,0.0000
297.0,F0,5.00,29.3568,28.6566,28.8758,5.6448,-0.6448,0.1695,0,0.0000
298.0,F0,5.00,29.3508,28.6487,28.8691,5.6381,-0.6381,0.1695,0,0.0000
299.0,F0,5.00,29.3481,28.6413,28.8596,5.6286,-0.6286,0.1695,0,0.0000
300.0,F0,5.00,29.3433,28.6348,28.8535,5.6225,-0.6225,0.1767,0,0.0000
301.0,F0,5.00,29.3407,28.6285,28.8455,5.6145,-0.6145,0.1767,0,0.0000
302.0,F0,5.00,29.3370,28.6230,28.8389,5.6079,-0.6079,0.1767,0,0.0000
303.0,F0,5.00,29.3374,28.6187,28.8387,5.6077,-0.6077,0.1767,0,0.0000
304.0,F0,5.00,29.3355,28.6196,28.8342,5.6032,-0.6032,0.1767,0,0.0000
305.0,F0,5.00,29.3356,28.6172,28.8300,5.5990,-0.5990,0.1767,0,0.0000
306.0,F0,5.00,29.3325,28.6162,28.8287,5.5977,-0.5977,0.1767,0,0.0000
307.0,F0,5.00,29.3377,28.6087,28.8336,5.6026,-0.6026,0.1767,0,0.0000
308.0,F0,5.00,29.3400,28.6025,28.8297,5.5986,-0.5986,0.1767,0,0.0000
309.0,F0,5.00,29.3343,28.5921,28.8224,5.5914,-0.5914,0.1767,0,0.0000
310.0,F0,5.00,29.3398,28.5887,28.8201,5.5891,-0.5891,0.1834,0,0.0000
311.0,F0,5.00,29.3383,28.5816,28.8168,5.5858,-0.5858,0.1834,0,0.0000
312.0,F0,5.00,29.3401,28.5745,28.8097,5.5787,-0.5787,0.1834,0,0.0000
313.0,F0,5.00,29.3408,28.5740,28.8030,5.5720,-0.5720,0.1834,0,0.0000
314.0,F0,5.00,29.3428,28.5688,28.7937,5.5627,-0.5627,0.1834,0,0.0000
315.0,F0,5.00,29.3383,28.5606,28.7870,5.5560,-0.5560,0.1834,0,0.0000
316.0,F0,5.00,29.3374,28.5545,28.7808,5.5498,-0.5498,0.1834,0,0.0000
317.0,F0,5.00,29.3315,28.5473,28.7745,5.5435,-0.5435,0.1834,0,0.0000
318.0,F0,5.00,29.3273,28.5457,28.7751,5.5441,-0.5441,0.1834,0,0.0000
319.0,F0,5.00,29.3261,28.5423,28.7739,5.5429,-0.5429,0.1834,0,0.0000
320.0,F0,5.00,29.3220,28.5391,28.7739,5.5429,-0.5429,0.1926,0,0.0000
321.0,F0,5.00,29.3186,28.5369,28.7737,5.5427,-0.5427,0.1926,0,0.0000
322.0,F0,5.00,29.3190,28.5353,28.7715,5.5405,-0.5405,0.1926,0,0.0000
323.0,F0,5.00,29.3130,28.5317,28.7703,5.5393,-0.5393,0.1926,0,0.0000
324.0,F0,5.00,29.3117,28.5265,28.7668,5.5358,-0.5358,0.1926,0,0.0000
325.0,F0,5.00,29.3179,28.5294,28.7640,5.5330,-0.5330,0.1926,0,0.0000
326.0,F0,5.00,29.3180,28.5257,28.7584,5.5274,-0.5274,0.1926,0,0.0000
327.0,F0,5.00,29.3204,28.5240,28.7547,5.5237,-0.5237,0.1926,0,0.0000
328.0,F0,5.00,29.3264,28.5219,28.7520,5.5210,-0.5210,0.1926,0,0.0000
329.0,F0,5.00,29.3272,28.5267,28.7523,5.5213,-0.5213,0.1926,0,0.0000
330.0,F0,5.00,29.3261,28.5266,28.7520,5.5210,-0.5210,0.1970,0,0.0000
331.0,F0,5.00,29.3247,28.5317,28.7481,5.5171,-0.5171,0.1970,0,0.0000
332.0,F0,5.00,29.3263,28.5281,28.7453,5.5143,-0.5143,0.1970,0,0.0000
333.0,F0,5.00,29.3293,28.5258,28.7390,5.5080,-0.5080,0.1970,0,0.0000
334.0,F0,5.00,29.3338,28.5241,28.7345,5.5035,-0.5035,0.1970,0,0.0000
335.0,F0,5.00,29.3330,28.5229,28.7342,5.5032,-0.5032,0.1970,0,0.0000
336.0,F0,5.00,29.3356,28.5189,28.7249,5.4939,-0.4939,0.1970,0,0.0000
337.0,F0,5.00,29.3362,28.5177,28.7183,5.4873,-0.4873,0.1970,0,0.0000
338.0,F0,5.00,29.3326,28.5167,28.7128,5.4818,-0.4818,0.1970,0,0.0000
339.0,F0,5.00,29.3334,28.5110,28.7070,5.4760,-0.4760,0.1970,0,0.0000
340.0,F0,5.00,29.3378,28.5133,28.7046,5.4736,-0.4736,0.2065,0,0.0000
341.0,F0,5.00,29.3343,28.5071,28.6987,5.4677,-0.4677,0.2065,0,0.0000
342.0,F0,5.00,29.3328,28.5057,28.6957,5.4647,-0.4647,0.2065,0,0.0000
343.0,F0,5.00,29.3340,28.5078,28.6895,5.4585,-0.4585,0.2065,0,0.0000
344.0,F0,5.00,29.3256,28.5052,28.6908,5.4598,-0.4598,0.2065,0,0.0000
345.0,F0,5.00,29.3227,28.5058,28.6825,5.4515,-0.4515,0.2065,0,0.0000
346.0,F0,5.00,29.3232,28.4995,28.6825,5.4515,-0.4515,0.2065,0,0.0000
347.0,F0,5.00,29.3250,28.4977,28.6806,5.4496,-0.4496,0.2065,0,0.0000
348.0,F0,5.00,29.3290,28.4911,28.6829,5.4519,-0.4519,0.2065,0,0.0000
349.0,F0,5.00,29.3311,28.4870,28.6782,5.4472,-0.4472,0.2065,0,0.0000
350.0,F0,5.00,29.3361,28.4843,28.6761,5.4451,-0.4451,0.2122,0,0.0000
351.0,F0,5.00,29.3406,28.4784,28.6724,5.4414,-0.4414,0.2122,0,0.0000
352.0,F0,5.00,29.3395,28.4769,28.6690,5.4380,-0.4380,0.2122,0,0.0000
353.0,F0,5.00,29.3436,28.4767,28.6727,5.4417,-0.4417,0.2122,0,0.0000
354.0,F0,5.00,29.3471,28.4777,28.6719,5.4409,-0.4409,0.2122,0,0.0000
355.0,F0,5.00,29.3447,28.4793,28.6748,5.4438,-0.4438,0.2122,0,0.0000
356.0,F0,5.00,29.3500,28.4772,28.6718,5.4408,-0.4408,0.2122,0,0.0000
357.0,F0,5.00,29.3408,28.4768,28.6660,5.4350,-0.4350,0.2122,0,0.0000
358.0,F0,5.00,29.3360,28.4796,28.6619,5.4309,-0.4309,0.2122,0,0.0000
359.0,F0,5.00,29.3358,28.4753,28.6640,5.4330,-0.4330,0.2122,0,0.0000
360.0,F0,5.00,29.3327,28.4745,28.6613,5.4303,-0.4303,0.2151,0,0.0000
361.0,F0,5.00,29.3300,28.4695,28.6552,5.4242,-0.4242,0.2151,0,0.0000
362.0,F0,5.00,29.3334,28.4688,28.6491,5.4181,-0.4181,0.2151,0,0.0000
363.0,F0,5.00,29.3436,28.4702,28.6485,5.4175,-0.4175,0.2151,0,0.0000
364.0,F0,5.00,29.3533,28.4759,28.6532,5.4222,-0.4222,0.2151,0,0.0000
365.0,F0,5.00,29.3528,28.4715,28.6531,5.4221,-0.4221,0.2151,0,0.0000
366.0,F0,5.00,29.3516,28.4749,28.6466,5.4156,-0.4156,0.2151,0,0.0000
367.0,F0,5.00,29.3497,28.4691,28.6419,5.4109,-0.4109,0.2151,0,0.0000
368.0,F0,5.00,29.3438,28.4703,28.6356,5.4046,-0.4046,0.2151,0,0.0000
369.0,F0,5.00,29.3533,28.4722,28.6337,5.4027,-0.4027,0.2151,0,0.0000
370.0,F0,5.00,29.3549,28.4745,28.6349,5.4039,-0.4039,0.2204,0,0.0000
371.0,F0,5.00,29.3609,28.4785,28.6319,5.4009,-0.4009,0.2204,0,0.0000
372.0,F0,5.00,29.3683,28.4833,28.6364,5.4054,-0.4054,0.2204,0,0.0000
373.0,F0,5.00,29.3790,28.4877,28.6369,5.4059,-0.4059,0.2204,0,0.0000
374.0,F0,5.00,29.3844,28.4912,28.6373,5.4063,-0.4063,0.2204,0,0.0000
375.0,F0,5.00,29.3910,28.4948,28.6455,5.4145,-0.4145,0.2204,0,0.0000
376.0,F0,5.00,29.4007,28.5005,28.6446,5.4136,-0.4136,0.2204,0,0.0000
377.0,F0,5.00,29.4017,28.5019,28.6481,5.4171,-0.4171,0.2204,0,0.0000
378.0,F0,5.00,29.4158,28.5017,28.6482,5.4172,-0.4172,0.2204,0,0.0000
379.0,F0,5.00,29.4151,28.5078,28.6448,5.4138,-0.4138,0.2204,0,0.0000
380.0,F0,5.00,29.4158,28.5059,28.6400,5.4090,-0.4090,0.2194,1,0.0000
381.0,F0,5.00,29.4145,28.5003,28.6365,5.4055,-0.4055,0.2194,1,0.0000
382.0,F0,5.00,29.4149,28.5015,28.6331,5.4021,-0.4021,0.2194,1,0.0000
383.0,F0,5.00,29.4135,28.4989,28.6292,5.3982,-0.3982,0.2194,1,0.0000
384.0,F0,5.00,29.4117,28.4927,28.6285,5.3975,-0.3975,0.2194,1,0.0000
385.0,F0,5.00,29.4111,28.4906,28.6251,5.3941,-0.3941,0.2194,1,0.0000
386.0,F0,5.00,29.4052,28.4923,28.6226,5.3916,-0.3916,0.2194,1,0.0000
387.0,F0,5.00,29.3965,28.4861,28.6191,5.3881,-0.3881,0.2194,1,0.0000
388.0,F0,5.00,29.3951,28.4812,28.6143,5.3833,-0.3833,0.2194,1,0.0000
389.0,F0,5.00,29.3948,28.4787,28.6086,5.3776,-0.3776,0.2194,1,0.0000
390.0,F0,5.00,29.3910,28.4739,28.6031,5.3721,-0.3721,0.2268,1,0.0000
391.0,F0,5.00,29.3867,28.4763,28.6029,5.3719,-0.3719,0.2268,1,0.0000
392.0,F0,5.00,29.3807,28.4737,28.5987,5.3677,-0.3677,0.2268,1,0.0000
393.0,F0,5.00,29.3736,28.4719,28.5899,5.3589,-0.3589,0.2268,1,0.0000
394.0,F0,5.00,29.3658,28.4651,28.5905,5.3595,-0.3595,0.2268,1,0.0000
395.0,F0,5.00,29.3628,28.4626,28.5852,5.3542,-0.3542,0.2268,1,0.0000
396.0,F0,5.00,29.3628,28.4612,28.5813,5.3503,-0.3503,0.2268,1,0.0000
397.0,F0,5.00,29.3579,28.4601,28.5772,5.3462,-0.3462,0.2268,1,0.0000
398.0,F0,5.00,29.3540,28.4546,28.5753,5.3443,-0.3443,0.2268,1,0.0000
399.0,F0,5.00,29.3521,28.4443,28.5717,5.3407,-0.3407,0.2268,1,0.0000
400.0,F0,5.00,29.3436,28.4387,28.5689,5.3379,-0.3379,0.2336,1,0.0000
401.0,F0,5.00,29.3422,28.4315,28.5611,5.3301,-0.3301,0.2336,1,0.0000
402.0,F0,5.00,29.3358,28.4299,28.5571,5.3261,-0.3261,0.2336,1,0.0000
403.0,F0,5.00,29.3376,28.4289,28.5527,5.3217,-0.3217,0.2336,1,0.0000
404.0,F0,5.00,29.3409,28.4174,28.5438,5.3128,-0.3128,0.2336,1,0.0000
405.0,F0,5.00,29.3466,28.4178,28.5429,5.3119,-0.3119,0.2336,1,0.0000
406.0,F0,5.00,29.3477,28.4228,28.5481,5.3171,-0.3171,0.2336,1,0.0000
407.0,F0,5.00,29.3536,28.4267,28.5528,5.3218,-0.3218,0.2336,1,0.0000
408.0,F0,5.00,29.3517,28.4299,28.5532,5.3222,-0.3222,0.2336,1,0.0000
409.0,F0,5.00,29.3499,28.4286,28.5460,5.3150,-0.3150,0.2336,1,0.0000
410.0,F0,5.00,29.3534,28.4277,28.5424,5.3114,-0.3114,0.2389,1,0.0000
411.0,F0,5.00,29.3491,28.4306,28.5411,5.3101,-0.3101,0.2389,1,0.0000
412.0,F0,5.00,29.3478,28.4271,28.5410,5.3100,-0.3100,0.2389,1,0.0000
413.0,F0,5.00,29.3457,28.4240,28.5359,5.3049,-0.3049,0.2389,1,0.0000
414.0,F0,5.00,29.3437,28.4223,28.5352,5.3042,-0.3042,0.2389,1,0.0000
415.0,F0,5.00,29.3409,28.4187,28.5314,5.3004,-0.3004,0.2389,1,0.0000
416.0,F0,5.00,29.3491,28.4178,28.5299,5.2989,-0.2989,0.2389,1,0.0000
417.0,F0,5.00,29.3488,28.4140,28.5266,5.2955,-0.2955,0.2389,0,0.0000
418.0,F0,5.00,29.3455,28.4219,28.5250,5.2940,-0.2940,0.2389,0,0.0000
419.0,F0,5.00,29.3486,28.4209,28.5245,5.2935,-0.2935,0.2389,0,0.0000
420.0,F0,5.00,29.3424,28.4238,28.5293,5.2983,-0.2983,0.2416,0,0.0000
421.0,F0,5.00,29.3456,28.4230,28.5293,5.2983,-0.2983,0.2416,0,0.0000
422.0,F0,5.00,29.3399,28.4187,28.5296,5.2986,-0.2986,0.2416,0,0.0000
423.0,F0,5.00,29.3406,28.4103,28.5238,5.2928,-0.2928,0.2416,0,0.0000
424.0,F0,5.00,29.3322,28.4090,28.5227,5.2917,-0.2917,0.2416,0,0.0000
425.0,F0,5.00,29.3360,28.4052,28.5133,5.2823,-0.2823,0.2416,0,0.0000
426.0,F0,5.00,29.3369,28.4000,28.5130,5.2820,-0.2820,0.2416,0,0.0000
427.0,F0,5.00,29.3351,28.3977,28.5064,5.2754,-0.2754,0.2416,0,0.0000
428.0,F0,5.00,29.3382,28.3972,28.5029,5.2719,-0.2719,0.2416,0,0.0000
429.0,F0,5.00,29.3411,28.3997,28.5023,5.2713,-0.2713,0.2416,0,0.0000
430.0,F0,5.00,29.3405,28.3967,28.5074,5.2764,-0.2764,0.2459,0,0.0000
431.0,F0,5.00,29.3417,28.3974,28.5054,5.2744,-0.2744,0.2459,0,0.0000
432.0,F0,5.00,29.3418,28.3913,28.5103,5.2793,-0.2793,0.2459,0,0.0000
433.0,F0,5.00,29.3447,28.3934,28.5161,5.2851,-0.2851,0.2459,0,0.0000
434.0,F0,5.00,29.3511,28.3937,28.5203,5.2893,-0.2893,0.2459,0,0.0000
435.0,F0,5.00,29.3530,28.3936,28.5228,5.2918,-0.2918,0.2459,0,0.0000
436.0,F0,5.00,29.3511,28.3959,28.5294,5.2984,-0.2984,0.2459,0,0.0000
437.0,F0,5.00,29.3548,28.3938,28.5295,5.2985,-0.2985,0.2459,0,0.0000
438.0,F0,5.00,29.3582,28.3939,28.5291,5.2981,-0.2981,0.2459,0,0.0000
439.0,F0,5.00,29.3594,28.3962,28.5248,5.2938,-0.2938,0.2459,0,0.0000
440.0,F0,5.00,29.3669,28.3960,28.5293,5.2983,-0.2983,0.2416,0,0.0000
441.0,F1,10.00,29.3722,28.4009,28.5366,5.3056,4.6944,0.2416,0,0.0000
442.0,F1,10.00,29.3734,28.4036,28.5431,5.3121,4.6879,0.2416,0,0.0000
443.0,F1,10.00,29.3810,28.4035,28.5481,5.3171,4.6829,0.2416,0,0.0000
444.0,F1,10.00,29.3781,28.4082,28.5551,5.3241,4.6759,0.2416,0,0.0000
445.0,F1,10.00,29.3783,28.4099,28.5564,5.3254,4.6746,0.2416,0,0.0000
446.0,F1,10.00,29.3741,28.4022,28.5586,5.3276,4.6724,0.2416,0,0.0000
447.0,F1,10.00,29.3746,28.4041,28.5525,5.3215,4.6785,0.2416,0,0.0000
448.0,F1,10.00,29.3786,28.4037,28.5485,5.3175,4.6825,0.2416,0,0.0000
449.0,F1,10.00,29.3795,28.4124,28.5458,5.3148,4.6852,0.2416,0,0.0000
450.0,F1,10.00,29.3818,28.4127,28.5467,5.3157,4.6843,1.0000,1,0.1113
451.0,F1,10.00,29.3833,28.4185,28.5546,5.3236,4.6764,1.0000,1,0.1113
452.0,F1,10.00,29.3862,28.4260,28.5618,5.3308,4.6692,1.0000,1,0.1113
453.0,F1,10.00,29.3867,28.4330,28.5679,5.3369,4.6631,1.0000,1,0.1113
454.0,F1,10.00,29.3925,28.4399,28.5703,5.3393,4.6607,1.0000,1,0.1113
455.0,F1,10.00,29.4099,28.4436,28.5758,5.3448,4.6552,1.0000,1,0.1113
456.0,F1,10.00,29.4363,28.4499,28.5814,5.3504,4.6496,1.0000,1,0.1113
457.0,F1,10.00,29.4635,28.4587,28.5860,5.3550,4.6450,1.0000,1,0.1113
458.0,F1,10.00,29.4938,28.4689,28.5918,5.3608,4.6392,1.0000,1,0.1113
459.0,F1,10.00,29.5267,28.4703,28.5938,5.3628,4.6372,1.0000,1,0.1113
460.0,F1,10.00,29.5656,28.4786,28.5934,5.3624,4.6376,1.0000,1,0.2214
461.0,F1,10.00,29.6200,28.4778,28.5936,5.3626,4.6374,1.0000,1,0.2214
462.0,F1,10.00,29.6779,28.4886,28.5912,5.3602,4.6398,1.0000,1,0.2214
463.0,F1,10.00,29.7297,28.5003,28.5964,5.3654,4.6346,1.0000,1,0.2214
464.0,F1,10.00,29.7855,28.5068,28.6073,5.3763,4.6237,1.0000,1,0.2214
465.0,F1,10.00,29.8454,28.5205,28.6086,5.3776,4.6224,1.0000,1,0.2214
466.0,F1,10.00,29.9032,28.5346,28.6087,5.3777,4.6223,1.0000,1,0.2214
467.0,F1,10.00,29.9618,28.5470,28.6119,5.3809,4.6191,1.0000,1,0.2214
468.0,F1,10.00,30.0282,28.5624,28.6169,5.3859,4.6141,1.0000,1,0.2214
469.0,F1,10.00,30.0882,28.5788,28.6271,5.3961,4.6039,1.0000,1,0.2214
470.0,F1,10.00,30.1507,28.6017,28.6500,5.4190,4.5810,1.0000,1,0.3302
471.0,F1,10.00,30.2107,28.6241,28.6568,5.4258,4.5742,1.0000,1,0.3302
472.0,F1,10.00,30.2765,28.6483,28.6624,5.4314,4.5686,1.0000,1,0.3302
473.0,F1,10.00,30.3438,28.6676,28.6673,5.4363,4.5637,1.0000,1,0.3302
474.0,F1,10.00,30.4138,28.6919,28.6725,5.4415,4.5585,1.0000,1,0.3302
475.0,F1,10.00,30.4829,28.7239,28.6864,5.4554,4.5446,1.0000,1,0.3302
476.0,F1,10.00,30.5670,28.7456,28.6975,5.4665,4.5335,1.0000,1,0.3302
477.0,F1,10.00,30.6448,28.7800,28.7084,5.4774,4.5226,1.0000,1,0.3302
478.0,F1,10.00,30.7217,28.8094,28.7202,5.4892,4.5108,1.0000,1,0.3302
479.0,F1,10.00,30.7895,28.8434,28.7328,5.5018,4.4982,1.0000,1,0.3302
480.0,F1,10.00,30.8412,28.8770,28.7592,5.5282,4.4718,1.0000,1,0.4364
481.0,F1,10.00,30.8977,28.9020,28.7813,5.5503,4.4497,1.0000,1,0.4364
482.0,F1,10.00,30.9593,28.9284,28.7932,5.5622,4.4378,1.0000,1,0.4364
483.0,F1,10.00,31.0295,28.9601,28.8041,5.5731,4.4269,1.0000,1,0.4364
484.0,F1,10.00,31.0967,28.9969,28.8195,5.5885,4.4115,1.0000,1,0.4364
485.0,F1,10.00,31.1649,29.0276,28.8302,5.5992,4.4008,1.0000,1,0.4364
486.0,F1,10.00,31.2328,29.0612,28.8320,5.6010,4.3990,1.0000,1,0.4364
487.0,F1,10.00,31.2986,29.0917,28.8446,5.6136,4.3864,1.0000,1,0.4364
488.0,F1,10.00,31.3596,29.1208,28.8662,5.6352,4.3648,1.0000,1,0.4364
489.0,F1,10.00,31.4204,29.1544,28.8827,5.6517,4.3483,1.0000,1,0.4364
490.0,F1,10.00,31.4753,29.1823,28.8977,5.6667,4.3333,1.0000,1,0.5393
491.0,F1,10.00,31.5297,29.2109,28.9135,5.6825,4.3175,1.0000,1,0.5393
492.0,F1,10.00,31.5849,29.2463,28.9427,5.7117,4.2883,1.0000,1,0.5393
493.0,F1,10.00,31.6423,29.2770,28.9633,5.7323,4.2677,1.0000,1,0.5393
494.0,F1,10.00,31.7055,29.3074,28.9807,5.7497,4.2503,1.0000,1,0.5393
495.0,F1,10.00,31.7668,29.3413,29.0023,5.7713,4.2287,1.0000,1,0.5393
496.0,F1,10.00,31.8257,29.3793,29.0260,5.7950,4.2050,1.0000,1,0.5393
497.0,F1,10.00,31.8819,29.4119,29.0502,5.8192,4.1808,1.0000,1,0.5393
498.0,F1,10.00,31.9340,29.4474,29.0748,5.8438,4.1562,1.0000,1,0.5393
499.0,F1,10.00,31.9904,29.4792,29.1061,5.8751,4.1249,1.0000,1,0.5393
500.0,F1,10.00,32.0436,29.5157,29.1308,5.8998,4.1002,1.0000,1,0.6367
501.0,F1,10.00,32.0985,29.5535,29.1569,5.9259,4.0741,1.0000,1,0.6367
502.0,F1,10.00,32.1552,29.5943,29.1796,5.9486,4.0514,1.0000,1,0.6367
503.0,F1,10.00,32.2125,29.6286,29.2036,5.9726,4.0274,1.0000,1,0.6367
504.0,F1,10.00,32.2727,29.6654,29.2263,5.9953,4.0047,1.0000,1,0.6367
505.0,F1,10.00,32.3340,29.7062,29.2612,6.0302,3.9698,1.0000,1,0.6367
506.0,F1,10.00,32.3889,29.7435,29.2922,6.0612,3.9388,1.0000,1,0.6367
507.0,F1,10.00,32.4453,29.7772,29.3174,6.0864,3.9136,1.0000,1,0.6367
508.0,F1,10.00,32.4984,29.8205,29.3500,6.1190,3.8810,1.0000,1,0.6367
509.0,F1,10.00,32.5430,29.8583,29.3751,6.1441,3.8559,1.0000,1,0.6367
510.0,F1,10.00,32.5936,29.8946,29.4014,6.1704,3.8296,1.0000,1,0.7276
511.0,F1,10.00,32.6490,29.9353,29.4308,6.1998,3.8002,1.0000,1,0.7276
512.0,F1,10.00,32.7043,29.9721,29.4653,6.2343,3.7657,1.0000,1,0.7276
513.0,F1,10.00,32.7607,30.0174,29.4937,6.2627,3.7373,1.0000,1,0.7276
514.0,F1,10.00,32.8072,30.0517,29.5235,6.2925,3.7075,1.0000,1,0.7276
515.0,F1,10.00,32.8625,30.0865,29.5496,6.3186,3.6814,1.0000,1,0.7276
516.0,F1,10.00,32.9170,30.1228,29.5811,6.3501,3.6499,1.0000,1,0.7276
517.0,F1,10.00,32.9619,30.1565,29.6073,6.3763,3.6237,1.0000,1,0.7276
518.0,F1,10.00,33.0052,30.1933,29.6374,6.4064,3.5936,1.0000,1,0.7276
519.0,F1,10.00,33.0574,30.2248,29.6700,6.4390,3.5610,1.0000,1,0.7276
520.0,F1,10.00,33.1047,30.2551,29.7046,6.4736,3.5264,1.0000,1,0.8114
521.0,F1,10.00,33.1465,30.2864,29.7307,6.4997,3.5003,1.0000,1,0.8114
522.0,F1,10.00,33.1940,30.3156,29.7644,6.5334,3.4666,1.0000,1,0.8114
523.0,F1,10.00,33.2469,30.3545,29.7948,6.5638,3.4362,1.0000,1,0.8114
524.0,F1,10.00,33.2995,30.3893,29.8250,6.5940,3.4060,1.0000,1,0.8114
525.0,F1,10.00,33.3442,30.4194,29.8590,6.6280,3.3720,1.0000,1,0.8114
526.0,F1,10.00,33.3897,30.4537,29.8905,6.6595,3.3405,1.0000,1,0.8114
527.0,F1,10.00,33.4211,30.4867,29.9248,6.6938,3.3062,1.0000,1,0.8114
528.0,F1,10.00,33.4641,30.5231,29.9640,6.7330,3.2670,1.0000,1,0.8114
529.0,F1,10.00,33.5088,30.5533,29.9956,6.7646,3.2354,1.0000,1,0.8114
530.0,F1,10.00,33.5661,30.5876,30.0281,6.7971,3.2029,1.0000,1,0.8875
531.0,F1,10.00,33.6179,30.6227,30.0584,6.8274,3.1726,1.0000,1,0.8875
532.0,F1,10.00,33.6635,30.6583,30.0927,6.8617,3.1383,1.0000,1,0.8875
533.0,F1,10.00,33.7108,30.6941,30.1234,6.8924,3.1076,1.0000,1,0.8875
534.0,F1,10.00,33.7551,30.7297,30.1646,6.9335,3.0665,1.0000,1,0.8875
535.0,F1,10.00,33.7920,30.7642,30.2001,6.9691,3.0309,1.0000,1,0.8875
536.0,F1,10.00,33.8342,30.8042,30.2433,7.0123,2.9877,1.0000,1,0.8875
537.0,F1,10.00,33.8761,30.8431,30.2853,7.0543,2.9457,1.0000,1,0.8875
538.0,F1,10.00,33.9135,30.8808,30.3228,7.0918,2.9082,1.0000,1,0.8875
539.0,F1,10.00,33.9516,30.9211,30.3594,7.1284,2.8716,1.0000,1,0.8875
540.0,F1,10.00,33.9968,30.9484,30.3969,7.1658,2.8342,1.0000,1,0.9548
541.0,F1,10.00,34.0420,30.9830,30.4326,7.2016,2.7984,1.0000,1,0.9548
542.0,F1,10.00,34.0868,31.0191,30.4762,7.2452,2.7548,1.0000,1,0.9548
543.0,F1,10.00,34.1267,31.0516,30.5099,7.2789,2.7211,1.0000,1,0.9548
544.0,F1,10.00,34.1594,31.0933,30.5436,7.3126,2.6874,1.0000,1,0.9548
545.0,F1,10.00,34.2025,31.1338,30.5759,7.3449,2.6551,1.0000,1,0.9548
546.0,F1,10.00,34.2549,31.1801,30.6048,7.3738,2.6262,1.0000,1,0.9548
547.0,F1,10.00,34.2968,31.2222,30.6425,7.4115,2.5885,1.0000,1,0.9548
548.0,F1,10.00,34.3399,31.2580,30.6750,7.4440,2.5560,1.0000,1,0.9548
549.0,F1,10.00,34.3769,31.2974,30.7054,7.4744,2.5256,1.0000,1,0.9548
550.0,F1,10.00,34.4249,31.3198,30.7388,7.5078,2.4922,1.0000,1,1.0140
551.0,F1,10.00,34.4634,31.3544,30.7786,7.5476,2.4524,1.0000,1,1.0140
552.0,F1,10.00,34.5015,31.3911,30.8135,7.5825,2.4175,1.0000,1,1.0140
553.0,F1,10.00,34.5521,31.4329,30.8495,7.6185,2.3815,1.0000,1,1.0140
554.0,F1,10.00,34.5943,31.4680,30.8890,7.6580,2.3420,1.0000,1,1.0140
555.0,F1,10.00,34.6427,31.5023,30.9277,7.6967,2.3033,1.0000,1,1.0140
556.0,F1,10.00,34.6962,31.5415,30.9602,7.7292,2.2708,1.0000,1,1.0140
557.0,F1,10.00,34.7441,31.5776,30.9915,7.7605,2.2395,1.0000,1,1.0140
558.0,F1,10.00,34.7883,31.6131,31.0220,7.7910,2.2090,1.0000,1,1.0140
559.0,F1,10.00,34.8259,31.6540,31.0550,7.8240,2.1760,1.0000,1,1.0140
560.0,F1,10.00,34.8822,31.6978,31.0888,7.8578,2.1422,1.0000,1,1.0648
561.0,F1,10.00,34.9294,31.7401,31.1270,7.8960,2.1040,1.0000,1,1.0648
562.0,F1,10.00,34.9628,31.7774,31.1602,7.9292,2.0708,1.0000,1,1.0648
563.0,F1,10.00,34.9994,31.8160,31.2012,7.9702,2.0298,1.0000,1,1.0648
564.0,F1,10.00,35.0522,31.8517,31.2383,8.0072,1.9928,1.0000,1,1.0648
565.0,F1,10.00,35.0913,31.8871,31.2788,8.0478,1.9522,1.0000,1,1.0648
566.0,F1,10.00,35.1323,31.9212,31.3115,8.0805,1.9195,1.0000,1,1.0648
567.0,F1,10.00,35.1688,31.9577,31.3515,8.1205,1.8795,1.0000,1,1.0648
568.0,F1,10.00,35.2080,31.9859,31.3924,8.1614,1.8386,1.0000,1,1.0648
569.0,F1,10.00,35.2461,32.0203,31.4256,8.1946,1.8054,1.0000,1,1.0648
570.0,F1,10.00,35.2872,32.0425,31.4567,8.2257,1.7743,1.0000,1,1.1070
571.0,F1,10.00,35.3340,32.0687,31.4847,8.2537,1.7463,1.0000,1,1.1070
572.0,F1,10.00,35.3689,32.0970,31.5309,8.2999,1.7001,1.0000,1,1.1070
573.0,F1,10.00,35.4068,32.1375,31.5789,8.3479,1.6521,1.0000,1,1.1070
574.0,F1,10.00,35.4506,32.1752,31.6173,8.3863,1.6137,1.0000,1,1.1070
575.0,F1,10.00,35.4895,32.2101,31.6490,8.4180,1.5820,1.0000,1,1.1070
576.0,F1,10.00,35.5295,32.2519,31.6864,8.4554,1.5446,1.0000,1,1.1070
577.0,F1,10.00,35.5695,32.2879,31.7199,8.4889,1.5111,1.0000,1,1.1070
578.0,F1,10.00,35.6068,32.3253,31.7480,8.5170,1.4830,1.0000,1,1.1070
579.0,F1,10.00,35.6502,32.3604,31.7828,8.5518,1.4482,1.0000,1,1.1070
580.0,F1,10.00,35.6917,32.4024,31.8124,8.5814,1.4186,1.0000,1,1.1407
581.0,F1,10.00,35.7480,32.4405,31.8425,8.6115,1.3885,1.0000,1,1.1407
582.0,F1,10.00,35.7904,32.4791,31.8842,8.6532,1.3468,1.0000,1,1.1407
583.0,F1,10.00,35.8376,32.5109,31.9175,8.6865,1.3135,1.0000,1,1.1407
584.0,F1,10.00,35.8708,32.5490,31.9567,8.7257,1.2743,1.0000,1,1.1407
585.0,F1,10.00,35.9073,32.5807,31.9924,8.7614,1.2386,1.0000,1,1.1407
586.0,F1,10.00,35.9431,32.6187,32.0286,8.7976,1.2024,1.0000,1,1.1407
587.0,F1,10.00,35.9823,32.6563,32.0640,8.8330,1.1670,1.0000,1,1.1407
588.0,F1,10.00,36.0104,32.7009,32.1029,8.8719,1.1281,1.0000,1,1.1407
589.0,F1,10.00,36.0376,32.7358,32.1443,8.9133,1.0867,1.0000,1,1.1407
590.0,F1,10.00,36.0652,32.7652,32.1747,8.9437,1.0563,1.0000,1,1.1658
591.0,F1,10.00,36.1001,32.7985,32.2024,8.9714,1.0286,1.0000,1,1.1658
592.0,F1,10.00,36.1343,32.8304,32.2331,9.0021,0.9979,1.0000,1,1.1658
593.0,F1,10.00,36.1735,32.8681,32.2769,9.0459,0.9541,1.0000,1,1.1658
594.0,F1,10.00,36.2068,32.8940,32.3109,9.0799,0.9201,1.0000,1,1.1658
595.0,F1,10.00,36.2491,32.9281,32.3384,9.1074,0.8926,1.0000,1,1.1658
596.0,F1,10.00,36.2890,32.9531,32.3657,9.1347,0.8653,1.0000,1,1.1658
597.0,F1,10.00,36.3252,32.9747,32.3857,9.1546,0.8454,1.0000,1,1.1658
598.0,F1,10.00,36.3599,33.0037,32.4098,9.1788,0.8212,1.0000,1,1.1658
599.0,F1,10.00,36.3932,33.0387,32.4467,9.2157,0.7843,1.0000,1,1.1658
600.0,F1,10.00,36.4330,33.0765,32.4938,9.2628,0.7372,1.0000,1,1.1833
601.0,F1,10.00,36.4870,33.1119,32.5340,9.3030,0.6970,1.0000,1,1.1833
602.0,F1,10.00,36.5367,33.1497,32.5756,9.3446,0.6554,1.0000,1,1.1833
603.0,F1,10.00,36.5744,33.1825,32.6209,9.3899,0.6101,1.0000,1,1.1833
604.0,F1,10.00,36.6199,33.2061,32.6490,9.4180,0.5820,1.0000,1,1.1833
605.0,F1,10.00,36.6611,33.2397,32.6795,9.4485,0.5515,1.0000,1,1.1833
606.0,F1,10.00,36.7092,33.2691,32.7034,9.4724,0.5276,1.0000,1,1.1833
607.0,F1,10.00,36.7436,33.3043,32.7276,9.4966,0.5034,1.0000,1,1.1833
608.0,F1,10.00,36.7784,33.3486,32.7631,9.5321,0.4679,1.0000,1,1.1833
609.0,F1,10.00,36.8065,33.3759,32.7924,9.5614,0.4386,1.0000,1,1.1833
610.0,F1,10.00,36.8378,33.4037,32.8162,9.5852,0.4148,1.0000,1,1.1931
611.0,F1,10.00,36.8756,33.4388,32.8448,9.6138,0.3862,1.0000,1,1.1931
612.0,F1,10.00,36.9061,33.4716,32.8701,9.6391,0.3609,1.0000,1,1.1931
613.0,F1,10.00,36.9300,33.5000,32.9013,9.6703,0.3297,1.0000,1,1.1931
614.0,F1,10.00,36.9501,33.5267,32.9258,9.6948,0.3052,1.0000,1,1.1931
615.0,F1,10.00,36.9640,33.5472,32.9581,9.7271,0.2729,1.0000,1,1.1931
616.0,F1,10.00,36.9757,33.5663,32.9841,9.7531,0.2469,1.0000,1,1.1931
617.0,F1,10.00,36.9961,33.5893,33.0078,9.7768,0.2232,1.0000,1,1.1931
618.0,F1,10.00,37.0177,33.6158,33.0309,9.7999,0.2001,1.0000,1,1.1931
619.0,F1,10.00,37.0454,33.6384,33.0586,9.8276,0.1724,1.0000,1,1.1931
620.0,F1,10.00,37.0786,33.6678,33.0910,9.8600,0.1400,1.0000,1,1.1964
621.0,F1,10.00,37.1082,33.6988,33.1246,9.8936,0.1064,1.0000,1,1.1964
622.0,F1,10.00,37.1380,33.7276,33.1581,9.9271,0.0729,1.0000,1,1.1964
623.0,F1,10.00,37.1590,33.7534,33.1901,9.9591,0.0409,1.0000,1,1.1964
624.0,F1,10.00,37.1835,33.7792,33.2150,9.9840,0.0160,1.0000,1,1.1964
625.0,F1,10.00,37.2032,33.8027,33.2389,10.0079,-0.0079,1.0000,1,1.1964
626.0,F1,10.00,37.2271,33.8328,33.2651,10.0341,-0.0341,1.0000,1,1.1964
627.0,F1,10.00,37.2613,33.8605,33.2881,10.0571,-0.0571,1.0000,1,1.1964
628.0,F1,10.00,37.3029,33.8947,33.3165,10.0855,-0.0855,1.0000,1,1.1964
629.0,F1,10.00,37.3420,33.9268,33.3503,10.1193,-0.1193,1.0000,1,1.1964
630.0,F1,10.00,37.3865,33.9577,33.3651,10.1341,-0.1341,1.0000,1,1.1933
631.0,F1,10.00,37.4226,33.9902,33.3929,10.1619,-0.1619,1.0000,1,1.1933
632.0,F1,10.00,37.4454,34.0175,33.4236,10.1926,-0.1926,1.0000,1,1.1933
633.0,F1,10.00,37.4713,34.0458,33.4532,10.2222,-0.2222,1.0000,1,1.1933
634.0,F1,10.00,37.5072,34.0876,33.4833,10.2523,-0.2523,1.0000,1,1.1933
635.0,F1,10.00,37.5356,34.1195,33.5171,10.2861,-0.2861,1.0000,1,1.1933
636.0,F1,10.00,37.5654,34.1513,33.5433,10.3123,-0.3123,1.0000,1,1.1933
637.0,F1,10.00,37.5862,34.1761,33.5720,10.3410,-0.3410,1.0000,1,1.1933
638.0,F1,10.00,37.6003,34.1893,33.5901,10.3591,-0.3591,1.0000,1,1.1933
639.0,F1,10.00,37.6108,34.2066,33.6140,10.3830,-0.3830,1.0000,1,1.1933
640.0,F1,10.00,37.6262,34.2311,33.6401,10.4091,-0.4091,1.0000,1,1.1835
641.0,F1,10.00,37.6436,34.2626,33.6703,10.4393,-0.4393,1.0000,1,1.1835
642.0,F1,10.00,37.6774,34.2943,33.6985,10.4675,-0.4675,1.0000,1,1.1835
643.0,F1,10.00,37.7089,34.3311,33.7341,10.5031,-0.5031,1.0000,1,1.1835
644.0,F1,10.00,37.7496,34.3666,33.7679,10.5369,-0.5369,1.0000,1,1.1835
645.0,F1,10.00,37.7859,34.3943,33.8092,10.5782,-0.5782,1.0000,1,1.1835
646.0,F1,10.00,37.8240,34.4152,33.8371,10.6061,-0.6061,1.0000,1,1.1835
647.0,F1,10.00,37.8761,34.4492,33.8700,10.6390,-0.6390,1.0000,1,1.1835
648.0,F1,10.00,37.9028,34.4778,33.9069,10.6759,-0.6759,1.0000,1,1.1835
649.0,F1,10.00,37.9266,34.5045,33.9321,10.7011,-0.7011,1.0000,1,1.1835
650.0,F1,10.00,37.9594,34.5249,33.9553,10.7243,-0.7243,0.8774,1,1.1663
651.0,F1,10.00,37.9876,34.5423,33.9799,10.7489,-0.7489,0.8774,1,1.1663
652.0,F1,10.00,38.0195,34.5659,34.0043,10.7733,-0.7733,0.8774,1,1.1663
653.0,F1,10.00,38.0373,34.5930,34.0219,10.7909,-0.7909,0.8774,1,1.1663
654.0,F1,10.00,38.0612,34.6212,34.0484,10.8174,-0.8174,0.8774,1,1.1663
655.0,F1,10.00,38.1027,34.6463,34.0710,10.8400,-0.8400,0.8774,1,1.1663
656.0,F1,10.00,38.1529,34.6833,34.1035,10.8725,-0.8725,0.8774,1,1.1663
657.0,F1,10.00,38.1768,34.7185,34.1412,10.9102,-0.9102,0.8774,1,1.1663
658.0,F1,10.00,38.2074,34.7436,34.1738,10.9428,-0.9428,0.8774,1,1.1663
659.0,F1,10.00,38.2357,34.7701,34.2013,10.9703,-0.9703,0.8774,1,1.1663
660.0,F1,10.00,38.2523,34.7987,34.2269,10.9959,-0.9959,0.7453,1,1.1427
661.0,F1,10.00,38.2752,34.8238,34.2491,11.0181,-1.0181,0.7453,1,1.1427
662.0,F1,10.00,38.2964,34.8473,34.2665,11.0355,-1.0355,0.7453,1,1.1427
663.0,F1,10.00,38.3121,34.8659,34.2900,11.0590,-1.0590,0.7453,1,1.1427
664.0,F1,10.00,38.3209,34.8857,34.3145,11.0835,-1.0835,0.7453,1,1.1427
665.0,F1,10.00,38.3282,34.9069,34.3482,11.1172,-1.1172,0.7453,1,1.1427
666.0,F1,10.00,38.3464,34.9287,34.3680,11.1369,-1.1369,0.7453,1,1.1427
667.0,F1,10.00,38.3522,34.9532,34.3902,11.1592,-1.1592,0.7453,1,1.1427
668.0,F1,10.00,38.3671,34.9786,34.4149,11.1839,-1.1839,0.7453,1,1.1427
669.0,F1,10.00,38.3699,34.9994,34.4463,11.2153,-1.2153,0.7453,1,1.1427
670.0,F1,10.00,38.3634,35.0183,34.4774,11.2464,-1.2464,0.6158,1,1.1131
671.0,F1,10.00,38.3584,35.0409,34.4997,11.2687,-1.2687,0.6158,1,1.1131
672.0,F1,10.00,38.3482,35.0513,34.5328,11.3018,-1.3018,0.6158,1,1.1131
673.0,F1,10.00,38.3392,35.0615,34.5668,11.3358,-1.3358,0.6158,1,1.1131
674.0,F1,10.00,38.3387,35.0782,34.5938,11.3627,-1.3627,0.6158,1,1.1131
675.0,F1,10.00,38.3351,35.0899,34.6241,11.3931,-1.3931,0.6158,1,1.1131
676.0,F1,10.00,38.3369,35.1031,34.6487,11.4177,-1.4177,0.6158,1,1.1131
677.0,F1,10.00,38.3510,35.1239,34.6697,11.4387,-1.4387,0.6158,1,1.1131
678.0,F1,10.00,38.3545,35.1407,34.6945,11.4635,-1.4635,0.6158,1,1.1131
679.0,F1,10.00,38.3560,35.1597,34.7216,11.4906,-1.4906,0.6158,1,1.1131
680.0,F1,10.00,38.3503,35.1775,34.7495,11.5185,-1.5185,0.4711,1,1.0770
681.0,F1,10.00,38.3498,35.1911,34.7697,11.5387,-1.5387,0.4711,1,1.0770
682.0,F1,10.00,38.3517,35.2098,34.7908,11.5598,-1.5598,0.4711,1,1.0770
683.0,F1,10.00,38.3500,35.2205,34.8090,11.5780,-1.5780,0.4711,1,1.0770
684.0,F1,10.00,38.3486,35.2378,34.8308,11.5998,-1.5998,0.4711,1,1.0770
685.0,F1,10.00,38.3508,35.2506,34.8523,11.6213,-1.6213,0.4711,1,1.0770
686.0,F1,10.00,38.3644,35.2674,34.8733,11.6423,-1.6423,0.4711,1,1.0770
687.0,F1,10.00,38.3661,35.2887,34.8963,11.6653,-1.6653,0.4711,1,1.0770
688.0,F1,10.00,38.3659,35.3054,34.9157,11.6847,-1.6847,0.4711,1,1.0770
689.0,F1,10.00,38.3777,35.3217,34.9374,11.7064,-1.7064,0.4711,1,1.0770
690.0,F1,10.00,38.3844,35.3419,34.9537,11.7227,-1.7227,0.3488,1,1.0361
691.0,F1,10.00,38.3841,35.3568,34.9744,11.7434,-1.7434,0.3488,1,1.0361
692.0,F1,10.00,38.3864,35.3754,34.9901,11.7591,-1.7591,0.3488,1,1.0361
693.0,F1,10.00,38.3814,35.3913,35.0185,11.7875,-1.7875,0.3488,1,1.0361
694.0,F1,10.00,38.3680,35.4145,35.0426,11.8116,-1.8116,0.3488,1,1.0361
695.0,F1,10.00,38.3508,35.4288,35.0669,11.8359,-1.8359,0.3488,1,1.0361
696.0,F1,10.00,38.3302,35.4304,35.0897,11.8587,-1.8587,0.3488,1,1.0361
697.0,F1,10.00,38.3090,35.4429,35.1158,11.8848,-1.8848,0.3488,1,1.0361
698.0,F1,10.00,38.2915,35.4573,35.1418,11.9108,-1.9108,0.3488,1,1.0361
699.0,F1,10.00,38.2692,35.4662,35.1639,11.9329,-1.9329,0.3488,1,1.0361
700.0,F1,10.00,38.2491,35.4766,35.1883,11.9573,-1.9573,0.2087,0,0.9896
701.0,F1,10.00,38.2294,35.4846,35.2051,11.9741,-1.9741,0.2087,0,0.9896
702.0,F1,10.00,38.1958,35.4898,35.2203,11.9893,-1.9893,0.2087,0,0.9896
703.0,F1,10.00,38.1780,35.4946,35.2327,12.0017,-2.0017,0.2087,0,0.9896
704.0,F1,10.00,38.1492,35.5028,35.2442,12.0132,-2.0132,0.2087,0,0.9896
705.0,F1,10.00,38.1150,35.5037,35.2514,12.0204,-2.0204,0.2087,0,0.9896
706.0,F1,10.00,38.0863,35.5032,35.2569,12.0259,-2.0259,0.2087,0,0.9896
707.0,F1,10.00,38.0483,35.4995,35.2621,12.0311,-2.0311,0.2087,0,0.9896
708.0,F1,10.00,38.0053,35.5054,35.2747,12.0437,-2.0437,0.2087,0,0.9896
709.0,F1,10.00,37.9659,35.4971,35.2885,12.0575,-2.0575,0.2087,0,0.9896
710.0,F1,10.00,37.9239,35.4913,35.2917,12.0607,-2.0607,0.1185,0,0.9407
711.0,F1,10.00,37.8998,35.4822,35.3050,12.0740,-2.0740,0.1185,0,0.9407
712.0,F1,10.00,37.8803,35.4778,35.3211,12.0901,-2.0901,0.1185,0,0.9407
713.0,F1,10.00,37.8442,35.4763,35.3387,12.1077,-2.1077,0.1185,0,0.9407
714.0,F1,10.00,37.7984,35.4630,35.3468,12.1158,-2.1158,0.1185,0,0.9407
715.0,F1,10.00,37.7498,35.4567,35.3354,12.1044,-2.1044,0.1185,0,0.9407
716.0,F1,10.00,37.7007,35.4457,35.3368,12.1058,-2.1058,0.1185,0,0.9407
717.0,F1,10.00,37.6598,35.4373,35.3409,12.1099,-2.1099,0.1185,0,0.9407
718.0,F1,10.00,37.6220,35.4290,35.3446,12.1136,-2.1136,0.1185,0,0.9407
719.0,F1,10.00,37.5844,35.4224,35.3546,12.1236,-2.1236,0.1185,0,0.9407
720.0,F1,10.00,37.5501,35.4211,35.3641,12.1331,-2.1331,0.0389,0,0.8900
721.0,F1,10.00,37.5148,35.4152,35.3682,12.1372,-2.1372,0.0389,0,0.8900
722.0,F1,10.00,37.4723,35.4033,35.3690,12.1380,-2.1380,0.0389,0,0.8900
723.0,F1,10.00,37.4360,35.4022,35.3743,12.1433,-2.1433,0.0389,0,0.8900
724.0,F1,10.00,37.3992,35.3927,35.3741,12.1431,-2.1431,0.0389,0,0.8900
725.0,F1,10.00,37.3572,35.3809,35.3866,12.1556,-2.1556,0.0389,0,0.8900
726.0,F1,10.00,37.3210,35.3672,35.3973,12.1663,-2.1663,0.0389,0,0.8900
727.0,F1,10.00,37.2861,35.3580,35.4002,12.1692,-2.1692,0.0389,0,0.8900
728.0,F1,10.00,37.2525,35.3441,35.4020,12.1710,-2.1710,0.0389,0,0.8900
729.0,F1,10.00,37.2199,35.3361,35.4019,12.1709,-2.1709,0.0389,0,0.8900
730.0,F1,10.00,37.1856,35.3242,35.3969,12.1658,-2.1658,0.0000,0,0.8386
731.0,F1,10.00,37.1565,35.3010,35.3954,12.1644,-2.1644,0.0000,0,0.8386
732.0,F1,10.00,37.1273,35.2884,35.3837,12.1527,-2.1527,0.0000,0,0.8386
733.0,F1,10.00,37.0934,35.2740,35.3815,12.1505,-2.1505,0.0000,0,0.8386
734.0,F1,10.00,37.0584,35.2559,35.3782,12.1472,-2.1472,0.0000,0,0.8386
735.0,F1,10.00,37.0187,35.2423,35.3751,12.1441,-2.1441,0.0000,0,0.8386
736.0,F1,10.00,36.9686,35.2223,35.3681,12.1371,-2.1371,0.0000,0,0.8386
737.0,F1,10.00,36.9222,35.2036,35.3513,12.1203,-2.1203,0.0000,0,0.8386
738.0,F1,10.00,36.8707,35.1867,35.3396,12.1086,-2.1086,0.0000,0,0.8386
739.0,F1,10.00,36.8116,35.1621,35.3337,12.1027,-2.1027,0.0000,0,0.8386
740.0,F1,10.00,36.7546,35.1423,35.3277,12.0967,-2.0967,0.0000,0,0.7888
741.0,F1,10.00,36.6994,35.1196,35.3252,12.0942,-2.0942,0.0000,0,0.7888
742.0,F1,10.00,36.6469,35.0997,35.3291,12.0981,-2.0981,0.0000,0,0.7888
743.0,F1,10.00,36.5908,35.0789,35.3310,12.1000,-2.1000,0.0000,0,0.7888
744.0,F1,10.00,36.5415,35.0571,35.3215,12.0905,-2.0905,0.0000,0,0.7888
745.0,F1,10.00,36.4921,35.0330,35.3179,12.0869,-2.0869,0.0000,0,0.7888
746.0,F1,10.00,36.4465,35.0172,35.3088,12.0778,-2.0778,0.0000,0,0.7888
747.0,F1,10.00,36.3964,34.9987,35.2961,12.0651,-2.0651,0.0000,0,0.7888
748.0,F1,10.00,36.3427,34.9789,35.2877,12.0567,-2.0567,0.0000,0,0.7888
749.0,F1,10.00,36.3004,34.9458,35.2717,12.0407,-2.0407,0.0000,0,0.7888
750.0,F1,10.00,36.2729,34.9198,35.2549,12.0239,-2.0239,0.0000,0,0.7407
751.0,F1,10.00,36.2311,34.8897,35.2392,12.0082,-2.0082,0.0000,0,0.7407
752.0,F1,10.00,36.1969,34.8593,35.2191,11.9881,-1.9881,0.0000,0,0.7407
753.0,F1,10.00,36.1489,34.8326,35.1896,11.9586,-1.9586,0.0000,0,0.7407
754.0,F1,10.00,36.0948,34.8124,35.1774,11.9464,-1.9464,0.0000,0,0.7407
755.0,F1,10.00,36.0435,34.7751,35.1605,11.9295,-1.9295,0.0000,0,0.7407
756.0,F1,10.00,35.9931,34.7513,35.1396,11.9086,-1.9086,0.0000,0,0.7407
757.0,F1,10.00,35.9362,34.7237,35.1231,11.8921,-1.8921,0.0000,0,0.7407
758.0,F1,10.00,35.8841,34.6916,35.0984,11.8674,-1.8674,0.0000,0,0.7407
759.0,F1,10.00,35.8415,34.6657,35.0742,11.8432,-1.8432,0.0000,0,0.7407
760.0,F1,10.00,35.8008,34.6360,35.0481,11.8171,-1.8171,0.0000,0,0.6976
761.0,F1,10.00,35.7389,34.6089,35.0144,11.7834,-1.7834,0.0000,0,0.6976
762.0,F1,10.00,35.6852,34.5728,34.9843,11.7533,-1.7533,0.0000,0,0.6976
763.0,F1,10.00,35.6402,34.5362,34.9530,11.7220,-1.7220,0.0000,0,0.6976
764.0,F1,10.00,35.5997,34.5089,34.9349,11.7039,-1.7039,0.0000,0,0.6976
765.0,F1,10.00,35.5561,34.4766,34.9060,11.6750,-1.6750,0.0000,0,0.6976
766.0,F1,10.00,35.5123,34.4459,34.8844,11.6534,-1.6534,0.0000,0,0.6976
767.0,F1,10.00,35.4703,34.4133,34.8664,11.6354,-1.6354,0.0000,0,0.6976
768.0,F1,10.00,35.4195,34.3817,34.8492,11.6182,-1.6182,0.0000,0,0.6976
769.0,F1,10.00,35.3696,34.3453,34.8117,11.5807,-1.5807,0.0000,0,0.6976
770.0,F1,10.00,35.3308,34.3213,34.7823,11.5513,-1.5513,0.0417,0,0.6607
771.0,F1,10.00,35.2957,34.2959,34.7572,11.5262,-1.5262,0.0417,0,0.6607
772.0,F1,10.00,35.2656,34.2643,34.7492,11.5182,-1.5182,0.0417,0,0.6607
773.0,F1,10.00,35.2271,34.2283,34.7250,11.4940,-1.4940,0.0417,0,0.6607
774.0,F1,10.00,35.1846,34.1992,34.6994,11.4684,-1.4684,0.0417,0,0.6607
775.0,F1,10.00,35.1520,34.1746,34.6704,11.4394,-1.4394,0.0417,0,0.6607
776.0,F1,10.00,35.1133,34.1519,34.6485,11.4175,-1.4175,0.0417,0,0.6607
777.0,F1,10.00,35.0771,34.1315,34.6339,11.4029,-1.4029,0.0417,0,0.6607
778.0,F1,10.00,35.0406,34.1164,34.6178,11.3868,-1.3868,0.0417,0,0.6607
779.0,F1,10.00,35.0087,34.0969,34.6054,11.3744,-1.3744,0.0417,0,0.6607
780.0,F1,10.00,34.9751,34.0786,34.5808,11.3498,-1.3498,0.0901,0,0.6287
781.0,F1,10.00,34.9295,34.0514,34.5586,11.3276,-1.3276,0.0901,0,0.6287
782.0,F1,10.00,34.8871,34.0256,34.5396,11.3085,-1.3085,0.0901,0,0.6287
783.0,F1,10.00,34.8508,33.9937,34.5219,11.2909,-1.2909,0.0901,0,0.6287
784.0,F1,10.00,34.8073,33.9644,34.5040,11.2730,-1.2730,0.0901,0,0.6287
785.0,F1,10.00,34.7729,33.9267,34.4735,11.2425,-1.2425,0.0901,0,0.6287
786.0,F1,10.00,34.7390,33.9024,34.4553,11.2243,-1.2243,0.0901,0,0.6287
787.0,F1,10.00,34.6987,33.8743,34.4401,11.2091,-1.2091,0.0901,0,0.6287
788.0,F1,10.00,34.6658,33.8433,34.4147,11.1837,-1.1837,0.0901,0,0.6287
789.0,F1,10.00,34.6421,33.8029,34.3889,11.1579,-1.1579,0.0901,0,0.6287
790.0,F1,10.00,34.6140,33.7716,34.3642,11.1332,-1.1332,0.1496,0,0.6017
791.0,F1,10.00,34.5810,33.7338,34.3271,11.0961,-1.0961,0.1496,0,0.6017
792.0,F1,10.00,34.5515,33.7003,34.2946,11.0636,-1.0636,0.1496,0,0.6017
793.0,F1,10.00,34.5205,33.6682,34.2661,11.0351,-1.0351,0.1496,0,0.6017
794.0,F1,10.00,34.4904,33.6405,34.2411,11.0101,-1.0101,0.1496,0,0.6017
795.0,F1,10.00,34.4633,33.6160,34.2168,10.9858,-0.9858,0.1496,0,0.6017
796.0,F1,10.00,34.4391,33.5925,34.1911,10.9601,-0.9601,0.1496,0,0.6017
797.0,F1,10.00,34.4123,33.5724,34.1667,10.9357,-0.9357,0.1496,0,0.6017
798.0,F1,10.00,34.3837,33.5480,34.1412,10.9102,-0.9102,0.1496,0,0.6017
799.0,F1,10.00,34.3598,33.5182,34.1120,10.8810,-0.8810,0.1496,0,0.6017
800.0,F1,10.00,34.3408,33.4958,34.0828,10.8518,-0.8518,0.2417,1,0.5815
801.0,F1,10.00,34.3230,33.4656,34.0639,10.8329,-0.8329,0.2417,1,0.5815
802.0,F1,10.00,34.3051,33.4381,34.0365,10.8055,-0.8055,0.2417,0,0.5815
803.0,F1,10.00,34.2837,33.4087,34.0089,10.7778,-0.7778,0.2417,0,0.5815
804.0,F1,10.00,34.2676,33.3878,33.9885,10.7575,-0.7575,0.2417,1,0.5815
805.0,F1,10.00,34.2443,33.3650,33.9694,10.7384,-0.7384,0.2417,1,0.5815
806.0,F1,10.00,34.2298,33.3420,33.9478,10.7168,-0.7168,0.2417,1,0.5815
807.0,F1,10.00,34.2196,33.3246,33.9331,10.7021,-0.7021,0.2417,1,0.5815
808.0,F1,10.00,34.2042,33.3050,33.9102,10.6792,-0.6792,0.2417,1,0.5815
809.0,F1,10.00,34.1945,33.2782,33.8911,10.6601,-0.6601,0.2417,1,0.5815
810.0,F1,10.00,34.1785,33.2511,33.8722,10.6412,-0.6412,0.3105,1,0.5663
811.0,F1,10.00,34.1668,33.2302,33.8470,10.6160,-0.6160,0.3105,1,0.5663
812.0,F1,10.00,34.1487,33.2085,33.8217,10.5907,-0.5907,0.3105,1,0.5663
813.0,F1,10.00,34.1338,33.1880,33.7952,10.5642,-0.5642,0.3105,1,0.5663
814.0,F1,10.00,34.1189,33.1682,33.7747,10.5437,-0.5437,0.3105,1,0.5663
815.0,F1,10.00,34.1002,33.1465,33.7469,10.5159,-0.5159,0.3105,1,0.5663
816.0,F1,10.00,34.0844,33.1215,33.7199,10.4889,-0.4889,0.3105,1,0.5663
817.0,F1,10.00,34.0611,33.1038,33.6949,10.4639,-0.4639,0.3105,1,0.5663
818.0,F1,10.00,34.0543,33.0858,33.6691,10.4381,-0.4381,0.3105,1,0.5663
819.0,F1,10.00,34.0464,33.0704,33.6490,10.4180,-0.4180,0.3105,1,0.5663
820.0,F1,10.00,34.0383,33.0583,33.6342,10.4032,-0.4032,0.3958,1,0.5567
821.0,F1,10.00,34.0363,33.0437,33.6159,10.3849,-0.3849,0.3958,1,0.5567
822.0,F1,10.00,34.0384,33.0349,33.5962,10.3652,-0.3652,0.3958,1,0.5567
823.0,F1,10.00,34.0324,33.0175,33.5788,10.3478,-0.3478,0.3958,1,0.5567
824.0,F1,10.00,34.0250,33.0018,33.5528,10.3218,-0.3218,0.3958,1,0.5567
825.0,F1,10.00,34.0236,32.9843,33.5306,10.2996,-0.2996,0.3958,1,0.5567
826.0,F1,10.00,34.0159,32.9680,33.5161,10.2851,-0.2851,0.3958,1,0.5567
827.0,F1,10.00,34.0109,32.9510,33.4953,10.2643,-0.2643,0.3958,1,0.5567
828.0,F1,10.00,34.0021,32.9365,33.4716,10.2406,-0.2406,0.3958,1,0.5567
829.0,F1,10.00,34.0023,32.9200,33.4524,10.2214,-0.2214,0.3958,1,0.5567
830.0,F1,10.00,34.0099,32.9059,33.4383,10.2073,-0.2073,0.4691,1,0.5518
831.0,F1,10.00,34.0169,32.8894,33.4172,10.1862,-0.1862,0.4691,1,0.5518
832.0,F1,10.00,34.0187,32.8658,33.3981,10.1671,-0.1671,0.4691,1,0.5518
833.0,F1,10.00,34.0322,32.8516,33.3748,10.1438,-0.1438,0.4691,1,0.5518
834.0,F1,10.00,34.0365,32.8352,33.3483,10.1173,-0.1173,0.4691,1,0.5518
835.0,F1,10.00,34.0427,32.8222,33.3301,10.0991,-0.0991,0.4691,1,0.5518
836.0,F1,10.00,34.0432,32.8010,33.3043,10.0733,-0.0733,0.4691,1,0.5518
837.0,F1,10.00,34.0423,32.7875,33.2895,10.0585,-0.0585,0.4691,1,0.5518
838.0,F1,10.00,34.0464,32.7816,33.2670,10.0360,-0.0360,0.4691,1,0.5518
839.0,F1,10.00,34.0545,32.7722,33.2467,10.0157,-0.0157,0.4691,1,0.5518
840.0,F1,10.00,34.0580,32.7675,33.2343,10.0033,-0.0033,0.5504,1,0.5517
# F1,method=9,r=10.00,t_phase=400,e_ss=-1.187,IAE=775.24,ISE=2277.22,TV=2.309,n_on=162,n_h=1458.0,t5=370,c_p=2.166,c_pp=6.850,E=492.9
841.0,F2,7.00,34.0711,32.7670,33.2230,9.9920,-2.9920,0.5504,1,0.5517
842.0,F2,7.00,34.0822,32.7671,33.2133,9.9823,-2.9823,0.5504,1,0.5517
843.0,F2,7.00,34.0917,32.7623,33.1990,9.9680,-2.9680,0.5504,1,0.5517
844.0,F2,7.00,34.0887,32.7458,33.1743,9.9433,-2.9433,0.5504,1,0.5517
845.0,F2,7.00,34.0907,32.7340,33.1478,9.9168,-2.9168,0.5504,1,0.5517
846.0,F2,7.00,34.1105,32.7215,33.1328,9.9018,-2.9018,0.5504,1,0.5517
847.0,F2,7.00,34.1259,32.7155,33.1163,9.8853,-2.8853,0.5504,1,0.5517
848.0,F2,7.00,34.1412,32.7111,33.1018,9.8708,-2.8708,0.5504,1,0.5517
849.0,F2,7.00,34.1527,32.7105,33.0811,9.8501,-2.8501,0.5504,1,0.5517
850.0,F2,7.00,34.1655,32.7077,33.0656,9.8346,-2.8346,0.0000,0,0.4844
851.0,F2,7.00,34.1794,32.7018,33.0436,9.8126,-2.8126,0.0000,0,0.4844
852.0,F2,7.00,34.1841,32.6914,33.0302,9.7992,-2.7992,0.0000,0,0.4844
853.0,F2,7.00,34.1963,32.6800,33.0087,9.7777,-2.7777,0.0000,0,0.4844
854.0,F2,7.00,34.2053,32.6708,32.9937,9.7627,-2.7627,0.0000,0,0.4844
855.0,F2,7.00,34.2141,32.6597,32.9749,9.7439,-2.7439,0.0000,0,0.4844
856.0,F2,7.00,34.2223,32.6503,32.9659,9.7349,-2.7349,0.0000,0,0.4844
857.0,F2,7.00,34.2187,32.6469,32.9508,9.7198,-2.7198,0.0000,0,0.4844
858.0,F2,7.00,34.2038,32.6383,32.9446,9.7136,-2.7136,0.0000,0,0.4844
859.0,F2,7.00,34.1922,32.6369,32.9388,9.7078,-2.7078,0.0000,0,0.4844
860.0,F2,7.00,34.1809,32.6299,32.9344,9.7034,-2.7034,0.0000,0,0.4202
861.0,F2,7.00,34.1688,32.6336,32.9378,9.7068,-2.7068,0.0000,0,0.4202
862.0,F2,7.00,34.1503,32.6330,32.9345,9.7035,-2.7035,0.0000,0,0.4202
863.0,F2,7.00,34.1223,32.6285,32.9283,9.6973,-2.6973,0.0000,0,0.4202
864.0,F2,7.00,34.0972,32.6200,32.9206,9.6896,-2.6896,0.0000,0,0.4202
865.0,F2,7.00,34.0524,32.6106,32.9101,9.6791,-2.6791,0.0000,0,0.4202
866.0,F2,7.00,34.0073,32.5976,32.8976,9.6666,-2.6666,0.0000,0,0.4202
867.0,F2,7.00,33.9709,32.5876,32.8902,9.6592,-2.6592,0.0000,0,0.4202
868.0,F2,7.00,33.9461,32.5870,32.8910,9.6600,-2.6600,0.0000,0,0.4202
869.0,F2,7.00,33.9145,32.5846,32.8883,9.6573,-2.6573,0.0000,0,0.4202
870.0,F2,7.00,33.8651,32.5741,32.8895,9.6585,-2.6585,0.0000,0,0.3570
871.0,F2,7.00,33.8242,32.5543,32.8736,9.6426,-2.6426,0.0000,0,0.3570
872.0,F2,7.00,33.7971,32.5397,32.8548,9.6238,-2.6238,0.0000,0,0.3570
873.0,F2,7.00,33.7767,32.5309,32.8429,9.6119,-2.6119,0.0000,0,0.3570
874.0,F2,7.00,33.7551,32.5198,32.8338,9.6028,-2.6028,0.0000,0,0.3570
875.0,F2,7.00,33.7330,32.5131,32.8327,9.6017,-2.6017,0.0000,0,0.3570
876.0,F2,7.00,33.7140,32.5037,32.8352,9.6042,-2.6042,0.0000,0,0.3570
877.0,F2,7.00,33.6890,32.4962,32.8293,9.5983,-2.5983,0.0000,0,0.3570
878.0,F2,7.00,33.6601,32.4836,32.8234,9.5924,-2.5924,0.0000,0,0.3570
879.0,F2,7.00,33.6273,32.4768,32.8133,9.5823,-2.5823,0.0000,0,0.3570
880.0,F2,7.00,33.6026,32.4645,32.8105,9.5795,-2.5795,0.0000,0,0.2958
881.0,F2,7.00,33.5731,32.4560,32.8120,9.5810,-2.5810,0.0000,0,0.2958
882.0,F2,7.00,33.5326,32.4482,32.8098,9.5788,-2.5788,0.0000,0,0.2958
883.0,F2,7.00,33.4823,32.4297,32.8042,9.5732,-2.5732,0.0000,0,0.2958
884.0,F2,7.00,33.4321,32.4108,32.7914,9.5604,-2.5604,0.0000,0,0.2958
885.0,F2,7.00,33.3829,32.3866,32.7790,9.5480,-2.5480,0.0000,0,0.2958
886.0,F2,7.00,33.3491,32.3666,32.7756,9.5446,-2.5446,0.0000,0,0.2958
887.0,F2,7.00,33.3253,32.3499,32.7654,9.5344,-2.5344,0.0000,0,0.2958
888.0,F2,7.00,33.3048,32.3404,32.7515,9.5205,-2.5205,0.0000,0,0.2958
889.0,F2,7.00,33.2693,32.3344,32.7378,9.5068,-2.5068,0.0000,0,0.2958
890.0,F2,7.00,33.2507,32.3245,32.7245,9.4935,-2.4935,0.0000,0,0.2366
891.0,F2,7.00,33.2277,32.3123,32.7097,9.4787,-2.4787,0.0000,0,0.2366
892.0,F2,7.00,33.2029,32.3018,32.6971,9.4661,-2.4661,0.0000,0,0.2366
893.0,F2,7.00,33.1740,32.2836,32.6789,9.4479,-2.4479,0.0000,0,0.2366
894.0,F2,7.00,33.1386,32.2648,32.6635,9.4325,-2.4325,0.0000,0,0.2366
895.0,F2,7.00,33.1024,32.2408,32.6431,9.4121,-2.4121,0.0000,0,0.2366
896.0,F2,7.00,33.0686,32.2219,32.6178,9.3868,-2.3868,0.0000,0,0.2366
897.0,F2,7.00,33.0439,32.2015,32.5963,9.3653,-2.3653,0.0000,0,0.2366
898.0,F2,7.00,33.0136,32.1782,32.5797,9.3487,-2.3487,0.0000,0,0.2366
899.0,F2,7.00,32.9828,32.1599,32.5600,9.3290,-2.3290,0.0000,0,0.2366
900.0,F2,7.00,32.9508,32.1347,32.5453,9.3143,-2.3143,0.0000,0,0.1816
901.0,F2,7.00,32.9202,32.1099,32.5280,9.2970,-2.2970,0.0000,0,0.1816
902.0,F2,7.00,32.8830,32.0772,32.5111,9.2801,-2.2801,0.0000,0,0.1816
903.0,F2,7.00,32.8435,32.0568,32.4920,9.2610,-2.2610,0.0000,0,0.1816
904.0,F2,7.00,32.8092,32.0374,32.4774,9.2464,-2.2464,0.0000,0,0.1816
905.0,F2,7.00,32.7783,32.0151,32.4645,9.2335,-2.2335,0.0000,0,0.1816
906.0,F2,7.00,32.7515,31.9990,32.4467,9.2157,-2.2157,0.0000,0,0.1816
907.0,F2,7.00,32.7165,31.9732,32.4294,9.1984,-2.1984,0.0000,0,0.1816
908.0,F2,7.00,32.6886,31.9561,32.4062,9.1752,-2.1752,0.0000,0,0.1816
909.0,F2,7.00,32.6581,31.9340,32.3900,9.1590,-2.1590,0.0000,0,0.1816
910.0,F2,7.00,32.6386,31.9149,32.3721,9.1411,-2.1411,0.0000,0,0.1307
911.0,F2,7.00,32.6125,31.8931,32.3549,9.1239,-2.1239,0.0000,0,0.1307
912.0,F2,7.00,32.5904,31.8692,32.3389,9.1079,-2.1079,0.0000,0,0.1307
913.0,F2,7.00,32.5601,31.8437,32.3207,9.0897,-2.0897,0.0000,0,0.1307
914.0,F2,7.00,32.5322,31.8172,32.3039,9.0729,-2.0729,0.0000,0,0.1307
915.0,F2,7.00,32.5072,31.7975,32.2860,9.0550,-2.0550,0.0000,0,0.1307
916.0,F2,7.00,32.4826,31.7658,32.2700,9.0390,-2.0390,0.0000,0,0.1307
917.0,F2,7.00,32.4528,31.7363,32.2477,9.0166,-2.0166,0.0000,0,0.1307
918.0,F2,7.00,32.4274,31.7092,32.2256,8.9946,-1.9946,0.0000,0,0.1307
919.0,F2,7.00,32.3942,31.6854,32.2035,8.9725,-1.9725,0.0000,0,0.1307
920.0,F2,7.00,32.3565,31.6587,32.1787,8.9477,-1.9477,0.0000,0,0.0845
921.0,F2,7.00,32.3287,31.6326,32.1491,8.9181,-1.9181,0.0000,0,0.0845
922.0,F2,7.00,32.2868,31.6063,32.1234,8.8924,-1.8924,0.0000,0,0.0845
923.0,F2,7.00,32.2507,31.5845,32.1044,8.8734,-1.8734,0.0000,0,0.0845
924.0,F2,7.00,32.2143,31.5656,32.0838,8.8528,-1.8528,0.0000,0,0.0845
925.0,F2,7.00,32.1805,31.5420,32.0651,8.8341,-1.8341,0.0000,0,0.0845
926.0,F2,7.00,32.1433,31.5196,32.0454,8.8144,-1.8144,0.0000,0,0.0845
927.0,F2,7.00,32.1163,31.4959,32.0274,8.7964,-1.7964,0.0000,0,0.0845
928.0,F2,7.00,32.0953,31.4741,32.0067,8.7757,-1.7757,0.0000,0,0.0845
929.0,F2,7.00,32.0724,31.4544,31.9865,8.7555,-1.7555,0.0000,0,0.0845
930.0,F2,7.00,32.0509,31.4398,31.9646,8.7336,-1.7336,0.0000,0,0.0433
931.0,F2,7.00,32.0255,31.4203,31.9409,8.7099,-1.7099,0.0000,0,0.0433
932.0,F2,7.00,32.0079,31.4022,31.9253,8.6943,-1.6943,0.0000,0,0.0433
933.0,F2,7.00,31.9879,31.3841,31.9055,8.6745,-1.6745,0.0000,0,0.0433
934.0,F2,7.00,31.9704,31.3655,31.8886,8.6576,-1.6576,0.0000,0,0.0433
935.0,F2,7.00,31.9514,31.3506,31.8620,8.6310,-1.6310,0.0000,0,0.0433
936.0,F2,7.00,31.9295,31.3376,31.8406,8.6096,-1.6096,0.0000,0,0.0433
937.0,F2,7.00,31.9130,31.3198,31.8211,8.5901,-1.5901,0.0000,0,0.0433
938.0,F2,7.00,31.8895,31.3037,31.7992,8.5682,-1.5682,0.0000,0,0.0433
939.0,F2,7.00,31.8540,31.2841,31.7784,8.5474,-1.5474,0.0000,0,0.0433
940.0,F2,7.00,31.8342,31.2582,31.7565,8.5255,-1.5255,0.0000,0,0.0071
941.0,F2,7.00,31.8110,31.2410,31.7401,8.5091,-1.5091,0.0000,0,0.0071
942.0,F2,7.00,31.7869,31.2244,31.7169,8.4859,-1.4859,0.0000,0,0.0071
943.0,F2,7.00,31.7718,31.2047,31.7003,8.4693,-1.4693,0.0000,0,0.0071
944.0,F2,7.00,31.7475,31.1918,31.6832,8.4522,-1.4522,0.0000,0,0.0071
945.0,F2,7.00,31.7224,31.1704,31.6611,8.4301,-1.4301,0.0000,0,0.0071
946.0,F2,7.00,31.6936,31.1467,31.6400,8.4090,-1.4090,0.0000,0,0.0071
947.0,F2,7.00,31.6757,31.1135,31.6195,8.3885,-1.3885,0.0000,0,0.0071
948.0,F2,7.00,31.6518,31.0889,31.5969,8.3659,-1.3659,0.0000,0,0.0071
949.0,F2,7.00,31.6199,31.0703,31.5760,8.3450,-1.3450,0.0000,0,0.0071
950.0,F2,7.00,31.5942,31.0455,31.5479,8.3169,-1.3169,0.0000,0,-0.0242
951.0,F2,7.00,31.5650,31.0239,31.5150,8.2840,-1.2840,0.0000,0,-0.0242
952.0,F2,7.00,31.5379,31.0029,31.4889,8.2579,-1.2579,0.0000,0,-0.0242
953.0,F2,7.00,31.5193,30.9846,31.4631,8.2321,-1.2321,0.0000,0,-0.0242
954.0,F2,7.00,31.4937,30.9764,31.4458,8.2148,-1.2148,0.0000,0,-0.0242
955.0,F2,7.00,31.4672,30.9529,31.4233,8.1923,-1.1923,0.0000,0,-0.0242
956.0,F2,7.00,31.4328,30.9288,31.4029,8.1719,-1.1719,0.0000,0,-0.0242
957.0,F2,7.00,31.4011,30.9034,31.3795,8.1485,-1.1485,0.0000,0,-0.0242
958.0,F2,7.00,31.3748,30.8773,31.3576,8.1266,-1.1266,0.0000,0,-0.0242
959.0,F2,7.00,31.3517,30.8508,31.3361,8.1051,-1.1051,0.0000,0,-0.0242
960.0,F2,7.00,31.3261,30.8235,31.3132,8.0822,-1.0822,0.0000,0,-0.0499
961.0,F2,7.00,31.2882,30.7909,31.2859,8.0549,-1.0549,0.0000,0,-0.0499
962.0,F2,7.00,31.2614,30.7574,31.2558,8.0248,-1.0248,0.0000,0,-0.0499
963.0,F2,7.00,31.2322,30.7307,31.2251,7.9941,-0.9941,0.0000,0,-0.0499
964.0,F2,7.00,31.2010,30.7023,31.2068,7.9758,-0.9758,0.0000,0,-0.0499
965.0,F2,7.00,31.1713,30.6826,31.1837,7.9527,-0.9527,0.0000,0,-0.0499
966.0,F2,7.00,31.1483,30.6669,31.1607,7.9297,-0.9297,0.0000,0,-0.0499
967.0,F2,7.00,31.1325,30.6404,31.1425,7.9115,-0.9115,0.0000,0,-0.0499
968.0,F2,7.00,31.1172,30.6234,31.1173,7.8863,-0.8863,0.0000,0,-0.0499
969.0,F2,7.00,31.0973,30.6019,31.1008,7.8698,-0.8698,0.0000,0,-0.0499
970.0,F2,7.00,31.0746,30.5803,31.0863,7.8553,-0.8553,0.0000,0,-0.0702
971.0,F2,7.00,31.0532,30.5575,31.0653,7.8343,-0.8343,0.0000,0,-0.0702
972.0,F2,7.00,31.0354,30.5435,31.0540,7.8230,-0.8230,0.0000,0,-0.0702
973.0,F2,7.00,31.0185,30.5293,31.0393,7.8083,-0.8083,0.0000,0,-0.0702
974.0,F2,7.00,30.9955,30.5162,31.0222,7.7912,-0.7912,0.0000,0,-0.0702
975.0,F2,7.00,30.9720,30.5028,31.0112,7.7802,-0.7802,0.0000,0,-0.0702
976.0,F2,7.00,30.9513,30.4814,30.9941,7.7631,-0.7631,0.0000,0,-0.0702
977.0,F2,7.00,30.9226,30.4643,30.9781,7.7471,-0.7471,0.0000,0,-0.0702
978.0,F2,7.00,30.8972,30.4409,30.9595,7.7285,-0.7285,0.0000,0,-0.0702
979.0,F2,7.00,30.8693,30.4101,30.9399,7.7089,-0.7089,0.0000,0,-0.0702
980.0,F2,7.00,30.8380,30.3855,30.9116,7.6806,-0.6806,0.0000,0,-0.0864
981.0,F2,7.00,30.8094,30.3614,30.8861,7.6551,-0.6551,0.0000,0,-0.0864
982.0,F2,7.00,30.7847,30.3376,30.8717,7.6407,-0.6407,0.0000,0,-0.0864
983.0,F2,7.00,30.7671,30.3211,30.8555,7.6245,-0.6245,0.0000,0,-0.0864
984.0,F2,7.00,30.7552,30.3005,30.8380,7.6070,-0.6070,0.0000,0,-0.0864
985.0,F2,7.00,30.7383,30.2856,30.8265,7.5955,-0.5955,0.0000,0,-0.0864
986.0,F2,7.00,30.7261,30.2709,30.8136,7.5826,-0.5826,0.0000,0,-0.0864
987.0,F2,7.00,30.7119,30.2564,30.8000,7.5690,-0.5690,0.0000,0,-0.0864
988.0,F2,7.00,30.6883,30.2437,30.7863,7.5553,-0.5553,0.0000,0,-0.0864
989.0,F2,7.00,30.6674,30.2211,30.7759,7.5449,-0.5449,0.0000,0,-0.0864
990.0,F2,7.00,30.6475,30.2050,30.7599,7.5289,-0.5289,0.0000,0,-0.0989
991.0,F2,7.00,30.6220,30.1873,30.7455,7.5145,-0.5145,0.0000,0,-0.0989
992.0,F2,7.00,30.6003,30.1714,30.7271,7.4960,-0.4960,0.0000,0,-0.0989
993.0,F2,7.00,30.5781,30.1698,30.7142,7.4832,-0.4832,0.0000,0,-0.0989
994.0,F2,7.00,30.5553,30.1497,30.6920,7.4610,-0.4610,0.0000,0,-0.0989
995.0,F2,7.00,30.5325,30.1287,30.6795,7.4485,-0.4485,0.0000,0,-0.0989
996.0,F2,7.00,30.5088,30.1115,30.6559,7.4249,-0.4249,0.0000,0,-0.0989
997.0,F2,7.00,30.4868,30.0925,30.6389,7.4079,-0.4079,0.0000,0,-0.0989
998.0,F2,7.00,30.4747,30.0846,30.6167,7.3857,-0.3857,0.0000,0,-0.0989
999.0,F2,7.00,30.4622,30.0685,30.6021,7.3711,-0.3711,0.0000,0,-0.0989
1000.0,F2,7.00,30.4475,30.0602,30.5818,7.3508,-0.3508,0.0000,0,-0.1073
1001.0,F2,7.00,30.4360,30.0434,30.5641,7.3331,-0.3331,0.0000,0,-0.1073
1002.0,F2,7.00,30.4290,30.0358,30.5473,7.3163,-0.3163,0.0000,0,-0.1073
1003.0,F2,7.00,30.4186,30.0202,30.5312,7.3002,-0.3002,0.0000,0,-0.1073
1004.0,F2,7.00,30.4019,30.0081,30.5179,7.2869,-0.2869,0.0000,0,-0.1073
1005.0,F2,7.00,30.3882,29.9925,30.5015,7.2705,-0.2705,0.0000,0,-0.1073
1006.0,F2,7.00,30.3770,29.9792,30.4840,7.2530,-0.2530,0.0000,0,-0.1073
1007.0,F2,7.00,30.3658,29.9659,30.4687,7.2377,-0.2377,0.0000,0,-0.1073
1008.0,F2,7.00,30.3491,29.9516,30.4525,7.2215,-0.2215,0.0000,0,-0.1073
1009.0,F2,7.00,30.3307,29.9348,30.4362,7.2052,-0.2052,0.0000,0,-0.1073
1010.0,F2,7.00,30.3119,29.9152,30.4223,7.1913,-0.1913,0.0000,0,-0.1118
1011.0,F2,7.00,30.2878,29.8875,30.4068,7.1758,-0.1758,0.0000,0,-0.1118
1012.0,F2,7.00,30.2615,29.8644,30.3929,7.1619,-0.1619,0.0000,0,-0.1118
1013.0,F2,7.00,30.2367,29.8382,30.3760,7.1450,-0.1450,0.0000,0,-0.1118
1014.0,F2,7.00,30.2226,29.8174,30.3605,7.1295,-0.1295,0.0000,0,-0.1118
1015.0,F2,7.00,30.2147,29.7973,30.3404,7.1094,-0.1094,0.0000,0,-0.1118
1016.0,F2,7.00,30.2050,29.7832,30.3225,7.0915,-0.0915,0.0000,0,-0.1118
1017.0,F2,7.00,30.1934,29.7750,30.3048,7.0738,-0.0738,0.0000,0,-0.1118
1018.0,F2,7.00,30.1797,29.7659,30.2902,7.0592,-0.0592,0.0000,0,-0.1118
1019.0,F2,7.00,30.1620,29.7541,30.2744,7.0434,-0.0434,0.0000,0,-0.1118
1020.0,F2,7.00,30.1463,29.7371,30.2558,7.0248,-0.0248,0.0000,0,-0.1124
1021.0,F2,7.00,30.1296,29.7234,30.2432,7.0122,-0.0122,0.0000,0,-0.1124
1022.0,F2,7.00,30.1183,29.7093,30.2248,6.9938,0.0062,0.0000,0,-0.1124
1023.0,F2,7.00,30.1066,29.6903,30.2013,6.9703,0.0297,0.0000,0,-0.1124
1024.0,F2,7.00,30.0893,29.6716,30.1790,6.9480,0.0520,0.0000,0,-0.1124
1025.0,F2,7.00,30.0804,29.6538,30.1584,6.9274,0.0726,0.0000,0,-0.1124
1026.0,F2,7.00,30.0633,29.6374,30.1398,6.9088,0.0912,0.0000,0,-0.1124
1027.0,F2,7.00,30.0444,29.6237,30.1222,6.8912,0.1088,0.0000,0,-0.1124
1028.0,F2,7.00,30.0260,29.6085,30.1031,6.8721,0.1279,0.0000,0,-0.1124
1029.0,F2,7.00,30.0094,29.5945,30.0852,6.8542,0.1458,0.0000,0,-0.1124
1030.0,F2,7.00,29.9944,29.5756,30.0678,6.8368,0.1632,0.0000,0,-0.1085
1031.0,F2,7.00,29.9776,29.5644,30.0558,6.8248,0.1752,0.0000,0,-0.1085
1032.0,F2,7.00,29.9638,29.5473,30.0415,6.8105,0.1895,0.0000,0,-0.1085
1033.0,F2,7.00,29.9427,29.5327,30.0296,6.7986,0.2014,0.0000,0,-0.1085
1034.0,F2,7.00,29.9227,29.5181,30.0140,6.7830,0.2170,0.0000,0,-0.1085
1035.0,F2,7.00,29.9063,29.5077,29.9927,6.7617,0.2383,0.0000,0,-0.1085
1036.0,F2,7.00,29.8884,29.5002,29.9770,6.7460,0.2540,0.0000,0,-0.1085
1037.0,F2,7.00,29.8712,29.4858,29.9666,6.7356,0.2644,0.0000,0,-0.1085
1038.0,F2,7.00,29.8583,29.4788,29.9563,6.7253,0.2747,0.0000,0,-0.1085
1039.0,F2,7.00,29.8285,29.4671,29.9424,6.7114,0.2886,0.0000,0,-0.1085
1040.0,F2,7.00,29.8139,29.4540,29.9288,6.6978,0.3022,0.0192,0,-0.1013
1041.0,F2,7.00,29.8021,29.4427,29.9134,6.6824,0.3176,0.0192,0,-0.1013
1042.0,F2,7.00,29.7873,29.4265,29.8948,6.6638,0.3362,0.0192,0,-0.1013
1043.0,F2,7.00,29.7748,29.4111,29.8716,6.6406,0.3594,0.0192,0,-0.1013
1044.0,F2,7.00,29.7614,29.3985,29.8501,6.6191,0.3809,0.0192,0,-0.1013
1045.0,F2,7.00,29.7402,29.3874,29.8353,6.6043,0.3957,0.0192,0,-0.1013
1046.0,F2,7.00,29.7263,29.3770,29.8193,6.5883,0.4117,0.0192,0,-0.1013
1047.0,F2,7.00,29.7092,29.3712,29.8020,6.5710,0.4290,0.0192,0,-0.1013
1048.0,F2,7.00,29.6940,29.3527,29.7877,6.5567,0.4433,0.0192,0,-0.1013
1049.0,F2,7.00,29.6795,29.3364,29.7698,6.5388,0.4612,0.0192,0,-0.1013
1050.0,F2,7.00,29.6682,29.3199,29.7506,6.5196,0.4804,0.1017,0,-0.0899
1051.0,F2,7.00,29.6515,29.2997,29.7349,6.5039,0.4961,0.1017,0,-0.0899
1052.0,F2,7.00,29.6297,29.2883,29.7200,6.4890,0.5110,0.1017,0,-0.0899
1053.0,F2,7.00,29.6111,29.2681,29.7026,6.4716,0.5284,0.1017,0,-0.0899
1054.0,F2,7.00,29.5977,29.2509,29.6856,6.4546,0.5454,0.1017,0,-0.0899
1055.0,F2,7.00,29.5827,29.2314,29.6714,6.4404,0.5596,0.1017,0,-0.0899
1056.0,F2,7.00,29.5761,29.2131,29.6539,6.4229,0.5771,0.1017,0,-0.0899
1057.0,F2,7.00,29.5668,29.2004,29.6369,6.4059,0.5941,0.1017,0,-0.0899
1058.0,F2,7.00,29.5573,29.1845,29.6246,6.3936,0.6064,0.1017,0,-0.0899
1059.0,F2,7.00,29.5408,29.1741,29.6148,6.3838,0.6162,0.1017,0,-0.0899
1060.0,F2,7.00,29.5246,29.1552,29.5986,6.3676,0.6324,0.1774,0,-0.0749
1061.0,F2,7.00,29.5087,29.1376,29.5789,6.3479,0.6521,0.1774,0,-0.0749
1062.0,F2,7.00,29.5015,29.1179,29.5629,6.3319,0.6681,0.1774,0,-0.0749
1063.0,F2,7.00,29.4909,29.1009,29.5419,6.3109,0.6891,0.1774,0,-0.0749
1064.0,F2,7.00,29.4768,29.0897,29.5272,6.2962,0.7038,0.1774,0,-0.0749
1065.0,F2,7.00,29.4638,29.0714,29.5069,6.2759,0.7241,0.1774,0,-0.0749
1066.0,F2,7.00,29.4568,29.0522,29.4881,6.2571,0.7429,0.1774,0,-0.0749
1067.0,F2,7.00,29.4493,29.0381,29.4828,6.2518,0.7482,0.1774,0,-0.0749
1068.0,F2,7.00,29.4449,29.0283,29.4650,6.2340,0.7660,0.1774,0,-0.0749
1069.0,F2,7.00,29.4361,29.0207,29.4559,6.2249,0.7751,0.1774,0,-0.0749
1070.0,F2,7.00,29.4308,29.0101,29.4358,6.2048,0.7952,0.2613,0,-0.0560
1071.0,F2,7.00,29.4260,28.9971,29.4177,6.1867,0.8133,0.2613,0,-0.0560
1072.0,F2,7.00,29.4203,28.9815,29.4015,6.1705,0.8295,0.2613,1,-0.0560
1073.0,F2,7.00,29.4175,28.9703,29.3832,6.1522,0.8478,0.2613,1,-0.0560
1074.0,F2,7.00,29.4178,28.9601,29.3675,6.1365,0.8635,0.2613,1,-0.0560
1075.0,F2,7.00,29.4183,28.9471,29.3525,6.1215,0.8785,0.2613,1,-0.0560
1076.0,F2,7.00,29.4231,28.9378,29.3434,6.1124,0.8876,0.2613,1,-0.0560
1077.0,F2,7.00,29.4323,28.9323,29.3361,6.1051,0.8949,0.2613,1,-0.0560
1078.0,F2,7.00,29.4379,28.9270,29.3253,6.0943,0.9057,0.2613,1,-0.0560
1079.0,F2,7.00,29.4465,28.9200,29.3126,6.0816,0.9184,0.2613,1,-0.0560
1080.0,F2,7.00,29.4513,28.9147,29.3017,6.0707,0.9293,0.3368,1,-0.0340
# F2,method=9,r=7.00,t_phase=240,e_ss=0.056,IAE=312.65,ISE=611.34,TV=0.887,n_on=50,n_h=750.0,t5=not_reached,c_p=2.835,c_pp=3.764,E=17.2
1081.0,F3,7.00,29.4549,28.9072,29.2914,6.0604,0.9396,0.3368,1,-0.0340
1082.0,F3,7.00,29.4638,28.8973,29.2821,6.0511,0.9489,0.3368,1,-0.0340
1083.0,F3,7.00,29.4719,28.8938,29.2723,6.0413,0.9587,0.3368,1,-0.0340
1084.0,F3,7.00,29.4772,28.8860,29.2642,6.0332,0.9668,0.3368,1,-0.0340
1085.0,F3,7.00,29.4872,28.8919,29.2595,6.0285,0.9715,0.3368,1,-0.0340
1086.0,F3,7.00,29.5004,28.8901,29.2517,6.0207,0.9793,0.3368,1,-0.0340
1087.0,F3,7.00,29.5199,28.8882,29.2438,6.0128,0.9872,0.3368,1,-0.0340
1088.0,F3,7.00,29.5365,28.8872,29.2380,6.0070,0.9930,0.3368,1,-0.0340
1089.0,F3,7.00,29.5545,28.8881,29.2271,5.9961,1.0039,0.3368,1,-0.0340
1090.0,F3,7.00,29.5656,28.8851,29.2199,5.9889,1.0111,0.3935,1,-0.0099
1091.0,F3,7.00,29.5784,28.8869,29.2126,5.9816,1.0184,0.3935,1,-0.0099
1092.0,F3,7.00,29.5873,28.8824,29.2026,5.9716,1.0284,0.3935,1,-0.0099
1093.0,F3,7.00,29.5995,28.8781,29.1948,5.9638,1.0362,0.3935,1,-0.0099
1094.0,F3,7.00,29.6063,28.8760,29.1840,5.9530,1.0470,0.3935,1,-0.0099
1095.0,F3,7.00,29.6205,28.8709,29.1758,5.9448,1.0552,0.3935,1,-0.0099
1096.0,F3,7.00,29.6257,28.8562,29.1654,5.9344,1.0656,0.3935,1,-0.0099
1097.0,F3,7.00,29.6389,28.8495,29.1562,5.9252,1.0748,0.3935,1,-0.0099
1098.0,F3,7.00,29.6534,28.8490,29.1461,5.9151,1.0849,0.3935,1,-0.0099
1099.0,F3,7.00,29.6723,28.8484,29.1356,5.9046,1.0954,0.3935,1,-0.0099
1100.0,F3,7.00,29.6917,28.8459,29.1351,5.9041,1.0959,0.4533,1,0.0161
1101.0,F3,7.00,29.7030,28.8471,29.1265,5.8955,1.1045,0.4533,1,0.0161
1102.0,F3,7.00,29.7218,28.8498,29.1235,5.8925,1.1075,0.4533,1,0.0161
1103.0,F3,7.00,29.7381,28.8506,29.1237,5.8927,1.1073,0.4533,1,0.0161
1104.0,F3,7.00,29.7514,28.8541,29.1211,5.8901,1.1099,0.4533,1,0.0161
1105.0,F3,7.00,29.7737,28.8551,29.1210,5.8900,1.1100,0.4533,1,0.0161
1106.0,F3,7.00,29.7866,28.8585,29.1162,5.8852,1.1148,0.4533,1,0.0161
1107.0,F3,7.00,29.8072,28.8615,29.1151,5.8841,1.1159,0.4533,1,0.0161
1108.0,F3,7.00,29.8307,28.8652,29.1136,5.8826,1.1174,0.4533,1,0.0161
1109.0,F3,7.00,29.8480,28.8685,29.1136,5.8826,1.1174,0.4533,1,0.0161
1110.0,F3,7.00,29.8760,28.8683,29.1117,5.8807,1.1193,0.4893,1,0.0427
1111.0,F3,7.00,29.9009,28.8725,29.1115,5.8804,1.1196,0.4893,1,0.0427
1112.0,F3,7.00,29.9207,28.8745,29.1100,5.8790,1.1210,0.4893,1,0.0427
1113.0,F3,7.00,29.9453,28.8792,29.1075,5.8765,1.1235,0.4893,1,0.0427
1114.0,F3,7.00,29.9668,28.8868,29.1075,5.8765,1.1235,0.4893,1,0.0427
1115.0,F3,7.00,29.9875,28.8993,29.1070,5.8760,1.1240,0.4893,1,0.0427
1116.0,F3,7.00,30.0169,28.9047,29.1088,5.8778,1.1222,0.4893,1,0.0427
1117.0,F3,7.00,30.0453,28.9193,29.1075,5.8765,1.1235,0.4893,1,0.0427
1118.0,F3,7.00,30.0691,28.9322,29.1113,5.8803,1.1197,0.4893,1,0.0427
1119.0,F3,7.00,30.0949,28.9402,29.1179,5.8869,1.1131,0.4893,1,0.0427
1120.0,F3,7.00,30.1235,28.9504,29.1302,5.8992,1.1008,0.5080,1,0.0688
1121.0,F3,7.00,30.1480,28.9619,29.1337,5.9027,1.0973,0.5080,1,0.0688
1122.0,F3,7.00,30.1761,28.9669,29.1361,5.9051,1.0949,0.5080,1,0.0688
1123.0,F3,7.00,30.2000,28.9806,29.1396,5.9086,1.0914,0.5080,1,0.0688
1124.0,F3,7.00,30.2227,28.9909,29.1429,5.9119,1.0881,0.5080,1,0.0688
1125.0,F3,7.00,30.2487,29.0028,29.1454,5.9144,1.0856,0.5080,1,0.0688
1126.0,F3,7.00,30.2751,29.0143,29.1479,5.9169,1.0831,0.5080,1,0.0688
1127.0,F3,7.00,30.2953,29.0253,29.1489,5.9179,1.0821,0.5080,1,0.0688
1128.0,F3,7.00,30.3218,29.0369,29.1524,5.9214,1.0786,0.5080,0,0.0688
1129.0,F3,7.00,30.3439,29.0500,29.1582,5.9272,1.0728,0.5080,0,0.0688
1130.0,F3,7.00,30.3706,29.0598,29.1649,5.9339,1.0661,0.5195,0,0.0941
1131.0,F3,7.00,30.3973,29.0706,29.1673,5.9363,1.0637,0.5195,0,0.0941
1132.0,F3,7.00,30.4257,29.0822,29.1725,5.9415,1.0585,0.5195,0,0.0941
1133.0,F3,7.00,30.4446,29.0927,29.1774,5.9464,1.0536,0.5195,0,0.0941
1134.0,F3,7.00,30.4727,29.1036,29.1792,5.9482,1.0518,0.5195,0,0.0941
1135.0,F3,7.00,30.5019,29.1121,29.1833,5.9523,1.0477,0.5195,0,0.0941
1136.0,F3,7.00,30.5244,29.1223,29.1853,5.9543,1.0457,0.5195,0,0.0941
1137.0,F3,7.00,30.5444,29.1284,29.1911,5.9601,1.0399,0.5195,0,0.0941
1138.0,F3,7.00,30.5647,29.1399,29.1926,5.9616,1.0384,0.5195,0,0.0941
1139.0,F3,7.00,30.5908,29.1501,29.1962,5.9652,1.0348,0.5195,0,0.0941
1140.0,F3,7.00,30.6105,29.1591,29.2035,5.9725,1.0275,0.5285,0,0.1185
1141.0,F3,7.00,30.6251,29.1713,29.2010,5.9700,1.0300,0.5285,0,0.1185
1142.0,F3,7.00,30.6442,29.1753,29.2060,5.9750,1.0250,0.5285,0,0.1185
1143.0,F3,7.00,30.6664,29.1894,29.2088,5.9778,1.0222,0.5285,0,0.1185
1144.0,F3,7.00,30.6882,29.1993,29.2152,5.9842,1.0158,0.5285,0,0.1185
1145.0,F3,7.00,30.7187,29.2162,29.2208,5.9898,1.0102,0.5285,0,0.1185
1146.0,F3,7.00,30.7437,29.2319,29.2319,6.0009,0.9991,0.5285,0,0.1185
1147.0,F3,7.00,30.7699,29.2459,29.2415,6.0105,0.9895,0.5285,0,0.1185
1148.0,F3,7.00,30.7952,29.2611,29.2518,6.0208,0.9792,0.5285,0,0.1185
1149.0,F3,7.00,30.8188,29.2728,29.2582,6.0272,0.9728,0.5285,0,0.1185
1150.0,F3,7.00,30.8459,29.2899,29.2756,6.0446,0.9554,0.5224,0,0.1412
1151.0,F3,7.00,30.8712,29.3094,29.2873,6.0563,0.9437,0.5224,0,0.1412
1152.0,F3,7.00,30.9035,29.3235,29.2974,6.0664,0.9336,0.5224,0,0.1412
1153.0,F3,7.00,30.9314,29.3418,29.3086,6.0776,0.9224,0.5224,0,0.1412
1154.0,F3,7.00,30.9620,29.3562,29.3188,6.0878,0.9122,0.5224,0,0.1412
1155.0,F3,7.00,30.9886,29.3724,29.3272,6.0962,0.9038,0.5224,0,0.1412
1156.0,F3,7.00,31.0094,29.3899,29.3353,6.1043,0.8957,0.5224,0,0.1412
1157.0,F3,7.00,31.0348,29.4015,29.3447,6.1137,0.8863,0.5224,0,0.1412
1158.0,F3,7.00,31.0597,29.4197,29.3557,6.1247,0.8753,0.5224,0,0.1412
1159.0,F3,7.00,31.0826,29.4309,29.3651,6.1341,0.8659,0.5224,0,0.1412
1160.0,F3,7.00,31.1001,29.4491,29.3782,6.1472,0.8528,0.5018,0,0.1615
1161.0,F3,7.00,31.1282,29.4641,29.3867,6.1557,0.8443,0.5018,0,0.1615
1162.0,F3,7.00,31.1582,29.4795,29.3997,6.1687,0.8313,0.5018,0,0.1615
1163.0,F3,7.00,31.1815,29.4959,29.4153,6.1843,0.8157,0.5018,0,0.1615
1164.0,F3,7.00,31.1994,29.5140,29.4235,6.1925,0.8075,0.5018,0,0.1615
1165.0,F3,7.00,31.2130,29.5283,29.4341,6.2031,0.7969,0.5018,0,0.1615
1166.0,F3,7.00,31.2322,29.5388,29.4372,6.2062,0.7938,0.5018,0,0.1615
1167.0,F3,7.00,31.2444,29.5526,29.4450,6.2140,0.7860,0.5018,0,0.1615
1168.0,F3,7.00,31.2407,29.5628,29.4557,6.2247,0.7753,0.5018,0,0.1615
1169.0,F3,7.00,31.2488,29.5672,29.4628,6.2318,0.7682,0.5018,0,0.1615
1170.0,F3,7.00,31.2552,29.5710,29.4685,6.2375,0.7625,0.4838,0,0.1796
1171.0,F3,7.00,31.2640,29.5790,29.4706,6.2395,0.7605,0.4838,0,0.1796
1172.0,F3,7.00,31.2670,29.5855,29.4782,6.2472,0.7528,0.4838,0,0.1796
1173.0,F3,7.00,31.2796,29.5968,29.4890,6.2580,0.7420,0.4838,0,0.1796
1174.0,F3,7.00,31.2983,29.6050,29.5011,6.2701,0.7299,0.4838,0,0.1796
1175.0,F3,7.00,31.3151,29.6224,29.5121,6.2811,0.7189,0.4838,0,0.1796
1176.0,F3,7.00,31.3274,29.6335,29.5265,6.2955,0.7045,0.4838,0,0.1796
1177.0,F3,7.00,31.3449,29.6492,29.5407,6.3097,0.6903,0.4838,0,0.1796
1178.0,F3,7.00,31.3582,29.6613,29.5498,6.3188,0.6812,0.4838,0,0.1796
1179.0,F3,7.00,31.3853,29.6736,29.5587,6.3277,0.6723,0.4838,0,0.1796
1180.0,F3,7.00,31.4016,29.6820,29.5698,6.3388,0.6612,0.4591,0,0.1953
1181.0,F3,7.00,31.4091,29.6921,29.5839,6.3529,0.6471,0.4591,0,0.1953
1182.0,F3,7.00,31.4097,29.6992,29.5916,6.3606,0.6394,0.4591,0,0.1953
1183.0,F3,7.00,31.4156,29.7063,29.5953,6.3643,0.6357,0.4591,0,0.1953
1184.0,F3,7.00,31.4254,29.7098,29.5979,6.3669,0.6331,0.4591,0,0.1953
1185.0,F3,7.00,31.4252,29.7183,29.6020,6.3710,0.6290,0.4591,0,0.1953
1186.0,F3,7.00,31.4280,29.7234,29.6098,6.3788,0.6212,0.4591,0,0.1953
1187.0,F3,7.00,31.4438,29.7324,29.6131,6.3821,0.6179,0.4591,0,0.1953
1188.0,F3,7.00,31.4556,29.7417,29.6237,6.3927,0.6073,0.4591,0,0.1953
1189.0,F3,7.00,31.4663,29.7433,29.6278,6.3968,0.6032,0.4591,0,0.1953
1190.0,F3,7.00,31.4713,29.7472,29.6263,6.3953,0.6047,0.4509,0,0.2097
1191.0,F3,7.00,31.4660,29.7512,29.6273,6.3963,0.6037,0.4509,0,0.2097
1192.0,F3,7.00,31.4647,29.7577,29.6278,6.3968,0.6032,0.4509,0,0.2097
1193.0,F3,7.00,31.4635,29.7635,29.6301,6.3991,0.6009,0.4509,0,0.2097
1194.0,F3,7.00,31.4684,29.7719,29.6367,6.4057,0.5943,0.4509,0,0.2097
1195.0,F3,7.00,31.4711,29.7813,29.6428,6.4118,0.5882,0.4509,0,0.2097
1196.0,F3,7.00,31.4712,29.7871,29.6494,6.4184,0.5816,0.4509,0,0.2097
1197.0,F3,7.00,31.4736,29.7948,29.6560,6.4250,0.5750,0.4509,0,0.2097
1198.0,F3,7.00,31.4816,29.8018,29.6582,6.4272,0.5728,0.4509,0,0.2097
1199.0,F3,7.00,31.4935,29.8138,29.6708,6.4398,0.5602,0.4509,0,0.2097
1200.0,F3,7.00,31.4951,29.8299,29.6805,6.4495,0.5505,0.4424,0,0.2227
1201.0,F3,7.00,31.4990,29.8407,29.6888,6.4578,0.5422,0.4424,0,0.2227
1202.0,F3,7.00,31.5053,29.8544,29.7001,6.4691,0.5309,0.4424,0,0.2227
1203.0,F3,7.00,31.5148,29.8670,29.7135,6.4825,0.5175,0.4424,0,0.2227
1204.0,F3,7.00,31.5166,29.8746,29.7255,6.4945,0.5055,0.4424,0,0.2227
1205.0,F3,7.00,31.5186,29.8777,29.7362,6.5052,0.4948,0.4424,0,0.2227
1206.0,F3,7.00,31.5227,29.8854,29.7492,6.5182,0.4818,0.4424,0,0.2227
1207.0,F3,7.00,31.5211,29.8883,29.7515,6.5205,0.4795,0.4424,0,0.2227
1208.0,F3,7.00,31.5263,29.8951,29.7583,6.5273,0.4727,0.4424,0,0.2227
1209.0,F3,7.00,31.5325,29.9006,29.7649,6.5339,0.4661,0.4424,0,0.2227
1210.0,F3,7.00,31.5373,29.9102,29.7752,6.5442,0.4558,0.4154,0,0.2335
1211.0,F3,7.00,31.5428,29.9211,29.7878,6.5568,0.4432,0.4154,0,0.2335
1212.0,F3,7.00,31.5496,29.9270,29.7989,6.5679,0.4321,0.4154,0,0.2335
1213.0,F3,7.00,31.5525,29.9335,29.8076,6.5766,0.4234,0.4154,0,0.2335
1214.0,F3,7.00,31.5582,29.9443,29.8196,6.5886,0.4114,0.4154,0,0.2335
1215.0,F3,7.00,31.5607,29.9485,29.8283,6.5973,0.4027,0.4154,0,0.2335
1216.0,F3,7.00,31.5650,29.9561,29.8383,6.6073,0.3927,0.4154,0,0.2335
1217.0,F3,7.00,31.5723,29.9643,29.8489,6.6179,0.3821,0.4154,0,0.2335
1218.0,F3,7.00,31.5746,29.9691,29.8562,6.6252,0.3748,0.4154,0,0.2335
1219.0,F3,7.00,31.5831,29.9793,29.8649,6.6339,0.3661,0.4154,0,0.2335
1220.0,F3,7.00,31.6003,29.9896,29.8799,6.6489,0.3511,0.3820,0,0.2419
1221.0,F3,7.00,31.6169,30.0034,29.8908,6.6598,0.3402,0.3820,0,0.2419
1222.0,F3,7.00,31.6254,30.0163,29.9027,6.6717,0.3283,0.3820,0,0.2419
1223.0,F3,7.00,31.6269,30.0252,29.9142,6.6832,0.3168,0.3820,0,0.2419
1224.0,F3,7.00,31.6244,30.0289,29.9272,6.6962,0.3038,0.3820,0,0.2419
1225.0,F3,7.00,31.6268,30.0344,29.9366,6.7056,0.2944,0.3820,0,0.2419
1226.0,F3,7.00,31.6354,30.0438,29.9453,6.7143,0.2857,0.3820,0,0.2419
1227.0,F3,7.00,31.6461,30.0547,29.9537,6.7227,0.2773,0.3820,0,0.2419
1228.0,F3,7.00,31.6530,30.0654,29.9624,6.7314,0.2686,0.3820,0,0.2419
1229.0,F3,7.00,31.6608,30.0769,29.9701,6.7391,0.2609,0.3820,0,0.2419
1230.0,F3,7.00,31.6636,30.0931,29.9828,6.7518,0.2482,0.3468,0,0.2478
1231.0,F3,7.00,31.6591,30.0998,29.9934,6.7624,0.2376,0.3468,0,0.2478
1232.0,F3,7.00,31.6582,30.1022,29.9999,6.7689,0.2311,0.3468,0,0.2478
1233.0,F3,7.00,31.6591,30.1093,30.0058,6.7748,0.2252,0.3468,0,0.2478
1234.0,F3,7.00,31.6667,30.1139,30.0165,6.7855,0.2145,0.3468,0,0.2478
1235.0,F3,7.00,31.6672,30.1212,30.0274,6.7964,0.2036,0.3468,0,0.2478
1236.0,F3,7.00,31.6660,30.1326,30.0366,6.8056,0.1944,0.3468,0,0.2478
1237.0,F3,7.00,31.6601,30.1361,30.0426,6.8116,0.1884,0.3468,0,0.2478
1238.0,F3,7.00,31.6621,30.1359,30.0507,6.8197,0.1803,0.3468,0,0.2478
1239.0,F3,7.00,31.6606,30.1406,30.0546,6.8236,0.1764,0.3468,0,0.2478
1240.0,F3,7.00,31.6641,30.1508,30.0685,6.8375,0.1625,0.3165,0,0.2516
1241.0,F3,7.00,31.6671,30.1606,30.0773,6.8463,0.1537,0.3165,0,0.2516
1242.0,F3,7.00,31.6772,30.1697,30.0872,6.8562,0.1438,0.3165,0,0.2516
1243.0,F3,7.00,31.6739,30.1725,30.0964,6.8654,0.1346,0.3165,0,0.2516
1244.0,F3,7.00,31.6812,30.1777,30.1050,6.8740,0.1260,0.3165,0,0.2516
1245.0,F3,7.00,31.7041,30.1886,30.1113,6.8803,0.1197,0.3165,0,0.2516
1246.0,F3,7.00,31.7239,30.1955,30.1234,6.8924,0.1076,0.3165,0,0.2516
1247.0,F3,7.00,31.7374,30.2090,30.1395,6.9085,0.0915,0.3165,0,0.2516
1248.0,F3,7.00,31.7483,30.2161,30.1516,6.9206,0.0794,0.3165,0,0.2516
1249.0,F3,7.00,31.7528,30.2196,30.1623,6.9313,0.0687,0.3165,0,0.2516
1250.0,F3,7.00,31.7537,30.2269,30.1726,6.9416,0.0584,0.2763,0,0.2530
1251.0,F3,7.00,31.7558,30.2331,30.1791,6.9481,0.0519,0.2763,0,0.2530
1252.0,F3,7.00,31.7549,30.2394,30.1852,6.9542,0.0458,0.2763,0,0.2530
1253.0,F3,7.00,31.7589,30.2443,30.1887,6.9577,0.0423,0.2763,0,0.2530
1254.0,F3,7.00,31.7552,30.2526,30.1900,6.9590,0.0410,0.2763,0,0.2530
1255.0,F3,7.00,31.7508,30.2559,30.1949,6.9639,0.0361,0.2763,0,0.2530
1256.0,F3,7.00,31.7476,30.2570,30.1929,6.9619,0.0381,0.2763,0,0.2530
1257.0,F3,7.00,31.7509,30.2626,30.1965,6.9655,0.0345,0.2763,0,0.2530
1258.0,F3,7.00,31.7546,30.2681,30.2058,6.9748,0.0252,0.2763,0,0.2530
1259.0,F3,7.00,31.7546,30.2776,30.2181,6.9871,0.0129,0.2763,0,0.2530
1260.0,F3,7.00,31.7528,30.2865,30.2272,6.9962,0.0038,0.2546,0,0.2531
1261.0,F3,7.00,31.7470,30.2908,30.2339,7.0029,-0.0029,0.2546,0,0.2531
1262.0,F3,7.00,31.7476,30.2956,30.2473,7.0163,-0.0163,0.2546,0,0.2531
1263.0,F3,7.00,31.7466,30.3014,30.2585,7.0275,-0.0275,0.2546,0,0.2531
1264.0,F3,7.00,31.7445,30.3043,30.2693,7.0383,-0.0383,0.2546,0,0.2531
1265.0,F3,7.00,31.7411,30.3071,30.2778,7.0468,-0.0468,0.2546,0,0.2531
1266.0,F3,7.00,31.7342,30.3114,30.2863,7.0553,-0.0553,0.2546,0,0.2531
1267.0,F3,7.00,31.7416,30.3127,30.2910,7.0600,-0.0600,0.2546,0,0.2531
1268.0,F3,7.00,31.7411,30.3121,30.2974,7.0664,-0.0664,0.2546,0,0.2531
1269.0,F3,7.00,31.7422,30.3151,30.2992,7.0682,-0.0682,0.2546,0,0.2531
1270.0,F3,7.00,31.7427,30.3203,30.3042,7.0732,-0.0732,0.2222,0,0.2514
1271.0,F3,7.00,31.7494,30.3305,30.3168,7.0858,-0.0858,0.2222,0,0.2514
1272.0,F3,7.00,31.7580,30.3393,30.3279,7.0969,-0.0969,0.2222,0,0.2514
1273.0,F3,7.00,31.7614,30.3545,30.3395,7.1085,-0.1085,0.2222,0,0.2514
1274.0,F3,7.00,31.7644,30.3556,30.3457,7.1147,-0.1147,0.2222,0,0.2514
1275.0,F3,7.00,31.7622,30.3587,30.3466,7.1156,-0.1156,0.2222,0,0.2514
1276.0,F3,7.00,31.7507,30.3604,30.3546,7.1236,-0.1236,0.2222,0,0.2514
1277.0,F3,7.00,31.7318,30.3566,30.3557,7.1247,-0.1247,0.2222,0,0.2514
1278.0,F3,7.00,31.7186,30.3491,30.3560,7.1250,-0.1250,0.2222,0,0.2514
1279.0,F3,7.00,31.7113,30.3459,30.3578,7.1268,-0.1268,0.2222,0,0.2514
1280.0,F3,7.00,31.6993,30.3439,30.3623,7.1313,-0.1313,0.1959,0,0.2483
1281.0,F3,7.00,31.6938,30.3480,30.3682,7.1372,-0.1372,0.1959,0,0.2483
1282.0,F3,7.00,31.6881,30.3486,30.3760,7.1450,-0.1450,0.1959,0,0.2483
1283.0,F3,7.00,31.6870,30.3548,30.3872,7.1562,-0.1562,0.1959,0,0.2483
1284.0,F3,7.00,31.6818,30.3615,30.3967,7.1657,-0.1657,0.1959,0,0.2483
1285.0,F3,7.00,31.6820,30.3659,30.4023,7.1713,-0.1713,0.1959,0,0.2483
1286.0,F3,7.00,31.6808,30.3694,30.4131,7.1821,-0.1821,0.1959,0,0.2483
1287.0,F3,7.00,31.6773,30.3738,30.4164,7.1854,-0.1854,0.1959,1,0.2483
1288.0,F3,7.00,31.6720,30.3778,30.4260,7.1950,-0.1950,0.1959,1,0.2483
1289.0,F3,7.00,31.6691,30.3800,30.4314,7.2004,-0.2004,0.1959,1,0.2483
1290.0,F3,7.00,31.6609,30.3866,30.4373,7.2063,-0.2063,0.1611,0,0.2434
1291.0,F3,7.00,31.6508,30.3885,30.4438,7.2128,-0.2128,0.1611,1,0.2434
1292.0,F3,7.00,31.6366,30.3888,30.4464,7.2153,-0.2153,0.1611,1,0.2434
1293.0,F3,7.00,31.6212,30.3926,30.4464,7.2153,-0.2153,0.1611,1,0.2434
1294.0,F3,7.00,31.6118,30.3924,30.4481,7.2171,-0.2171,0.1611,1,0.2434
1295.0,F3,7.00,31.5990,30.3889,30.4542,7.2232,-0.2232,0.1611,1,0.2434
1296.0,F3,7.00,31.5794,30.3860,30.4479,7.2169,-0.2169,0.1611,1,0.2434
1297.0,F3,7.00,31.5698,30.3779,30.4384,7.2074,-0.2074,0.1611,1,0.2434
1298.0,F3,7.00,31.5570,30.3760,30.4370,7.2060,-0.2060,0.1611,1,0.2434
1299.0,F3,7.00,31.5459,30.3714,30.4391,7.2081,-0.2081,0.1611,1,0.2434
1300.0,F3,7.00,31.5324,30.3666,30.4378,7.2068,-0.2068,0.1559,1,0.2385
1301.0,F3,7.00,31.5248,30.3571,30.4393,7.2083,-0.2083,0.1559,1,0.2385
1302.0,F3,7.00,31.5168,30.3506,30.4353,7.2043,-0.2043,0.1559,1,0.2385
1303.0,F3,7.00,31.5085,30.3500,30.4328,7.2018,-0.2018,0.1559,1,0.2385
1304.0,F3,7.00,31.5041,30.3443,30.4336,7.2026,-0.2026,0.1559,1,0.2385
1305.0,F3,7.00,31.4907,30.3414,30.4350,7.2040,-0.2040,0.1559,1,0.2385
1306.0,F3,7.00,31.4804,30.3372,30.4362,7.2052,-0.2052,0.1559,1,0.2385
1307.0,F3,7.00,31.4665,30.3320,30.4316,7.2006,-0.2006,0.1559,1,0.2385
1308.0,F3,7.00,31.4490,30.3264,30.4341,7.2031,-0.2031,0.1559,1,0.2385
1309.0,F3,7.00,31.4309,30.3195,30.4289,7.1979,-0.1979,0.1559,1,0.2385
1310.0,F3,7.00,31.4084,30.3112,30.4247,7.1937,-0.1937,0.1566,1,0.2339
1311.0,F3,7.00,31.3893,30.3023,30.4224,7.1914,-0.1914,0.1566,1,0.2339
1312.0,F3,7.00,31.3711,30.2924,30.4141,7.1831,-0.1831,0.1566,1,0.2339
1313.0,F3,7.00,31.3466,30.2829,30.4085,7.1775,-0.1775,0.1566,1,0.2339
1314.0,F3,7.00,31.3203,30.2734,30.4038,7.1728,-0.1728,0.1566,1,0.2339
1315.0,F3,7.00,31.2969,30.2637,30.3953,7.1643,-0.1643,0.1566,1,0.2339
1316.0,F3,7.00,31.2744,30.2438,30.3851,7.1541,-0.1541,0.1566,1,0.2339
1317.0,F3,7.00,31.2490,30.2228,30.3733,7.1423,-0.1423,0.1566,1,0.2339
1318.0,F3,7.00,31.2171,30.2051,30.3681,7.1371,-0.1371,0.1566,1,0.2339
1319.0,F3,7.00,31.1780,30.1815,30.3704,7.1394,-0.1394,0.1566,1,0.2339
1320.0,F3,7.00,31.1449,30.1612,30.3576,7.1266,-0.1266,0.1803,1,0.2308
1321.0,F3,7.00,31.1118,30.1455,30.3481,7.1171,-0.1171,0.1803,1,0.2308
1322.0,F3,7.00,31.0861,30.1325,30.3400,7.1090,-0.1090,0.1803,1,0.2308
1323.0,F3,7.00,31.0682,30.1208,30.3331,7.1021,-0.1021,0.1803,1,0.2308
1324.0,F3,7.00,31.0532,30.1063,30.3230,7.0920,-0.0920,0.1803,0,0.2308
1325.0,F3,7.00,31.0411,30.0961,30.3159,7.0849,-0.0849,0.1803,0,0.2308
1326.0,F3,7.00,31.0255,30.0820,30.3084,7.0774,-0.0774,0.1803,0,0.2308
1327.0,F3,7.00,31.0152,30.0757,30.3046,7.0736,-0.0736,0.1803,0,0.2308
1328.0,F3,7.00,31.0006,30.0636,30.2962,7.0652,-0.0652,0.1803,0,0.2308
1329.0,F3,7.00,30.9892,30.0557,30.2915,7.0605,-0.0605,0.1803,0,0.2308
1330.0,F3,7.00,30.9790,30.0506,30.2888,7.0578,-0.0578,0.2064,0,0.2295
1331.0,F3,7.00,30.9700,30.0415,30.2883,7.0573,-0.0573,0.2064,0,0.2295
1332.0,F3,7.00,30.9612,30.0326,30.2808,7.0498,-0.0498,0.2064,0,0.2295
1333.0,F3,7.00,30.9534,30.0256,30.2760,7.0450,-0.0450,0.2064,0,0.2295
1334.0,F3,7.00,30.9417,30.0208,30.2714,7.0404,-0.0404,0.2064,0,0.2295
1335.0,F3,7.00,30.9283,30.0150,30.2648,7.0338,-0.0338,0.2064,0,0.2295
1336.0,F3,7.00,30.9204,30.0129,30.2648,7.0338,-0.0338,0.2064,0,0.2295
1337.0,F3,7.00,30.9162,30.0075,30.2608,7.0298,-0.0298,0.2064,0,0.2295
1338.0,F3,7.00,30.9081,30.0048,30.2567,7.0257,-0.0257,0.2064,0,0.2295
1339.0,F3,7.00,30.9046,30.0008,30.2573,7.0263,-0.0263,0.2064,0,0.2295
1340.0,F3,7.00,30.8982,29.9995,30.2566,7.0256,-0.0256,0.2187,0,0.2289
1341.0,F3,7.00,30.8889,29.9941,30.2534,7.0224,-0.0224,0.2187,0,0.2289
1342.0,F3,7.00,30.8798,29.9883,30.2458,7.0148,-0.0148,0.2187,0,0.2289
1343.0,F3,7.00,30.8767,29.9865,30.2385,7.0075,-0.0075,0.2187,0,0.2289
1344.0,F3,7.00,30.8755,29.9859,30.2332,7.0022,-0.0022,0.2187,0,0.2289
1345.0,F3,7.00,30.8769,29.9847,30.2332,7.0022,-0.0022,0.2187,0,0.2289
1346.0,F3,7.00,30.8792,29.9796,30.2323,7.0013,-0.0013,0.2187,0,0.2289
1347.0,F3,7.00,30.8734,29.9728,30.2291,6.9981,0.0019,0.2187,0,0.2289
1348.0,F3,7.00,30.8715,29.9641,30.2208,6.9898,0.0102,0.2187,0,0.2289
1349.0,F3,7.00,30.8675,29.9599,30.2134,6.9824,0.0176,0.2187,0,0.2289
1350.0,F3,7.00,30.8665,29.9543,30.2093,6.9783,0.0217,0.2381,0,0.2294
1351.0,F3,7.00,30.8611,29.9459,30.2043,6.9733,0.0267,0.2381,0,0.2294
1352.0,F3,7.00,30.8546,29.9411,30.1973,6.9663,0.0337,0.2381,0,0.2294
1353.0,F3,7.00,30.8495,29.9338,30.1907,6.9597,0.0403,0.2381,0,0.2294
1354.0,F3,7.00,30.8344,29.9226,30.1791,6.9481,0.0519,0.2381,0,0.2294
1355.0,F3,7.00,30.8274,29.9112,30.1638,6.9328,0.0672,0.2381,0,0.2294
1356.0,F3,7.00,30.8201,29.9018,30.1479,6.9169,0.0831,0.2381,0,0.2294
1357.0,F3,7.00,30.8057,29.8852,30.1326,6.9016,0.0984,0.2381,0,0.2294
1358.0,F3,7.00,30.8003,29.8742,30.1172,6.8862,0.1138,0.2381,0,0.2294
1359.0,F3,7.00,30.7964,29.8637,30.1066,6.8756,0.1244,0.2381,0,0.2294
1360.0,F3,7.00,30.7853,29.8581,30.1026,6.8716,0.1284,0.2837,0,0.2324
1361.0,F3,7.00,30.7815,29.8489,30.0939,6.8629,0.1371,0.2837,0,0.2324
1362.0,F3,7.00,30.7796,29.8441,30.0891,6.8580,0.1420,0.2837,0,0.2324
1363.0,F3,7.00,30.7823,29.8450,30.0847,6.8537,0.1463,0.2837,0,0.2324
1364.0,F3,7.00,30.7882,29.8395,30.0856,6.8546,0.1454,0.2837,0,0.2324
1365.0,F3,7.00,30.7917,29.8346,30.0745,6.8435,0.1565,0.2837,0,0.2324
1366.0,F3,7.00,30.7930,29.8327,30.0661,6.8351,0.1649,0.2837,0,0.2324
1367.0,F3,7.00,30.7878,29.8289,30.0575,6.8265,0.1735,0.2837,0,0.2324
1368.0,F3,7.00,30.7801,29.8227,30.0569,6.8259,0.1741,0.2837,0,0.2324
1369.0,F3,7.00,30.7794,29.8133,30.0548,6.8238,0.1762,0.2837,0,0.2324
1370.0,F3,7.00,30.7785,29.8095,30.0508,6.8197,0.1803,0.3086,0,0.2367
1371.0,F3,7.00,30.7868,29.8109,30.0430,6.8120,0.1880,0.3086,0,0.2367
1372.0,F3,7.00,30.7863,29.8058,30.0347,6.8037,0.1963,0.3086,0,0.2367
1373.0,F3,7.00,30.7884,29.8006,30.0286,6.7976,0.2024,0.3086,0,0.2367
1374.0,F3,7.00,30.7932,29.7937,30.0245,6.7935,0.2065,0.3086,0,0.2367
1375.0,F3,7.00,30.8036,29.7834,30.0180,6.7870,0.2130,0.3086,0,0.2367
1376.0,F3,7.00,30.8095,29.7802,30.0104,6.7794,0.2206,0.3086,0,0.2367
1377.0,F3,7.00,30.8139,29.7826,30.0082,6.7772,0.2228,0.3086,0,0.2367
1378.0,F3,7.00,30.8233,29.7750,30.0079,6.7769,0.2231,0.3086,0,0.2367
1379.0,F3,7.00,30.8262,29.7731,30.0077,6.7767,0.2233,0.3086,0,0.2367
1380.0,F3,7.00,30.8301,29.7740,29.9982,6.7672,0.2328,0.3351,0,0.2422
1381.0,F3,7.00,30.8368,29.7736,29.9974,6.7664,0.2336,0.3351,0,0.2422
1382.0,F3,7.00,30.8424,29.7719,29.9944,6.7634,0.2366,0.3351,0,0.2422
1383.0,F3,7.00,30.8465,29.7716,29.9944,6.7634,0.2366,0.3351,0,0.2422
1384.0,F3,7.00,30.8531,29.7720,29.9917,6.7607,0.2393,0.3351,0,0.2422
1385.0,F3,7.00,30.8546,29.7672,29.9890,6.7580,0.2420,0.3351,0,0.2422
1386.0,F3,7.00,30.8626,29.7641,29.9865,6.7555,0.2445,0.3351,0,0.2422
1387.0,F3,7.00,30.8753,29.7655,29.9865,6.7554,0.2446,0.3351,0,0.2422
1388.0,F3,7.00,30.8834,29.7645,29.9843,6.7533,0.2467,0.3351,0,0.2422
1389.0,F3,7.00,30.8817,29.7658,29.9809,6.7499,0.2501,0.3351,0,0.2422
1390.0,F3,7.00,30.8787,29.7611,29.9777,6.7467,0.2533,0.3493,0,0.2483
1391.0,F3,7.00,30.8752,29.7545,29.9684,6.7374,0.2626,0.3493,0,0.2483
1392.0,F3,7.00,30.8774,29.7485,29.9574,6.7264,0.2736,0.3493,0,0.2483
1393.0,F3,7.00,30.8722,29.7407,29.9497,6.7187,0.2813,0.3493,0,0.2483
1394.0,F3,7.00,30.8809,29.7354,29.9420,6.7110,0.2890,0.3493,0,0.2483
1395.0,F3,7.00,30.8821,29.7268,29.9379,6.7069,0.2931,0.3493,0,0.2483
1396.0,F3,7.00,30.8795,29.7225,29.9414,6.7104,0.2896,0.3493,0,0.2483
1397.0,F3,7.00,30.8806,29.7178,29.9372,6.7062,0.2938,0.3493,0,0.2483
1398.0,F3,7.00,30.8902,29.7171,29.9333,6.7023,0.2977,0.3493,0,0.2483
1399.0,F3,7.00,30.9018,29.7166,29.9331,6.7021,0.2979,0.3493,0,0.2483
1400.0,F3,7.00,30.9096,29.7204,29.9344,6.7034,0.2966,0.3736,0,0.2553
1401.0,F3,7.00,30.9183,29.7238,29.9347,6.7037,0.2963,0.3736,0,0.2553
1402.0,F3,7.00,30.9255,29.7279,29.9360,6.7050,0.2950,0.3736,0,0.2553
1403.0,F3,7.00,30.9285,29.7307,29.9301,6.6991,0.3009,0.3736,0,0.2553
1404.0,F3,7.00,30.9361,29.7341,29.9240,6.6930,0.3070,0.3736,0,0.2553
1405.0,F3,7.00,30.9459,29.7400,29.9217,6.6907,0.3093,0.3736,0,0.2553
1406.0,F3,7.00,30.9513,29.7419,29.9138,6.6828,0.3172,0.3736,0,0.2553
1407.0,F3,7.00,30.9574,29.7462,29.9094,6.6784,0.3216,0.3736,0,0.2553
1408.0,F3,7.00,30.9598,29.7519,29.9069,6.6759,0.3241,0.3736,0,0.2553
1409.0,F3,7.00,30.9621,29.7608,29.9124,6.6814,0.3186,0.3736,0,0.2553
1410.0,F3,7.00,30.9708,29.7617,29.9144,6.6834,0.3166,0.3891,0,0.2628
1411.0,F3,7.00,30.9733,29.7630,29.9143,6.6833,0.3167,0.3891,0,0.2628
1412.0,F3,7.00,30.9764,29.7665,29.9182,6.6872,0.3128,0.3891,0,0.2628
1413.0,F3,7.00,30.9832,29.7646,29.9175,6.6865,0.3135,0.3891,0,0.2628
1414.0,F3,7.00,30.9851,29.7674,29.9132,6.6822,0.3178,0.3891,0,0.2628
1415.0,F3,7.00,30.9938,29.7734,29.9094,6.6784,0.3216,0.3891,0,0.2628
1416.0,F3,7.00,31.0141,29.7780,29.9098,6.6788,0.3212,0.3891,0,0.2628
1417.0,F3,7.00,31.0271,29.7885,29.9076,6.6766,0.3234,0.3891,0,0.2628
1418.0,F3,7.00,31.0440,29.7990,29.9102,6.6792,0.3208,0.3891,0,0.2628
1419.0,F3,7.00,31.0583,29.8014,29.9154,6.6844,0.3156,0.3891,0,0.2628
1420.0,F3,7.00,31.0667,29.8058,29.9184,6.6874,0.3126,0.3950,0,0.2702
1421.0,F3,7.00,31.0731,29.8087,29.9185,6.6875,0.3125,0.3950,0,0.2702
1422.0,F3,7.00,31.0811,29.8030,29.9088,6.6778,0.3222,0.3950,0,0.2702
1423.0,F3,7.00,31.0873,29.8029,29.9086,6.6776,0.3224,0.3950,0,0.2702
1424.0,F3,7.00,31.0948,29.8067,29.9050,6.6740,0.3260,0.3950,0,0.2702
1425.0,F3,7.00,31.1086,29.8100,29.9020,6.6710,0.3290,0.3950,0,0.2702
1426.0,F3,7.00,31.1159,29.8173,29.8994,6.6684,0.3316,0.3950,0,0.2702
1427.0,F3,7.00,31.1333,29.8220,29.8988,6.6678,0.3322,0.3950,0,0.2702
1428.0,F3,7.00,31.1383,29.8265,29.8994,6.6684,0.3316,0.3950,0,0.2702
1429.0,F3,7.00,31.1466,29.8307,29.9030,6.6720,0.3280,0.3950,0,0.2702
1430.0,F3,7.00,31.1591,29.8362,29.9080,6.6770,0.3230,0.4068,0,0.2779
1431.0,F3,7.00,31.1769,29.8406,29.9144,6.6834,0.3166,0.4068,0,0.2779
1432.0,F3,7.00,31.1912,29.8540,29.9193,6.6883,0.3117,0.4068,0,0.2779
1433.0,F3,7.00,31.2077,29.8613,29.9149,6.6839,0.3161,0.4068,0,0.2779
1434.0,F3,7.00,31.2285,29.8710,29.9134,6.6824,0.3176,0.4068,0,0.2779
1435.0,F3,7.00,31.2411,29.8749,29.9177,6.6867,0.3133,0.4068,0,0.2779
1436.0,F3,7.00,31.2523,29.8856,29.9263,6.6953,0.3047,0.4068,0,0.2779
1437.0,F3,7.00,31.2636,29.8952,29.9311,6.7001,0.2999,0.4068,0,0.2779
1438.0,F3,7.00,31.2770,29.9028,29.9355,6.7045,0.2955,0.4068,0,0.2779
1439.0,F3,7.00,31.2939,29.9125,29.9413,6.7103,0.2897,0.4068,0,0.2779
1440.0,F3,7.00,31.3056,29.9218,29.9475,6.7165,0.2835,0.3978,0,0.2847
1441.0,F3,7.00,31.3170,29.9301,29.9520,6.7210,0.2790,0.3978,0,0.2847
1442.0,F3,7.00,31.3307,29.9421,29.9616,6.7306,0.2694,0.3978,0,0.2847
1443.0,F3,7.00,31.3504,29.9534,29.9715,6.7405,0.2595,0.3978,0,0.2847
1444.0,F3,7.00,31.3634,29.9640,29.9774,6.7464,0.2536,0.3978,0,0.2847
1445.0,F3,7.00,31.3816,29.9704,29.9792,6.7482,0.2518,0.3978,0,0.2847
1446.0,F3,7.00,31.3828,29.9754,29.9841,6.7531,0.2469,0.3978,0,0.2847
1447.0,F3,7.00,31.3839,29.9775,29.9850,6.7540,0.2460,0.3978,1,0.2847
1448.0,F3,7.00,31.3863,29.9720,29.9897,6.7587,0.2413,0.3978,1,0.2847
1449.0,F3,7.00,31.3809,29.9626,29.9927,6.7617,0.2383,0.3978,1,0.2847
1450.0,F3,7.00,31.3854,29.9586,29.9963,6.7653,0.2347,0.3839,1,0.2902
1451.0,F3,7.00,31.3902,29.9570,30.0033,6.7723,0.2277,0.3839,1,0.2902
1452.0,F3,7.00,31.3952,29.9562,30.0074,6.7764,0.2236,0.3839,1,0.2902
1453.0,F3,7.00,31.4072,29.9642,30.0101,6.7791,0.2209,0.3839,1,0.2902
1454.0,F3,7.00,31.4145,29.9731,30.0140,6.7830,0.2170,0.3839,1,0.2902
1455.0,F3,7.00,31.4165,29.9777,30.0209,6.7899,0.2101,0.3839,1,0.2902
1456.0,F3,7.00,31.4242,29.9792,30.0232,6.7922,0.2078,0.3839,1,0.2902
1457.0,F3,7.00,31.4301,29.9816,30.0292,6.7982,0.2018,0.3839,1,0.2902
1458.0,F3,7.00,31.4327,29.9848,30.0350,6.8040,0.1960,0.3839,1,0.2902
1459.0,F3,7.00,31.4372,29.9903,30.0359,6.8049,0.1951,0.3839,1,0.2902
1460.0,F3,7.00,31.4418,29.9957,30.0462,6.8152,0.1848,0.3684,1,0.2946
1461.0,F3,7.00,31.4467,30.0031,30.0527,6.8217,0.1783,0.3684,1,0.2946
1462.0,F3,7.00,31.4529,30.0072,30.0640,6.8330,0.1670,0.3684,1,0.2946
1463.0,F3,7.00,31.4596,30.0146,30.0690,6.8380,0.1620,0.3684,1,0.2946
1464.0,F3,7.00,31.4649,30.0166,30.0771,6.8461,0.1539,0.3684,1,0.2946
1465.0,F3,7.00,31.4691,30.0199,30.0861,6.8551,0.1449,0.3684,1,0.2946
1466.0,F3,7.00,31.4749,30.0236,30.0913,6.8603,0.1397,0.3684,1,0.2946
1467.0,F3,7.00,31.4861,30.0265,30.0950,6.8640,0.1360,0.3684,1,0.2946
1468.0,F3,7.00,31.4988,30.0336,30.1000,6.8690,0.1310,0.3684,1,0.2946
1469.0,F3,7.00,31.5139,30.0437,30.1034,6.8724,0.1276,0.3684,1,0.2946
1470.0,F3,7.00,31.5278,30.0576,30.1110,6.8800,0.1200,0.3453,1,0.2975
1471.0,F3,7.00,31.5396,30.0677,30.1156,6.8846,0.1154,0.3453,1,0.2975
1472.0,F3,7.00,31.5461,30.0753,30.1201,6.8891,0.1109,0.3453,1,0.2975
1473.0,F3,7.00,31.5525,30.0816,30.1301,6.8991,0.1009,0.3453,1,0.2975
1474.0,F3,7.00,31.5589,30.0954,30.1315,6.9005,0.0995,0.3453,1,0.2975
1475.0,F3,7.00,31.5667,30.1059,30.1374,6.9064,0.0936,0.3453,1,0.2975
1476.0,F3,7.00,31.5662,30.1088,30.1450,6.9140,0.0860,0.3453,1,0.2975
1477.0,F3,7.00,31.5697,30.1142,30.1484,6.9174,0.0826,0.3453,1,0.2975
1478.0,F3,7.00,31.5779,30.1201,30.1593,6.9283,0.0717,0.3453,1,0.2975
1479.0,F3,7.00,31.5877,30.1282,30.1683,6.9373,0.0627,0.3453,1,0.2975
1480.0,F3,7.00,31.5957,30.1398,30.1767,6.9457,0.0543,0.3204,1,0.2988
1481.0,F3,7.00,31.5974,30.1499,30.1821,6.9511,0.0489,0.3204,1,0.2988
1482.0,F3,7.00,31.6014,30.1511,30.1899,6.9589,0.0411,0.3204,1,0.2988
1483.0,F3,7.00,31.5999,30.1557,30.1963,6.9653,0.0347,0.3204,1,0.2988
1484.0,F3,7.00,31.6027,30.1626,30.1999,6.9689,0.0311,0.3204,1,0.2988
1485.0,F3,7.00,31.6029,30.1719,30.2029,6.9719,0.0281,0.3204,1,0.2988
1486.0,F3,7.00,31.5992,30.1741,30.2068,6.9758,0.0242,0.3204,1,0.2988
1487.0,F3,7.00,31.5927,30.1705,30.2143,6.9833,0.0167,0.3204,1,0.2988
1488.0,F3,7.00,31.5848,30.1691,30.2186,6.9876,0.0124,0.3204,1,0.2988
1489.0,F3,7.00,31.5801,30.1656,30.2231,6.9921,0.0079,0.3204,1,0.2988
1490.0,F3,7.00,31.5770,30.1680,30.2283,6.9973,0.0027,0.2999,1,0.2988
1491.0,F3,7.00,31.5759,30.1648,30.2274,6.9964,0.0036,0.2999,1,0.2988
1492.0,F3,7.00,31.5756,30.1655,30.2341,7.0031,-0.0031,0.2999,1,0.2988
1493.0,F3,7.00,31.5696,30.1684,30.2411,7.0101,-0.0101,0.2999,1,0.2988
1494.0,F3,7.00,31.5732,30.1740,30.2484,7.0174,-0.0174,0.2999,1,0.2988
1495.0,F3,7.00,31.5826,30.1910,30.2563,7.0253,-0.0253,0.2999,1,0.2988
1496.0,F3,7.00,31.5884,30.1927,30.2629,7.0319,-0.0319,0.2999,1,0.2988
1497.0,F3,7.00,31.5940,30.1987,30.2645,7.0335,-0.0335,0.2999,1,0.2988
1498.0,F3,7.00,31.6060,30.2013,30.2676,7.0366,-0.0366,0.2999,1,0.2988
1499.0,F3,7.00,31.6100,30.2077,30.2748,7.0438,-0.0438,0.2999,1,0.2988
1500.0,F3,7.00,31.6191,30.2151,30.2787,7.0477,-0.0477,0.2787,1,0.2977
1501.0,F3,7.00,31.6229,30.2192,30.2869,7.0559,-0.0559,0.2787,1,0.2977
1502.0,F3,7.00,31.6277,30.2280,30.2950,7.0640,-0.0640,0.2787,1,0.2977
1503.0,F3,7.00,31.6320,30.2369,30.3017,7.0707,-0.0707,0.2787,1,0.2977
1504.0,F3,7.00,31.6380,30.2463,30.3083,7.0773,-0.0773,0.2787,1,0.2977
1505.0,F3,7.00,31.6405,30.2494,30.3072,7.0762,-0.0762,0.2787,1,0.2977
1506.0,F3,7.00,31.6332,30.2539,30.3105,7.0795,-0.0795,0.2787,1,0.2977
1507.0,F3,7.00,31.6267,30.2545,30.3122,7.0812,-0.0812,0.2787,1,0.2977
1508.0,F3,7.00,31.6324,30.2544,30.3117,7.0807,-0.0807,0.2787,1,0.2977
1509.0,F3,7.00,31.6371,30.2628,30.3109,7.0799,-0.0799,0.2787,1,0.2977
1510.0,F3,7.00,31.6424,30.2643,30.3158,7.0848,-0.0848,0.2618,1,0.2957
1511.0,F3,7.00,31.6514,30.2706,30.3256,7.0946,-0.0946,0.2618,1,0.2957
1512.0,F3,7.00,31.6523,30.2806,30.3322,7.1012,-0.1012,0.2618,1,0.2957
1513.0,F3,7.00,31.6631,30.2873,30.3407,7.1097,-0.1097,0.2618,1,0.2957
1514.0,F3,7.00,31.6627,30.2890,30.3434,7.1124,-0.1124,0.2618,1,0.2957
1515.0,F3,7.00,31.6655,30.2967,30.3483,7.1173,-0.1173,0.2618,1,0.2957
1516.0,F3,7.00,31.6648,30.2990,30.3515,7.1205,-0.1205,0.2618,1,0.2957
1517.0,F3,7.00,31.6603,30.3009,30.3525,7.1215,-0.1215,0.2618,1,0.2957
1518.0,F3,7.00,31.6445,30.2985,30.3547,7.1237,-0.1237,0.2618,1,0.2957
1519.0,F3,7.00,31.6313,30.2917,30.3495,7.1185,-0.1185,0.2618,1,0.2957
1520.0,F3,7.00,31.6169,30.2862,30.3451,7.1141,-0.1141,0.2474,1,0.2930
1521.0,F3,7.00,31.6103,30.2876,30.3429,7.1119,-0.1119,0.2474,0,0.2930
1522.0,F3,7.00,31.5959,30.2893,30.3413,7.1103,-0.1103,0.2474,0,0.2930
1523.0,F3,7.00,31.5895,30.2893,30.3412,7.1102,-0.1102,0.2474,0,0.2930
1524.0,F3,7.00,31.5811,30.2895,30.3350,7.1040,-0.1040,0.2474,0,0.2930
1525.0,F3,7.00,31.5773,30.2923,30.3322,7.1012,-0.1012,0.2474,0,0.2930
1526.0,F3,7.00,31.5743,30.2925,30.3320,7.1010,-0.1010,0.2474,0,0.2930
1527.0,F3,7.00,31.5754,30.2972,30.3366,7.1056,-0.1056,0.2474,0,0.2930
1528.0,F3,7.00,31.5671,30.2989,30.3319,7.1009,-0.1009,0.2474,0,0.2930
1529.0,F3,7.00,31.5644,30.2961,30.3238,7.0928,-0.0928,0.2474,0,0.2930
1530.0,F3,7.00,31.5590,30.2966,30.3278,7.0968,-0.0968,0.2521,0,0.2907
1531.0,F3,7.00,31.5462,30.2909,30.3246,7.0936,-0.0936,0.2521,0,0.2907
1532.0,F3,7.00,31.5293,30.2809,30.3191,7.0881,-0.0881,0.2521,0,0.2907
1533.0,F3,7.00,31.5092,30.2668,30.3121,7.0811,-0.0811,0.2521,0,0.2907
1534.0,F3,7.00,31.4886,30.2535,30.3014,7.0704,-0.0704,0.2521,0,0.2907
1535.0,F3,7.00,31.4692,30.2351,30.2928,7.0618,-0.0618,0.2521,0,0.2907
1536.0,F3,7.00,31.4420,30.2218,30.2947,7.0637,-0.0637,0.2521,0,0.2907
1537.0,F3,7.00,31.4266,30.2076,30.2937,7.0627,-0.0627,0.2521,0,0.2907
1538.0,F3,7.00,31.4127,30.1992,30.2910,7.0600,-0.0600,0.2521,0,0.2907
1539.0,F3,7.00,31.3975,30.1912,30.2883,7.0573,-0.0573,0.2521,0,0.2907
1540.0,F3,7.00,31.3842,30.1816,30.2894,7.0584,-0.0584,0.2660,0,0.2893
1541.0,F3,7.00,31.3739,30.1782,30.2909,7.0599,-0.0599,0.2660,0,0.2893
1542.0,F3,7.00,31.3643,30.1726,30.2948,7.0638,-0.0638,0.2660,0,0.2893
1543.0,F3,7.00,31.3579,30.1646,30.2960,7.0650,-0.0650,0.2660,0,0.2893
1544.0,F3,7.00,31.3534,30.1706,30.2928,7.0618,-0.0618,0.2660,0,0.2893
1545.0,F3,7.00,31.3464,30.1687,30.2935,7.0625,-0.0625,0.2660,0,0.2893
1546.0,F3,7.00,31.3457,30.1649,30.2955,7.0645,-0.0645,0.2660,0,0.2893
1547.0,F3,7.00,31.3419,30.1649,30.2977,7.0667,-0.0667,0.2660,0,0.2893
1548.0,F3,7.00,31.3352,30.1601,30.2987,7.0677,-0.0677,0.2660,0,0.2893
1549.0,F3,7.00,31.3343,30.1604,30.2996,7.0686,-0.0686,0.2660,0,0.2893
1550.0,F3,7.00,31.3327,30.1583,30.3015,7.0705,-0.0705,0.2595,0,0.2876
1551.0,F3,7.00,31.3316,30.1573,30.3063,7.0753,-0.0753,0.2595,0,0.2876
1552.0,F3,7.00,31.3328,30.1617,30.3127,7.0817,-0.0817,0.2595,0,0.2876
1553.0,F3,7.00,31.3325,30.1648,30.3144,7.0834,-0.0834,0.2595,0,0.2876
1554.0,F3,7.00,31.3354,30.1766,30.3143,7.0833,-0.0833,0.2595,0,0.2876
1555.0,F3,7.00,31.3388,30.1765,30.3159,7.0849,-0.0849,0.2595,0,0.2876
1556.0,F3,7.00,31.3452,30.1793,30.3146,7.0836,-0.0836,0.2595,0,0.2876
1557.0,F3,7.00,31.3469,30.1796,30.3158,7.0848,-0.0848,0.2595,0,0.2876
1558.0,F3,7.00,31.3568,30.1758,30.3146,7.0836,-0.0836,0.2595,0,0.2876
1559.0,F3,7.00,31.3581,30.1751,30.3143,7.0833,-0.0833,0.2595,0,0.2876
1560.0,F3,7.00,31.3604,30.1754,30.3133,7.0823,-0.0823,0.2528,0,0.2856
# F3,method=9,r=7.00,t_phase=480,e_ss=0.003,IAE=166.09,ISE=115.88,TV=1.006,n_on=477,n_h=3577.5,t5=120,c_p=0.207,c_pp=1.326,E=312.1
# END
