# START,method=9,KR=0.3990,TI=168.0,KI=0.00000,H=0.50,L=0.0,DELTA_T=16.60,T_P=307,CTRL_CH=2,T_amb=23.231
t_s,phase,r,T1,T2,T3,c,e,u,heater,I_term
0.0,AP,5.00,23.2533,23.2051,23.2575,0.0265,4.9735,1.0000,1,0.0000
1.0,AP,5.00,23.2502,23.2053,23.2597,0.0287,4.9713,1.0000,1,0.0000
2.0,AP,5.00,23.2508,23.2056,23.2592,0.0282,4.9718,1.0000,1,0.0000
3.0,AP,5.00,23.2452,23.2047,23.2599,0.0289,4.9711,1.0000,1,0.0000
4.0,AP,5.00,23.2471,23.2075,23.2606,0.0296,4.9704,1.0000,1,0.0000
5.0,AP,5.00,23.2492,23.2027,23.2600,0.0290,4.9710,1.0000,1,0.0000
6.0,AP,5.00,23.2511,23.2061,23.2588,0.0278,4.9722,1.0000,1,0.0000
7.0,AP,5.00,23.2521,23.2049,23.2586,0.0276,4.9724,1.0000,1,0.0000
8.0,AP,5.00,23.2539,23.2056,23.2609,0.0299,4.9701,1.0000,1,0.0000
9.0,AP,5.00,23.2531,23.2064,23.2594,0.0284,4.9716,1.0000,1,0.0000
10.0,AP,5.00,23.2568,23.2061,23.2622,0.0312,4.9688,1.0000,1,0.0000
11.0,AP,5.00,23.2578,23.2075,23.2608,0.0298,4.9702,1.0000,1,0.0000
12.0,AP,5.00,23.2579,23.2064,23.2615,0.0305,4.9695,1.0000,1,0.0000
13.0,AP,5.00,23.2615,23.2068,23.2617,0.0307,4.9693,1.0000,1,0.0000
14.0,AP,5.00,23.2587,23.2094,23.2628,0.0318,4.9682,1.0000,1,0.0000
15.0,AP,5.00,23.2584,23.2116,23.2632,0.0322,4.9678,1.0000,1,0.0000
16.0,AP,5.00,23.2624,23.2111,23.2638,0.0328,4.9672,1.0000,1,0.0000
17.0,AP,5.00,23.2598,23.2106,23.2642,0.0332,4.9668,1.0000,1,0.0000
18.0,AP,5.00,23.2652,23.2106,23.2644,0.0334,4.9666,1.0000,1,0.0000
19.0,AP,5.00,23.2614,23.2108,23.2613,0.0303,4.9697,1.0000,1,0.0000
20.0,AP,5.00,23.2617,23.2159,23.2646,0.0336,4.9664,1.0000,1,0.0000
21.0,AP,5.00,23.2640,23.2120,23.2654,0.0344,4.9656,1.0000,1,0.0000
22.0,AP,5.00,23.2603,23.2138,23.2664,0.0354,4.9646,1.0000,1,0.0000
23.0,AP,5.00,23.2611,23.2112,23.2655,0.0345,4.9655,1.0000,1,0.0000
24.0,AP,5.00,23.2621,23.2137,23.2644,0.0334,4.9666,1.0000,1,0.0000
25.0,AP,5.00,23.2627,23.2141,23.2675,0.0365,4.9635,1.0000,1,0.0000
26.0,AP,5.00,23.2625,23.2104,23.2641,0.0331,4.9669,1.0000,1,0.0000
27.0,AP,5.00,23.2630,23.2104,23.2622,0.0312,4.9688,1.0000,1,0.0000
28.0,AP,5.00,23.2650,23.2089,23.2630,0.0320,4.9680,1.0000,1,0.0000
29.0,AP,5.00,23.2660,23.2099,23.2624,0.0314,4.9686,1.0000,1,0.0000
30.0,AP,5.00,23.2620,23.2093,23.2624,0.0314,4.9686,1.0000,1,0.0000
31.0,AP,5.00,23.2629,23.2104,23.2628,0.0318,4.9682,1.0000,1,0.0000
32.0,AP,5.00,23.2608,23.2096,23.2634,0.0324,4.9676,1.0000,1,0.0000
33.0,AP,5.00,23.2649,23.2124,23.2617,0.0307,4.9693,1.0000,1,0.0000
34.0,AP,5.00,23.2617,23.2120,23.2629,0.0319,4.9681,1.0000,1,0.0000
35.0,AP,5.00,23.2622,23.2153,23.2648,0.0338,4.9662,1.0000,1,0.0000
36.0,AP,5.00,23.2616,23.2145,23.2641,0.0331,4.9669,1.0000,1,0.0000
37.0,AP,5.00,23.2603,23.2109,23.2651,0.0341,4.9659,1.0000,1,0.0000
38.0,AP,5.00,23.2589,23.2134,23.2641,0.0331,4.9669,1.0000,1,0.0000
39.0,AP,5.00,23.2571,23.2112,23.2659,0.0349,4.9651,1.0000,1,0.0000
40.0,AP,5.00,23.2590,23.2108,23.2659,0.0349,4.9651,1.0000,1,0.0000
41.0,AP,5.00,23.2570,23.2134,23.2661,0.0351,4.9649,1.0000,1,0.0000
42.0,AP,5.00,23.2586,23.2097,23.2644,0.0334,4.9666,1.0000,1,0.0000
43.0,AP,5.00,23.2573,23.2107,23.2657,0.0347,4.9653,1.0000,1,0.0000
44.0,AP,5.00,23.2559,23.2093,23.2679,0.0369,4.9631,1.0000,1,0.0000
45.0,AP,5.00,23.2544,23.2111,23.2637,0.0327,4.9673,1.0000,1,0.0000
46.0,AP,5.00,23.2566,23.2153,23.2636,0.0326,4.9674,1.0000,1,0.0000
47.0,AP,5.00,23.2618,23.2120,23.2668,0.0358,4.9642,1.0000,1,0.0000
48.0,AP,5.00,23.2572,23.2126,23.2647,0.0337,4.9663,1.0000,1,0.0000
49.0,AP,5.00,23.2549,23.2116,23.2635,0.0325,4.9675,1.0000,1,0.0000
50.0,AP,5.00,23.2578,23.2115,23.2650,0.0340,4.9660,1.0000,1,0.0000
51.0,AP,5.00,23.2567,23.2126,23.2664,0.0354,4.9646,1.0000,1,0.0000
52.0,AP,5.00,23.2577,23.2135,23.2642,0.0332,4.9668,1.0000,1,0.0000
53.0,AP,5.00,23.2532,23.2120,23.2647,0.0337,4.9663,1.0000,1,0.0000
54.0,AP,5.00,23.2579,23.2116,23.2675,0.0365,4.9635,1.0000,1,0.0000
55.0,AP,5.00,23.2564,23.2125,23.2656,0.0346,4.9654,1.0000,1,0.0000
56.0,AP,5.00,23.2570,23.2131,23.2688,0.0378,4.9622,1.0000,1,0.0000
57.0,AP,5.00,23.2581,23.2118,23.2672,0.0362,4.9638,1.0000,1,0.0000
58.0,AP,5.00,23.2568,23.2139,23.2674,0.0364,4.9636,1.0000,1,0.0000
59.0,AP,5.00,23.2600,23.2108,23.2680,0.0370,4.9630,1.0000,1,0.0000
60.0,AP,5.00,23.2592,23.2143,23.2680,0.0370,4.9630,1.0000,1,0.0000
61.0,AP,5.00,23.2571,23.2157,23.2683,0.0373,4.9627,1.0000,1,0.0000
62.0,AP,5.00,23.2596,23.2141,23.2676,0.0366,4.9634,1.0000,1,0.0000
63.0,AP,5.00,23.2594,23.2153,23.2694,0.0384,4.9616,1.0000,1,0.0000
64.0,AP,5.00,23.2614,23.2147,23.2688,0.0378,4.9622,1.0000,1,0.0000
65.0,AP,5.00,23.2602,23.2147,23.2679,0.0369,4.9631,1.0000,1,0.0000
66.0,AP,5.00,23.2593,23.2183,23.2686,0.0376,4.9624,1.0000,1,0.0000
67.0,AP,5.00,23.2592,23.2135,23.2689,0.0379,4.9621,1.0000,1,0.0000
68.0,AP,5.00,23.2616,23.2143,23.2669,0.0359,4.9641,1.0000,1,0.0000
69.0,AP,5.00,23.2614,23.2146,23.2683,0.0373,4.9627,1.0000,1,0.0000
# WARNING: approach ended at c=0.04 K, settled outside 5 +/- 0.2 K - F1 starts from the last F0 line of the log; t_s=70
70.0,F0,5.00,23.2614,23.2135,23.2688,0.0378,4.9622,1.0000,1,0.0000
71.0,F0,5.00,23.2625,23.2159,23.2698,0.0388,4.9612,1.0000,1,0.0000
72.0,F0,5.00,23.2637,23.2163,23.2703,0.0393,4.9607,1.0000,1,0.0000
73.0,F0,5.00,23.2615,23.2149,23.2702,0.0392,4.9608,1.0000,1,0.0000
74.0,F0,5.00,23.2614,23.2142,23.2688,0.0378,4.9622,1.0000,1,0.0000
75.0,F0,5.00,23.2604,23.2155,23.2705,0.0395,4.9605,1.0000,1,0.0000
76.0,F0,5.00,23.2626,23.2158,23.2696,0.0386,4.9614,1.0000,1,0.0000
77.0,F0,5.00,23.2638,23.2160,23.2722,0.0412,4.9588,1.0000,1,0.0000
78.0,F0,5.00,23.2625,23.2177,23.2711,0.0401,4.9599,1.0000,1,0.0000
79.0,F0,5.00,23.2627,23.2144,23.2720,0.0410,4.9590,1.0000,1,0.0000
80.0,F0,5.00,23.2664,23.2155,23.2718,0.0408,4.9592,1.0000,1,0.0000
81.0,F0,5.00,23.2631,23.2184,23.2703,0.0393,4.9607,1.0000,1,0.0000
82.0,F0,5.00,23.2632,23.2176,23.2715,0.0405,4.9595,1.0000,1,0.0000
83.0,F0,5.00,23.2643,23.2162,23.2728,0.0418,4.9582,1.0000,1,0.0000
84.0,F0,5.00,23.2622,23.2159,23.2738,0.0428,4.9572,1.0000,1,0.0000
85.0,F0,5.00,23.2620,23.2175,23.2732,0.0422,4.9578,1.0000,1,0.0000
86.0,F0,5.00,23.2632,23.2184,23.2733,0.0423,4.9577,1.0000,1,0.0000
87.0,F0,5.00,23.2614,23.2148,23.2713,0.0403,4.9597,1.0000,1,0.0000
88.0,F0,5.00,23.2606,23.2173,23.2742,0.0432,4.9568,1.0000,1,0.0000
89.0,F0,5.00,23.2621,23.2159,23.2730,0.0420,4.9580,1.0000,1,0.0000
90.0,F0,5.00,23.2600,23.2177,23.2745,0.0435,4.9565,1.0000,1,0.0000
91.0,F0,5.00,23.2662,23.2147,23.2755,0.0445,4.9555,1.0000,1,0.0000
92.0,F0,5.00,23.2629,23.2185,23.2755,0.0445,4.9555,1.0000,1,0.0000
93.0,F0,5.00,23.2633,23.2177,23.2734,0.0424,4.9576,1.0000,1,0.0000
94.0,F0,5.00,23.2640,23.2171,23.2745,0.0435,4.9565,1.0000,1,0.0000
95.0,F0,5.00,23.2649,23.2225,23.2736,0.0426,4.9574,1.0000,1,0.0000
96.0,F0,5.00,23.2657,23.2164,23.2744,0.0434,4.9566,1.0000,1,0.0000
97.0,F0,5.00,23.2643,23.2167,23.2732,0.0422,4.9578,1.0000,1,0.0000
98.0,F0,5.00,23.2635,23.2148,23.2734,0.0424,4.9576,1.0000,1,0.0000
99.0,F0,5.00,23.2640,23.2155,23.2744,0.0434,4.9566,1.0000,1,0.0000
100.0,F0,5.00,23.2682,23.2184,23.2748,0.0438,4.9562,1.0000,1,0.0000
101.0,F0,5.00,23.2656,23.2197,23.2732,0.0422,4.9578,1.0000,1,0.0000
102.0,F0,5.00,23.2657,23.2205,23.2751,0.0441,4.9559,1.0000,1,0.0000
103.0,F0,5.00,23.2650,23.2176,23.2761,0.0451,4.9549,1.0000,1,0.0000
104.0,F0,5.00,23.2643,23.2224,23.2759,0.0449,4.9551,1.0000,1,0.0000
105.0,F0,5.00,23.2653,23.2185,23.2773,0.0463,4.9537,1.0000,1,0.0000
106.0,F0,5.00,23.2651,23.2199,23.2767,0.0457,4.9543,1.0000,1,0.0000
107.0,F0,5.00,23.2637,23.2223,23.2769,0.0459,4.9541,1.0000,1,0.0000
108.0,F0,5.00,23.2666,23.2266,23.2753,0.0443,4.9557,1.0000,1,0.0000
109.0,F0,5.00,23.2685,23.2213,23.2758,0.0448,4.9552,1.0000,1,0.0000
110.0,F0,5.00,23.2684,23.2208,23.2803,0.0493,4.9507,1.0000,1,0.0000
111.0,F0,5.00,23.2693,23.2233,23.2780,0.0470,4.9530,1.0000,1,0.0000
112.0,F0,5.00,23.2716,23.2228,23.2776,0.0466,4.9534,1.0000,1,0.0000
113.0,F0,5.00,23.2690,23.2233,23.2808,0.0498,4.9502,1.0000,1,0.0000
114.0,F0,5.00,23.2719,23.2242,23.2809,0.0499,4.9501,1.0000,1,0.0000
115.0,F0,5.00,23.2726,23.2247,23.2826,0.0516,4.9484,1.0000,1,0.0000
116.0,F0,5.00,23.2746,23.2249,23.2829,0.0519,4.9481,1.0000,1,0.0000
117.0,F0,5.00,23.2765,23.2289,23.2825,0.0515,4.9485,1.0000,1,0.0000
118.0,F0,5.00,23.2747,23.2279,23.2850,0.0540,4.9460,1.0000,1,0.0000
119.0,F0,5.00,23.2775,23.2309,23.2833,0.0523,4.9477,1.0000,1,0.0000
120.0,F0,5.00,23.2790,23.2292,23.2833,0.0523,4.9477,1.0000,1,0.0000
121.0,F0,5.00,23.2803,23.2301,23.2858,0.0548,4.9452,1.0000,1,0.0000
122.0,F0,5.00,23.2813,23.2321,23.2847,0.0537,4.9463,1.0000,1,0.0000
123.0,F0,5.00,23.2789,23.2307,23.2854,0.0544,4.9456,1.0000,1,0.0000
124.0,F0,5.00,23.2821,23.2312,23.2846,0.0536,4.9464,1.0000,1,0.0000
125.0,F0,5.00,23.2822,23.2311,23.2832,0.0522,4.9478,1.0000,1,0.0000
126.0,F0,5.00,23.2838,23.2307,23.2833,0.0523,4.9477,1.0000,1,0.0000
127.0,F0,5.00,23.2793,23.2277,23.2829,0.0519,4.9481,1.0000,1,0.0000
128.0,F0,5.00,23.2802,23.2296,23.2814,0.0504,4.9496,1.0000,1,0.0000
129.0,F0,5.00,23.2818,23.2283,23.2834,0.0524,4.9476,1.0000,1,0.0000
130.0,F0,5.00,23.2823,23.2296,23.2806,0.0496,4.9504,1.0000,1,0.0000
131.0,F0,5.00,23.2826,23.2293,23.2804,0.0494,4.9506,1.0000,1,0.0000
132.0,F0,5.00,23.2834,23.2318,23.2812,0.0502,4.9498,1.0000,1,0.0000
133.0,F0,5.00,23.2797,23.2303,23.2800,0.0490,4.9510,1.0000,1,0.0000
134.0,F0,5.00,23.2797,23.2318,23.2807,0.0497,4.9503,1.0000,1,0.0000
135.0,F0,5.00,23.2794,23.2287,23.2806,0.0496,4.9504,1.0000,1,0.0000
136.0,F0,5.00,23.2823,23.2314,23.2810,0.0500,4.9500,1.0000,1,0.0000
137.0,F0,5.00,23.2834,23.2313,23.2805,0.0495,4.9505,1.0000,1,0.0000
138.0,F0,5.00,23.2821,23.2310,23.2824,0.0514,4.9486,1.0000,1,0.0000
139.0,F0,5.00,23.2818,23.2293,23.2834,0.0524,4.9476,1.0000,1,0.0000
140.0,F0,5.00,23.2810,23.2307,23.2807,0.0497,4.9503,1.0000,1,0.0000
141.0,F0,5.00,23.2831,23.2292,23.2795,0.0485,4.9515,1.0000,1,0.0000
142.0,F0,5.00,23.2817,23.2297,23.2825,0.0515,4.9485,1.0000,1,0.0000
143.0,F0,5.00,23.2813,23.2296,23.2810,0.0500,4.9500,1.0000,1,0.0000
144.0,F0,5.00,23.2806,23.2308,23.2788,0.0478,4.9522,1.0000,1,0.0000
145.0,F0,5.00,23.2809,23.2312,23.2801,0.0491,4.9509,1.0000,1,0.0000
146.0,F0,5.00,23.2827,23.2320,23.2811,0.0501,4.9499,1.0000,1,0.0000
147.0,F0,5.00,23.2809,23.2319,23.2796,0.0486,4.9514,1.0000,1,0.0000
148.0,F0,5.00,23.2834,23.2306,23.2766,0.0456,4.9544,1.0000,1,0.0000
149.0,F0,5.00,23.2857,23.2337,23.2813,0.0503,4.9497,1.0000,1,0.0000
150.0,F0,5.00,23.2848,23.2329,23.2811,0.0501,4.9499,1.0000,1,0.0000
151.0,F0,5.00,23.2850,23.2328,23.2803,0.0493,4.9507,1.0000,1,0.0000
152.0,F0,5.00,23.2850,23.2305,23.2779,0.0469,4.9531,1.0000,1,0.0000
153.0,F0,5.00,23.2832,23.2324,23.2802,0.0492,4.9508,1.0000,1,0.0000
154.0,F0,5.00,23.2830,23.2321,23.2807,0.0497,4.9503,1.0000,1,0.0000
155.0,F0,5.00,23.2859,23.2302,23.2807,0.0497,4.9503,1.0000,1,0.0000
156.0,F0,5.00,23.2824,23.2290,23.2795,0.0485,4.9515,1.0000,1,0.0000
157.0,F0,5.00,23.2838,23.2316,23.2799,0.0489,4.9511,1.0000,1,0.0000
158.0,F0,5.00,23.2844,23.2298,23.2779,0.0469,4.9531,1.0000,1,0.0000
159.0,F0,5.00,23.2827,23.2293,23.2814,0.0504,4.9496,1.0000,1,0.0000
160.0,F0,5.00,23.2837,23.2293,23.2792,0.0482,4.9518,1.0000,1,0.0000
161.0,F0,5.00,23.2813,23.2319,23.2812,0.0502,4.9498,1.0000,1,0.0000
162.0,F0,5.00,23.2794,23.2279,23.2808,0.0498,4.9502,1.0000,1,0.0000
163.0,F0,5.00,23.2813,23.2299,23.2807,0.0497,4.9503,1.0000,1,0.0000
164.0,F0,5.00,23.2816,23.2294,23.2807,0.0497,4.9503,1.0000,1,0.0000
165.0,F0,5.00,23.2834,23.2268,23.2788,0.0478,4.9522,1.0000,1,0.0000
166.0,F0,5.00,23.2800,23.2279,23.2793,0.0483,4.9517,1.0000,1,0.0000
167.0,F0,5.00,23.2811,23.2303,23.2796,0.0486,4.9514,1.0000,1,0.0000
168.0,F0,5.00,23.2825,23.2296,23.2804,0.0494,4.9506,1.0000,1,0.0000
169.0,F0,5.00,23.2843,23.2325,23.2789,0.0479,4.9521,1.0000,1,0.0000
170.0,F0,5.00,23.2820,23.2303,23.2782,0.0472,4.9528,1.0000,1,0.0000
171.0,F0,5.00,23.2849,23.2314,23.2783,0.0473,4.9527,1.0000,1,0.0000
172.0,F0,5.00,23.2841,23.2307,23.2794,0.0484,4.9516,1.0000,1,0.0000
173.0,F0,5.00,23.2827,23.2296,23.2777,0.0467,4.9533,1.0000,1,0.0000
174.0,F0,5.00,23.2844,23.2286,23.2767,0.0457,4.9543,1.0000,1,0.0000
175.0,F0,5.00,23.2821,23.2300,23.2791,0.0481,4.9519,1.0000,1,0.0000
176.0,F0,5.00,23.2797,23.2298,23.2799,0.0489,4.9511,1.0000,1,0.0000
177.0,F0,5.00,23.2835,23.2340,23.2768,0.0458,4.9542,1.0000,1,0.0000
178.0,F0,5.00,23.2818,23.2297,23.2784,0.0474,4.9526,1.0000,1,0.0000
179.0,F0,5.00,23.2836,23.2285,23.2786,0.0476,4.9524,1.0000,1,0.0000
180.0,F0,5.00,23.2822,23.2270,23.2788,0.0478,4.9522,1.0000,1,0.0000
181.0,F0,5.00,23.2822,23.2281,23.2792,0.0482,4.9518,1.0000,1,0.0000
182.0,F0,5.00,23.2798,23.2310,23.2791,0.0481,4.9519,1.0000,1,0.0000
183.0,F0,5.00,23.2796,23.2304,23.2777,0.0467,4.9533,1.0000,1,0.0000
184.0,F0,5.00,23.2784,23.2307,23.2779,0.0469,4.9531,1.0000,1,0.0000
185.0,F0,5.00,23.2826,23.2296,23.2792,0.0482,4.9518,1.0000,1,0.0000
186.0,F0,5.00,23.2846,23.2274,23.2788,0.0478,4.9522,1.0000,1,0.0000
187.0,F0,5.00,23.2813,23.2258,23.2785,0.0475,4.9525,1.0000,1,0.0000
188.0,F0,5.00,23.2818,23.2289,23.2761,0.0451,4.9549,1.0000,1,0.0000
189.0,F0,5.00,23.2813,23.2289,23.2776,0.0466,4.9534,1.0000,1,0.0000
190.0,F0,5.00,23.2789,23.2259,23.2763,0.0453,4.9547,1.0000,1,0.0000
191.0,F0,5.00,23.2838,23.2275,23.2761,0.0451,4.9549,1.0000,1,0.0000
192.0,F0,5.00,23.2810,23.2262,23.2745,0.0435,4.9565,1.0000,1,0.0000
193.0,F0,5.00,23.2826,23.2265,23.2777,0.0467,4.9533,1.0000,1,0.0000
194.0,F0,5.00,23.2806,23.2256,23.2773,0.0463,4.9537,1.0000,1,0.0000
195.0,F0,5.00,23.2806,23.2276,23.2770,0.0460,4.9540,1.0000,1,0.0000
196.0,F0,5.00,23.2781,23.2278,23.2787,0.0477,4.9523,1.0000,1,0.0000
197.0,F0,5.00,23.2787,23.2272,23.2788,0.0478,4.9522,1.0000,1,0.0000
198.0,F0,5.00,23.2827,23.2268,23.2781,0.0471,4.9529,1.0000,1,0.0000
199.0,F0,5.00,23.2785,23.2294,23.2752,0.0442,4.9558,1.0000,1,0.0000
200.0,F0,5.00,23.2798,23.2291,23.2771,0.0461,4.9539,1.0000,1,0.0000
201.0,F0,5.00,23.2779,23.2244,23.2788,0.0478,4.9522,1.0000,1,0.0000
202.0,F0,5.00,23.2777,23.2278,23.2783,0.0473,4.9527,1.0000,1,0.0000
203.0,F0,5.00,23.2806,23.2299,23.2809,0.0499,4.9501,1.0000,1,0.0000
204.0,F0,5.00,23.2801,23.2280,23.2797,0.0487,4.9513,1.0000,1,0.0000
205.0,F0,5.00,23.2784,23.2285,23.2804,0.0494,4.9506,1.0000,1,0.0000
206.0,F0,5.00,23.2793,23.2294,23.2782,0.0472,4.9528,1.0000,1,0.0000
207.0,F0,5.00,23.2781,23.2258,23.2798,0.0488,4.9512,1.0000,1,0.0000
208.0,F0,5.00,23.2791,23.2277,23.2796,0.0486,4.9514,1.0000,1,0.0000
209.0,F0,5.00,23.2769,23.2265,23.2783,0.0473,4.9527,1.0000,1,0.0000
210.0,F0,5.00,23.2794,23.2256,23.2804,0.0494,4.9506,1.0000,1,0.0000
211.0,F0,5.00,23.2778,23.2289,23.2794,0.0484,4.9516,1.0000,1,0.0000
212.0,F0,5.00,23.2775,23.2263,23.2799,0.0489,4.9511,1.0000,1,0.0000
213.0,F0,5.00,23.2772,23.2262,23.2777,0.0467,4.9533,1.0000,1,0.0000
214.0,F0,5.00,23.2761,23.2277,23.2788,0.0478,4.9522,1.0000,1,0.0000
215.0,F0,5.00,23.2774,23.2274,23.2782,0.0472,4.9528,1.0000,1,0.0000
216.0,F0,5.00,23.2752,23.2282,23.2805,0.0495,4.9505,1.0000,1,0.0000
217.0,F0,5.00,23.2730,23.2308,23.2788,0.0478,4.9522,1.0000,1,0.0000
218.0,F0,5.00,23.2766,23.2262,23.2816,0.0506,4.9494,1.0000,1,0.0000
219.0,F0,5.00,23.2832,23.2285,23.2799,0.0489,4.9511,1.0000,1,0.0000
220.0,F0,5.00,23.2785,23.2286,23.2793,0.0483,4.9517,1.0000,1,0.0000
221.0,F0,5.00,23.2794,23.2277,23.2811,0.0501,4.9499,1.0000,1,0.0000
222.0,F0,5.00,23.2831,23.2320,23.2819,0.0509,4.9491,1.0000,1,0.0000
223.0,F0,5.00,23.2817,23.2316,23.2828,0.0518,4.9482,1.0000,1,0.0000
224.0,F0,5.00,23.2834,23.2307,23.2803,0.0493,4.9507,1.0000,1,0.0000
225.0,F0,5.00,23.2827,23.2313,23.2839,0.0529,4.9471,1.0000,1,0.0000
226.0,F0,5.00,23.2815,23.2334,23.2827,0.0517,4.9483,1.0000,1,0.0000
227.0,F0,5.00,23.2866,23.2311,23.2826,0.0516,4.9484,1.0000,1,0.0000
228.0,F0,5.00,23.2867,23.2340,23.2813,0.0503,4.9497,1.0000,1,0.0000
229.0,F0,5.00,23.2865,23.2348,23.2844,0.0534,4.9466,1.0000,1,0.0000
230.0,F0,5.00,23.2851,23.2348,23.2846,0.0536,4.9464,1.0000,1,0.0000
231.0,F0,5.00,23.2876,23.2357,23.2862,0.0552,4.9448,1.0000,1,0.0000
232.0,F0,5.00,23.2877,23.2352,23.2857,0.0547,4.9453,1.0000,1,0.0000
233.0,F0,5.00,23.2892,23.2369,23.2860,0.0550,4.9450,1.0000,1,0.0000
234.0,F0,5.00,23.2892,23.2368,23.2874,0.0564,4.9436,1.0000,1,0.0000
235.0,F0,5.00,23.2895,23.2386,23.2873,0.0563,4.9437,1.0000,1,0.0000
236.0,F0,5.00,23.2916,23.2390,23.2889,0.0579,4.9421,1.0000,1,0.0000
237.0,F0,5.00,23.2868,23.2385,23.2914,0.0604,4.9396,1.0000,1,0.0000
238.0,F0,5.00,23.2885,23.2416,23.2916,0.0606,4.9394,1.0000,1,0.0000
239.0,F0,5.00,23.2875,23.2420,23.2922,0.0612,4.9388,1.0000,1,0.0000
240.0,F0,5.00,23.2866,23.2397,23.2924,0.0614,4.9386,1.0000,1,0.0000
241.0,F0,5.00,23.2880,23.2394,23.2925,0.0615,4.9385,1.0000,1,0.0000
242.0,F0,5.00,23.2874,23.2398,23.2909,0.0599,4.9401,1.0000,1,0.0000
243.0,F0,5.00,23.2893,23.2423,23.2917,0.0607,4.9393,1.0000,1,0.0000
244.0,F0,5.00,23.2892,23.2406,23.2910,0.0600,4.9400,1.0000,1,0.0000
245.0,F0,5.00,23.2888,23.2389,23.2902,0.0592,4.9408,1.0000,1,0.0000
246.0,F0,5.00,23.2886,23.2382,23.2941,0.0631,4.9369,1.0000,1,0.0000
247.0,F0,5.00,23.2889,23.2419,23.2932,0.0622,4.9378,1.0000,1,0.0000
248.0,F0,5.00,23.2892,23.2413,23.2921,0.0611,4.9389,1.0000,1,0.0000
249.0,F0,5.00,23.2921,23.2397,23.2953,0.0643,4.9357,1.0000,1,0.0000
250.0,F0,5.00,23.2914,23.2421,23.2952,0.0642,4.9358,1.0000,1,0.0000
251.0,F0,5.00,23.2920,23.2427,23.2958,0.0648,4.9352,1.0000,1,0.0000
252.0,F0,5.00,23.2897,23.2413,23.2953,0.0643,4.9357,1.0000,1,0.0000
253.0,F0,5.00,23.2938,23.2406,23.2931,0.0621,4.9379,1.0000,1,0.0000
254.0,F0,5.00,23.2914,23.2417,23.2948,0.0638,4.9362,1.0000,1,0.0000
255.0,F0,5.00,23.2936,23.2439,23.2965,0.0655,4.9345,1.0000,1,0.0000
256.0,F0,5.00,23.2959,23.2413,23.2955,0.0645,4.9355,1.0000,1,0.0000
257.0,F0,5.00,23.2938,23.2433,23.2944,0.0634,4.9366,1.0000,1,0.0000
258.0,F0,5.00,23.2925,23.2413,23.2997,0.0687,4.9313,1.0000,1,0.0000
259.0,F0,5.00,23.2954,23.2467,23.2964,0.0654,4.9346,1.0000,1,0.0000
260.0,F0,5.00,23.2957,23.2469,23.2992,0.0682,4.9318,1.0000,1,0.0000
261.0,F0,5.00,23.2959,23.2462,23.2995,0.0685,4.9315,1.0000,1,0.0000
262.0,F0,5.00,23.2948,23.2479,23.2997,0.0687,4.9313,1.0000,1,0.0000
263.0,F0,5.00,23.2968,23.2480,23.3002,0.0692,4.9308,1.0000,1,0.0000
264.0,F0,5.00,23.2960,23.2494,23.3005,0.0695,4.9305,1.0000,1,0.0000
265.0,F0,5.00,23.2946,23.2460,23.3007,0.0697,4.9303,1.0000,1,0.0000
266.0,F0,5.00,23.2952,23.2462,23.3003,0.0693,4.9307,1.0000,1,0.0000
267.0,F0,5.00,23.2958,23.2468,23.2994,0.0684,4.9316,1.0000,1,0.0000
268.0,F0,5.00,23.2985,23.2468,23.2992,0.0682,4.9318,1.0000,1,0.0000
269.0,F0,5.00,23.2934,23.2505,23.2991,0.0681,4.9319,1.0000,1,0.0000
270.0,F0,5.00,23.2953,23.2459,23.2994,0.0684,4.9316,1.0000,1,0.0000
271.0,F0,5.00,23.2949,23.2498,23.2978,0.0668,4.9332,1.0000,1,0.0000
272.0,F0,5.00,23.2957,23.2488,23.2976,0.0666,4.9334,1.0000,1,0.0000
273.0,F0,5.00,23.2960,23.2481,23.2963,0.0653,4.9347,1.0000,1,0.0000
274.0,F0,5.00,23.2949,23.2463,23.2940,0.0630,4.9370,1.0000,1,0.0000
275.0,F0,5.00,23.2946,23.2442,23.2952,0.0642,4.9358,1.0000,1,0.0000
276.0,F0,5.00,23.2939,23.2458,23.2957,0.0647,4.9353,1.0000,1,0.0000
277.0,F0,5.00,23.2921,23.2437,23.2958,0.0648,4.9352,1.0000,1,0.0000
278.0,F0,5.00,23.2910,23.2459,23.2935,0.0625,4.9375,1.0000,1,0.0000
279.0,F0,5.00,23.2946,23.2469,23.2940,0.0630,4.9370,1.0000,1,0.0000
280.0,F0,5.00,23.2933,23.2459,23.2949,0.0639,4.9361,1.0000,1,0.0000
281.0,F0,5.00,23.2964,23.2453,23.2934,0.0624,4.9376,1.0000,1,0.0000
282.0,F0,5.00,23.2944,23.2418,23.2944,0.0634,4.9366,1.0000,1,0.0000
283.0,F0,5.00,23.2944,23.2448,23.2958,0.0648,4.9352,1.0000,1,0.0000
284.0,F0,5.00,23.2908,23.2460,23.2961,0.0651,4.9349,1.0000,1,0.0000
285.0,F0,5.00,23.2963,23.2436,23.2963,0.0653,4.9347,1.0000,1,0.0000
286.0,F0,5.00,23.2977,23.2458,23.2972,0.0662,4.9338,1.0000,1,0.0000
287.0,F0,5.00,23.2951,23.2475,23.2968,0.0658,4.9342,1.0000,1,0.0000
288.0,F0,5.00,23.2962,23.2470,23.2994,0.0684,4.9316,1.0000,1,0.0000
289.0,F0,5.00,23.2949,23.2460,23.2957,0.0647,4.9353,1.0000,1,0.0000
290.0,F0,5.00,23.2968,23.2470,23.2977,0.0667,4.9333,1.0000,1,0.0000
291.0,F0,5.00,23.2963,23.2479,23.2993,0.0683,4.9317,1.0000,1,0.0000
292.0,F0,5.00,23.2955,23.2459,23.2985,0.0675,4.9325,1.0000,1,0.0000
293.0,F0,5.00,23.2964,23.2461,23.2949,0.0639,4.9361,1.0000,1,0.0000
294.0,F0,5.00,23.2961,23.2462,23.2981,0.0671,4.9329,1.0000,1,0.0000
295.0,F0,5.00,23.2964,23.2442,23.2979,0.0669,4.9331,1.0000,1,0.0000
296.0,F0,5.00,23.2971,23.2457,23.2980,0.0670,4.9330,1.0000,1,0.0000
297.0,F0,5.00,23.2944,23.2460,23.2986,0.0676,4.9324,1.0000,1,0.0000
298.0,F0,5.00,23.2959,23.2445,23.2981,0.0671,4.9329,1.0000,1,0.0000
299.0,F0,5.00,23.2948,23.2433,23.2988,0.0678,4.9322,1.0000,1,0.0000
300.0,F0,5.00,23.2957,23.2450,23.2977,0.0667,4.9333,1.0000,1,0.0000
301.0,F0,5.00,23.2968,23.2465,23.2986,0.0676,4.9324,1.0000,1,0.0000
302.0,F0,5.00,23.2966,23.2470,23.2981,0.0671,4.9329,1.0000,1,0.0000
303.0,F0,5.00,23.2967,23.2450,23.2980,0.0670,4.9330,1.0000,1,0.0000
304.0,F0,5.00,23.2960,23.2467,23.2981,0.0671,4.9329,1.0000,1,0.0000
305.0,F0,5.00,23.2960,23.2459,23.2986,0.0676,4.9324,1.0000,1,0.0000
306.0,F0,5.00,23.2956,23.2474,23.2976,0.0666,4.9334,1.0000,1,0.0000
307.0,F0,5.00,23.2949,23.2467,23.2973,0.0663,4.9337,1.0000,1,0.0000
308.0,F0,5.00,23.2968,23.2473,23.2967,0.0657,4.9343,1.0000,1,0.0000
309.0,F0,5.00,23.2958,23.2453,23.2963,0.0653,4.9347,1.0000,1,0.0000
310.0,F0,5.00,23.2957,23.2447,23.2965,0.0655,4.9345,1.0000,1,0.0000
311.0,F0,5.00,23.2999,23.2440,23.2963,0.0653,4.9347,1.0000,1,0.0000
312.0,F0,5.00,23.2963,23.2457,23.2965,0.0655,4.9345,1.0000,1,0.0000
313.0,F0,5.00,23.2970,23.2457,23.2973,0.0663,4.9337,1.0000,1,0.0000
314.0,F0,5.00,23.2975,23.2450,23.2947,0.0637,4.9363,1.0000,1,0.0000
315.0,F0,5.00,23.2990,23.2446,23.2955,0.0645,4.9355,1.0000,1,0.0000
316.0,F0,5.00,23.3000,23.2434,23.2947,0.0637,4.9363,1.0000,1,0.0000
317.0,F0,5.00,23.3009,23.2468,23.2958,0.0648,4.9352,1.0000,1,0.0000
318.0,F0,5.00,23.2995,23.2450,23.2958,0.0648,4.9352,1.0000,1,0.0000
319.0,F0,5.00,23.2998,23.2440,23.2963,0.0653,4.9347,1.0000,1,0.0000
320.0,F0,5.00,23.3010,23.2464,23.2971,0.0661,4.9339,1.0000,1,0.0000
321.0,F0,5.00,23.2993,23.2455,23.2970,0.0660,4.9340,1.0000,1,0.0000
322.0,F0,5.00,23.2998,23.2454,23.2969,0.0659,4.9341,1.0000,1,0.0000
323.0,F0,5.00,23.2951,23.2451,23.2957,0.0647,4.9353,1.0000,1,0.0000
324.0,F0,5.00,23.2987,23.2468,23.2961,0.0651,4.9349,1.0000,1,0.0000
325.0,F0,5.00,23.2961,23.2422,23.2935,0.0625,4.9375,1.0000,1,0.0000
326.0,F0,5.00,23.2966,23.2430,23.2942,0.0632,4.9368,1.0000,1,0.0000
327.0,F0,5.00,23.2950,23.2445,23.2925,0.0615,4.9385,1.0000,1,0.0000
328.0,F0,5.00,23.2948,23.2472,23.2932,0.0622,4.9378,1.0000,1,0.0000
329.0,F0,5.00,23.2975,23.2426,23.2961,0.0651,4.9349,1.0000,1,0.0000
330.0,F0,5.00,23.2951,23.2455,23.2932,0.0622,4.9378,1.0000,1,0.0000
331.0,F0,5.00,23.3003,23.2454,23.2932,0.0622,4.9378,1.0000,1,0.0000
332.0,F0,5.00,23.2999,23.2475,23.2924,0.0614,4.9386,1.0000,1,0.0000
333.0,F0,5.00,23.2966,23.2451,23.2976,0.0666,4.9334,1.0000,1,0.0000
334.0,F0,5.00,23.2990,23.2447,23.2950,0.0640,4.9360,1.0000,1,0.0000
335.0,F0,5.00,23.2990,23.2463,23.2957,0.0647,4.9353,1.0000,1,0.0000
336.0,F0,5.00,23.2987,23.2451,23.2936,0.0626,4.9374,1.0000,1,0.0000
337.0,F0,5.00,23.3008,23.2442,23.2932,0.0622,4.9378,1.0000,1,0.0000
338.0,F0,5.00,23.2971,23.2442,23.2932,0.0622,4.9378,1.0000,1,0.0000
339.0,F0,5.00,23.3017,23.2450,23.2950,0.0640,4.9360,1.0000,1,0.0000
340.0,F0,5.00,23.2978,23.2450,23.2942,0.0632,4.9368,1.0000,1,0.0000
341.0,F0,5.00,23.2993,23.2444,23.2943,0.0633,4.9367,1.0000,1,0.0000
342.0,F0,5.00,23.3003,23.2431,23.2963,0.0653,4.9347,1.0000,1,0.0000
343.0,F0,5.00,23.2963,23.2418,23.2940,0.0630,4.9370,1.0000,1,0.0000
344.0,F0,5.00,23.2993,23.2458,23.2944,0.0634,4.9366,1.0000,1,0.0000
345.0,F0,5.00,23.2958,23.2463,23.2953,0.0643,4.9357,1.0000,1,0.0000
346.0,F0,5.00,23.2959,23.2460,23.2960,0.0650,4.9350,1.0000,1,0.0000
347.0,F0,5.00,23.2996,23.2454,23.2948,0.0638,4.9362,1.0000,1,0.0000
348.0,F0,5.00,23.2974,23.2480,23.2946,0.0636,4.9364,1.0000,1,0.0000
349.0,F0,5.00,23.2971,23.2481,23.2953,0.0643,4.9357,1.0000,1,0.0000
350.0,F0,5.00,23.2991,23.2480,23.2950,0.0640,4.9360,1.0000,1,0.0000
351.0,F0,5.00,23.2975,23.2449,23.2962,0.0652,4.9348,1.0000,1,0.0000
352.0,F0,5.00,23.2982,23.2484,23.2982,0.0672,4.9328,1.0000,1,0.0000
353.0,F0,5.00,23.2959,23.2455,23.2975,0.0665,4.9335,1.0000,1,0.0000
354.0,F0,5.00,23.2985,23.2477,23.2969,0.0659,4.9341,1.0000,1,0.0000
355.0,F0,5.00,23.2972,23.2476,23.2957,0.0647,4.9353,1.0000,1,0.0000
356.0,F0,5.00,23.2984,23.2475,23.2977,0.0667,4.9333,1.0000,1,0.0000
357.0,F0,5.00,23.2947,23.2477,23.2972,0.0662,4.9338,1.0000,1,0.0000
358.0,F0,5.00,23.2961,23.2440,23.2978,0.0668,4.9332,1.0000,1,0.0000
359.0,F0,5.00,23.2946,23.2478,23.2988,0.0678,4.9322,1.0000,1,0.0000
360.0,F0,5.00,23.2963,23.2460,23.2979,0.0669,4.9331,1.0000,1,0.0000
361.0,F0,5.00,23.2943,23.2500,23.2980,0.0670,4.9330,1.0000,1,0.0000
362.0,F0,5.00,23.2939,23.2468,23.2966,0.0656,4.9344,1.0000,1,0.0000
363.0,F0,5.00,23.2938,23.2461,23.2994,0.0684,4.9316,1.0000,1,0.0000
364.0,F0,5.00,23.2941,23.2468,23.2981,0.0671,4.9329,1.0000,1,0.0000
365.0,F0,5.00,23.2946,23.2465,23.2992,0.0682,4.9318,1.0000,1,0.0000
366.0,F0,5.00,23.2975,23.2447,23.2994,0.0684,4.9316,1.0000,1,0.0000
367.0,F0,5.00,23.2946,23.2448,23.2991,0.0681,4.9319,1.0000,1,0.0000
368.0,F0,5.00,23.2939,23.2456,23.3005,0.0695,4.9305,1.0000,1,0.0000
369.0,F0,5.00,23.2996,23.2481,23.2985,0.0675,4.9325,1.0000,1,0.0000
370.0,F0,5.00,23.2971,23.2469,23.2995,0.0685,4.9315,1.0000,1,0.0000
371.0,F1,10.00,23.2940,23.2474,23.3000,0.0690,9.9310,1.0000,1,0.0000
372.0,F1,10.00,23.2964,23.2486,23.3012,0.0702,9.9298,1.0000,1,0.0000
373.0,F1,10.00,23.2939,23.2465,23.3015,0.0705,9.9295,1.0000,1,0.0000
374.0,F1,10.00,23.2937,23.2469,23.2988,0.0678,9.9322,1.0000,1,0.0000
375.0,F1,10.00,23.2960,23.2471,23.3009,0.0699,9.9301,1.0000,1,0.0000
376.0,F1,10.00,23.2947,23.2451,23.2997,0.0687,9.9313,1.0000,1,0.0000
377.0,F1,10.00,23.2970,23.2517,23.3022,0.0712,9.9288,1.0000,1,0.0000
378.0,F1,10.00,23.2947,23.2458,23.3003,0.0693,9.9307,1.0000,1,0.0000
379.0,F1,10.00,23.2984,23.2478,23.3017,0.0707,9.9293,1.0000,1,0.0000
380.0,F1,10.00,23.2958,23.2498,23.3046,0.0736,9.9264,1.0000,1,0.2358
381.0,F1,10.00,23.2951,23.2507,23.3022,0.0712,9.9288,1.0000,1,0.2358
382.0,F1,10.00,23.2972,23.2488,23.3021,0.0711,9.9289,1.0000,1,0.2358
383.0,F1,10.00,23.2999,23.2484,23.3026,0.0716,9.9284,1.0000,1,0.2358
384.0,F1,10.00,23.2921,23.2505,23.3009,0.0699,9.9301,1.0000,1,0.2358
385.0,F1,10.00,23.2997,23.2487,23.2988,0.0678,9.9322,1.0000,1,0.2358
386.0,F1,10.00,23.2940,23.2477,23.2994,0.0684,9.9316,1.0000,1,0.2358
387.0,F1,10.00,23.2997,23.2475,23.3005,0.0695,9.9305,1.0000,1,0.2358
388.0,F1,10.00,23.2965,23.2477,23.3010,0.0700,9.9300,1.0000,1,0.2358
389.0,F1,10.00,23.2950,23.2462,23.3023,0.0713,9.9287,1.0000,1,0.2358
390.0,F1,10.00,23.2951,23.2482,23.3003,0.0693,9.9307,1.0000,1,0.4716
391.0,F1,10.00,23.2951,23.2476,23.3043,0.0733,9.9267,1.0000,1,0.4716
392.0,F1,10.00,23.2965,23.2490,23.3014,0.0704,9.9296,1.0000,1,0.4716
393.0,F1,10.00,23.3004,23.2470,23.3007,0.0697,9.9303,1.0000,1,0.4716
394.0,F1,10.00,23.2979,23.2512,23.3025,0.0715,9.9285,1.0000,1,0.4716
395.0,F1,10.00,23.2995,23.2460,23.2996,0.0686,9.9314,1.0000,1,0.4716
396.0,F1,10.00,23.2997,23.2513,23.3019,0.0709,9.9291,1.0000,1,0.4716
397.0,F1,10.00,23.2978,23.2487,23.3016,0.0706,9.9294,1.0000,1,0.4716
398.0,F1,10.00,23.3007,23.2473,23.3024,0.0714,9.9286,1.0000,1,0.4716
399.0,F1,10.00,23.2969,23.2467,23.3025,0.0715,9.9285,1.0000,1,0.4716
400.0,F1,10.00,23.2973,23.2444,23.3034,0.0724,9.9276,1.0000,1,0.7074
401.0,F1,10.00,23.2993,23.2481,23.3040,0.0730,9.9270,1.0000,1,0.7074
402.0,F1,10.00,23.2977,23.2458,23.3023,0.0713,9.9287,1.0000,1,0.7074
403.0,F1,10.00,23.3008,23.2494,23.3029,0.0719,9.9281,1.0000,1,0.7074
404.0,F1,10.00,23.2979,23.2480,23.3042,0.0732,9.9268,1.0000,1,0.7074
405.0,F1,10.00,23.2980,23.2448,23.3014,0.0704,9.9296,1.0000,1,0.7074
406.0,F1,10.00,23.2973,23.2463,23.3012,0.0702,9.9298,1.0000,1,0.7074
407.0,F1,10.00,23.2966,23.2470,23.3040,0.0730,9.9270,1.0000,1,0.7074
408.0,F1,10.00,23.2968,23.2469,23.3036,0.0726,9.9274,1.0000,1,0.7074
409.0,F1,10.00,23.2990,23.2454,23.3040,0.0730,9.9270,1.0000,1,0.7074
410.0,F1,10.00,23.2906,23.2479,23.3034,0.0724,9.9276,1.0000,1,0.9432
411.0,F1,10.00,23.2958,23.2468,23.3056,0.0746,9.9254,1.0000,1,0.9432
412.0,F1,10.00,23.2973,23.2486,23.3015,0.0705,9.9295,1.0000,1,0.9432
413.0,F1,10.00,23.2957,23.2467,23.3025,0.0715,9.9285,1.0000,1,0.9432
414.0,F1,10.00,23.2978,23.2467,23.3038,0.0728,9.9272,1.0000,1,0.9432
415.0,F1,10.00,23.2959,23.2451,23.3036,0.0726,9.9274,1.0000,1,0.9432
416.0,F1,10.00,23.2967,23.2456,23.3043,0.0733,9.9267,1.0000,1,0.9432
417.0,F1,10.00,23.2984,23.2491,23.3061,0.0751,9.9249,1.0000,1,0.9432
418.0,F1,10.00,23.2979,23.2497,23.3064,0.0754,9.9246,1.0000,1,0.9432
419.0,F1,10.00,23.2989,23.2501,23.3099,0.0789,9.9211,1.0000,1,0.9432
420.0,F1,10.00,23.2970,23.2496,23.3052,0.0742,9.9258,1.0000,1,1.1789
421.0,F1,10.00,23.2998,23.2517,23.3063,0.0753,9.9247,1.0000,1,1.1789
422.0,F1,10.00,23.3012,23.2504,23.3067,0.0757,9.9243,1.0000,1,1.1789
423.0,F1,10.00,23.3015,23.2493,23.3111,0.0801,9.9199,1.0000,1,1.1789
424.0,F1,10.00,23.3040,23.2527,23.3049,0.0739,9.9261,1.0000,1,1.1789
425.0,F1,10.00,23.3037,23.2528,23.3077,0.0767,9.9233,1.0000,1,1.1789
426.0,F1,10.00,23.3021,23.2504,23.3058,0.0748,9.9252,1.0000,1,1.1789
427.0,F1,10.00,23.3078,23.2532,23.3097,0.0787,9.9213,1.0000,1,1.1789
428.0,F1,10.00,23.3081,23.2520,23.3100,0.0790,9.9210,1.0000,1,1.1789
429.0,F1,10.00,23.3032,23.2534,23.3087,0.0777,9.9223,1.0000,1,1.1789
430.0,F1,10.00,23.3039,23.2536,23.3097,0.0787,9.9213,1.0000,1,1.4145
431.0,F1,10.00,23.3012,23.2553,23.3108,0.0798,9.9202,1.0000,1,1.4145
432.0,F1,10.00,23.3039,23.2536,23.3114,0.0804,9.9196,1.0000,1,1.4145
433.0,F1,10.00,23.3058,23.2548,23.3100,0.0790,9.9210,1.0000,1,1.4145
434.0,F1,10.00,23.3048,23.2557,23.3076,0.0766,9.9234,1.0000,1,1.4145
435.0,F1,10.00,23.3079,23.2529,23.3117,0.0807,9.9193,1.0000,1,1.4145
436.0,F1,10.00,23.3039,23.2533,23.3091,0.0781,9.9219,1.0000,1,1.4145
437.0,F1,10.00,23.3078,23.2570,23.3102,0.0791,9.9209,1.0000,1,1.4145
438.0,F1,10.00,23.3053,23.2553,23.3061,0.0751,9.9249,1.0000,1,1.4145
439.0,F1,10.00,23.3073,23.2536,23.3080,0.0770,9.9230,1.0000,1,1.4145
440.0,F1,10.00,23.3062,23.2534,23.3099,0.0789,9.9211,1.0000,1,1.6502
441.0,F1,10.00,23.3080,23.2560,23.3101,0.0791,9.9209,1.0000,1,1.6502
442.0,F1,10.00,23.3098,23.2564,23.3083,0.0773,9.9227,1.0000,1,1.6502
443.0,F1,10.00,23.3083,23.2570,23.3064,0.0754,9.9246,1.0000,1,1.6502
444.0,F1,10.00,23.3100,23.2570,23.3101,0.0791,9.9209,1.0000,1,1.6502
445.0,F1,10.00,23.3083,23.2591,23.3095,0.0785,9.9215,1.0000,1,1.6502
446.0,F1,10.00,23.3103,23.2560,23.3055,0.0744,9.9256,1.0000,1,1.6502
447.0,F1,10.00,23.3095,23.2570,23.3073,0.0763,9.9237,1.0000,1,1.6502
448.0,F1,10.00,23.3099,23.2561,23.3075,0.0765,9.9235,1.0000,1,1.6502
449.0,F1,10.00,23.3124,23.2559,23.3096,0.0786,9.9214,1.0000,1,1.6502
450.0,F1,10.00,23.3114,23.2576,23.3101,0.0791,9.9209,1.0000,1,1.8858
451.0,F1,10.00,23.3117,23.2562,23.3085,0.0775,9.9225,1.0000,1,1.8858
452.0,F1,10.00,23.3121,23.2563,23.3072,0.0762,9.9238,1.0000,1,1.8858
453.0,F1,10.00,23.3110,23.2577,23.3101,0.0791,9.9209,1.0000,1,1.8858
454.0,F1,10.00,23.3121,23.2597,23.3098,0.0788,9.9212,1.0000,1,1.8858
455.0,F1,10.00,23.3112,23.2613,23.3109,0.0799,9.9201,1.0000,1,1.8858
456.0,F1,10.00,23.3141,23.2613,23.3111,0.0801,9.9199,1.0000,1,1.8858
457.0,F1,10.00,23.3144,23.2593,23.3091,0.0781,9.9219,1.0000,1,1.8858
458.0,F1,10.00,23.3108,23.2615,23.3141,0.0831,9.9169,1.0000,1,1.8858
459.0,F1,10.00,23.3093,23.2600,23.3089,0.0779,9.9221,1.0000,1,1.8858
460.0,F1,10.00,23.3112,23.2622,23.3091,0.0781,9.9219,1.0000,1,2.1214
461.0,F1,10.00,23.3112,23.2597,23.3134,0.0824,9.9176,1.0000,1,2.1214
462.0,F1,10.00,23.3133,23.2606,23.3129,0.0819,9.9181,1.0000,1,2.1214
463.0,F1,10.00,23.3122,23.2593,23.3116,0.0806,9.9194,1.0000,1,2.1214
464.0,F1,10.00,23.3124,23.2612,23.3116,0.0806,9.9194,1.0000,1,2.1214
465.0,F1,10.00,23.3133,23.2568,23.3132,0.0822,9.9178,1.0000,1,2.1214
466.0,F1,10.00,23.3144,23.2642,23.3135,0.0825,9.9175,1.0000,1,2.1214
467.0,F1,10.00,23.3119,23.2611,23.3109,0.0799,9.9201,1.0000,1,2.1214
468.0,F1,10.00,23.3120,23.2613,23.3131,0.0821,9.9179,1.0000,1,2.1214
469.0,F1,10.00,23.3129,23.2605,23.3145,0.0835,9.9165,1.0000,1,2.1214
470.0,F1,10.00,23.3103,23.2597,23.3105,0.0795,9.9205,1.0000,1,2.3570
471.0,F1,10.00,23.3113,23.2608,23.3150,0.0840,9.9160,1.0000,1,2.3570
472.0,F1,10.00,23.3127,23.2593,23.3138,0.0828,9.9172,1.0000,1,2.3570
473.0,F1,10.00,23.3126,23.2615,23.3112,0.0802,9.9198,1.0000,1,2.3570
474.0,F1,10.00,23.3113,23.2622,23.3128,0.0818,9.9182,1.0000,1,2.3570
475.0,F1,10.00,23.3129,23.2587,23.3135,0.0825,9.9175,1.0000,1,2.3570
476.0,F1,10.00,23.3168,23.2614,23.3139,0.0829,9.9171,1.0000,1,2.3570
477.0,F1,10.00,23.3180,23.2592,23.3114,0.0804,9.9196,1.0000,1,2.3570
478.0,F1,10.00,23.3113,23.2586,23.3116,0.0806,9.9194,1.0000,1,2.3570
479.0,F1,10.00,23.3142,23.2597,23.3130,0.0820,9.9180,1.0000,1,2.3570
480.0,F1,10.00,23.3145,23.2638,23.3132,0.0822,9.9178,1.0000,1,2.5926
481.0,F1,10.00,23.3133,23.2627,23.3141,0.0831,9.9169,1.0000,1,2.5926
482.0,F1,10.00,23.3124,23.2587,23.3135,0.0825,9.9175,1.0000,1,2.5926
483.0,F1,10.00,23.3145,23.2622,23.3129,0.0819,9.9181,1.0000,1,2.5926
484.0,F1,10.00,23.3107,23.2623,23.3142,0.0832,9.9168,1.0000,1,2.5926
485.0,F1,10.00,23.3093,23.2582,23.3137,0.0827,9.9173,1.0000,1,2.5926
486.0,F1,10.00,23.3132,23.2626,23.3113,0.0803,9.9197,1.0000,1,2.5926
487.0,F1,10.00,23.3108,23.2609,23.3142,0.0832,9.9168,1.0000,1,2.5926
488.0,F1,10.00,23.3144,23.2611,23.3124,0.0814,9.9186,1.0000,1,2.5926
489.0,F1,10.00,23.3140,23.2620,23.3143,0.0833,9.9167,1.0000,1,2.5926
490.0,F1,10.00,23.3123,23.2610,23.3105,0.0795,9.9205,1.0000,1,2.8282
491.0,F1,10.00,23.3130,23.2593,23.3156,0.0846,9.9154,1.0000,1,2.8282
492.0,F1,10.00,23.3088,23.2613,23.3138,0.0828,9.9172,1.0000,1,2.8282
493.0,F1,10.00,23.3118,23.2570,23.3155,0.0845,9.9155,1.0000,1,2.8282
494.0,F1,10.00,23.3088,23.2578,23.3108,0.0798,9.9202,1.0000,1,2.8282
495.0,F1,10.00,23.3112,23.2570,23.3157,0.0847,9.9153,1.0000,1,2.8282
496.0,F1,10.00,23.3115,23.2597,23.3142,0.0832,9.9168,1.0000,1,2.8282
497.0,F1,10.00,23.3130,23.2589,23.3148,0.0838,9.9162,1.0000,1,2.8282
498.0,F1,10.00,23.3095,23.2574,23.3106,0.0796,9.9204,1.0000,1,2.8282
499.0,F1,10.00,23.3096,23.2572,23.3117,0.0807,9.9193,1.0000,1,2.8282
500.0,F1,10.00,23.3107,23.2610,23.3109,0.0799,9.9201,1.0000,1,3.0638
501.0,F1,10.00,23.3107,23.2574,23.3125,0.0815,9.9185,1.0000,1,3.0638
502.0,F1,10.00,23.3107,23.2564,23.3119,0.0809,9.9191,1.0000,1,3.0638
503.0,F1,10.00,23.3073,23.2538,23.3100,0.0790,9.9210,1.0000,1,3.0638
504.0,F1,10.00,23.3046,23.2558,23.3132,0.0822,9.9178,1.0000,1,3.0638
505.0,F1,10.00,23.3102,23.2567,23.3135,0.0825,9.9175,1.0000,1,3.0638
506.0,F1,10.00,23.3080,23.2566,23.3096,0.0786,9.9214,1.0000,1,3.0638
507.0,F1,10.00,23.3112,23.2553,23.3093,0.0783,9.9217,1.0000,1,3.0638
508.0,F1,10.00,23.3112,23.2584,23.3138,0.0828,9.9172,1.0000,1,3.0638
509.0,F1,10.00,23.3116,23.2581,23.3109,0.0799,9.9201,1.0000,1,3.0638
510.0,F1,10.00,23.3114,23.2597,23.3096,0.0786,9.9214,1.0000,1,3.2994
511.0,F1,10.00,23.3126,23.2579,23.3116,0.0806,9.9194,1.0000,1,3.2994
512.0,F1,10.00,23.3111,23.2592,23.3104,0.0794,9.9206,1.0000,1,3.2994
513.0,F1,10.00,23.3087,23.2585,23.3114,0.0804,9.9196,1.0000,1,3.2994
514.0,F1,10.00,23.3113,23.2567,23.3120,0.0810,9.9190,1.0000,1,3.2994
515.0,F1,10.00,23.3139,23.2561,23.3116,0.0806,9.9194,1.0000,1,3.2994
516.0,F1,10.00,23.3114,23.2589,23.3147,0.0837,9.9163,1.0000,1,3.2994
517.0,F1,10.00,23.3111,23.2561,23.3118,0.0808,9.9192,1.0000,1,3.2994
518.0,F1,10.00,23.3143,23.2594,23.3100,0.0790,9.9210,1.0000,1,3.2994
519.0,F1,10.00,23.3111,23.2549,23.3121,0.0811,9.9189,1.0000,1,3.2994
520.0,F1,10.00,23.3132,23.2585,23.3153,0.0843,9.9157,1.0000,1,3.5349
521.0,F1,10.00,23.3106,23.2596,23.3114,0.0804,9.9196,1.0000,1,3.5349
522.0,F1,10.00,23.3100,23.2532,23.3117,0.0807,9.9193,1.0000,1,3.5349
523.0,F1,10.00,23.3088,23.2551,23.3112,0.0802,9.9198,1.0000,1,3.5349
524.0,F1,10.00,23.3100,23.2586,23.3134,0.0824,9.9176,1.0000,1,3.5349
525.0,F1,10.00,23.3080,23.2567,23.3135,0.0825,9.9175,1.0000,1,3.5349
526.0,F1,10.00,23.3044,23.2574,23.3155,0.0845,9.9155,1.0000,1,3.5349
527.0,F1,10.00,23.3081,23.2554,23.3145,0.0835,9.9165,1.0000,1,3.5349
528.0,F1,10.00,23.3067,23.2567,23.3123,0.0813,9.9187,1.0000,1,3.5349
529.0,F1,10.00,23.3071,23.2569,23.3145,0.0835,9.9165,1.0000,1,3.5349
530.0,F1,10.00,23.3069,23.2554,23.3150,0.0840,9.9160,1.0000,1,3.7704
531.0,F1,10.00,23.3037,23.2584,23.3134,0.0824,9.9176,1.0000,1,3.7704
532.0,F1,10.00,23.3020,23.2591,23.3141,0.0831,9.9169,1.0000,1,3.7704
533.0,F1,10.00,23.3043,23.2572,23.3157,0.0847,9.9153,1.0000,1,3.7704
534.0,F1,10.00,23.3050,23.2591,23.3158,0.0848,9.9152,1.0000,1,3.7704
535.0,F1,10.00,23.3065,23.2587,23.3170,0.0860,9.9140,1.0000,1,3.7704
536.0,F1,10.00,23.3062,23.2588,23.3172,0.0862,9.9138,1.0000,1,3.7704
537.0,F1,10.00,23.3069,23.2591,23.3142,0.0832,9.9168,1.0000,1,3.7704
538.0,F1,10.00,23.3079,23.2574,23.3160,0.0850,9.9150,1.0000,1,3.7704
539.0,F1,10.00,23.3116,23.2576,23.3153,0.0843,9.9157,1.0000,1,3.7704
540.0,F1,10.00,23.3072,23.2576,23.3174,0.0864,9.9136,1.0000,1,4.0059
541.0,F1,10.00,23.3087,23.2578,23.3165,0.0855,9.9145,1.0000,1,4.0059
542.0,F1,10.00,23.3076,23.2587,23.3143,0.0833,9.9167,1.0000,1,4.0059
543.0,F1,10.00,23.3133,23.2593,23.3158,0.0848,9.9152,1.0000,1,4.0059
544.0,F1,10.00,23.3092,23.2592,23.3119,0.0809,9.9191,1.0000,1,4.0059
545.0,F1,10.00,23.3099,23.2585,23.3127,0.0817,9.9183,1.0000,1,4.0059
546.0,F1,10.00,23.3076,23.2578,23.3153,0.0843,9.9157,1.0000,1,4.0059
547.0,F1,10.00,23.3074,23.2585,23.3163,0.0853,9.9147,1.0000,1,4.0059
548.0,F1,10.00,23.3094,23.2601,23.3156,0.0846,9.9154,1.0000,1,4.0059
549.0,F1,10.00,23.3094,23.2577,23.3157,0.0847,9.9153,1.0000,1,4.0059
550.0,F1,10.00,23.3105,23.2560,23.3141,0.0831,9.9169,1.0000,1,4.2414
551.0,F1,10.00,23.3127,23.2589,23.3160,0.0850,9.9150,1.0000,1,4.2414
552.0,F1,10.00,23.3118,23.2563,23.3139,0.0829,9.9171,1.0000,1,4.2414
553.0,F1,10.00,23.3111,23.2576,23.3148,0.0838,9.9162,1.0000,1,4.2414
554.0,F1,10.00,23.3097,23.2593,23.3134,0.0824,9.9176,1.0000,1,4.2414
555.0,F1,10.00,23.3101,23.2593,23.3135,0.0825,9.9175,1.0000,1,4.2414
556.0,F1,10.00,23.3123,23.2599,23.3119,0.0809,9.9191,1.0000,1,4.2414
557.0,F1,10.00,23.3101,23.2594,23.3125,0.0815,9.9185,1.0000,1,4.2414
558.0,F1,10.00,23.3134,23.2570,23.3118,0.0808,9.9192,1.0000,1,4.2414
559.0,F1,10.00,23.3123,23.2601,23.3118,0.0808,9.9192,1.0000,1,4.2414
560.0,F1,10.00,23.3106,23.2589,23.3120,0.0810,9.9190,1.0000,1,4.4770
561.0,F1,10.00,23.3106,23.2570,23.3097,0.0787,9.9213,1.0000,1,4.4770
562.0,F1,10.00,23.3065,23.2581,23.3096,0.0786,9.9214,1.0000,1,4.4770
563.0,F1,10.00,23.3095,23.2572,23.3088,0.0778,9.9222,1.0000,1,4.4770
564.0,F1,10.00,23.3067,23.2571,23.3101,0.0791,9.9209,1.0000,1,4.4770
565.0,F1,10.00,23.3069,23.2563,23.3106,0.0796,9.9204,1.0000,1,4.4770
566.0,F1,10.00,23.3081,23.2560,23.3102,0.0792,9.9208,1.0000,1,4.4770
567.0,F1,10.00,23.3087,23.2543,23.3129,0.0819,9.9181,1.0000,1,4.4770
568.0,F1,10.00,23.3045,23.2548,23.3142,0.0832,9.9168,1.0000,1,4.4770
569.0,F1,10.00,23.3065,23.2573,23.3122,0.0812,9.9188,1.0000,1,4.4770
570.0,F1,10.00,23.3108,23.2585,23.3119,0.0809,9.9191,1.0000,1,4.7126
571.0,F1,10.00,23.3086,23.2544,23.3120,0.0810,9.9190,1.0000,1,4.7126
572.0,F1,10.00,23.3077,23.2557,23.3131,0.0821,9.9179,1.0000,1,4.7126
573.0,F1,10.00,23.3113,23.2603,23.3140,0.0830,9.9170,1.0000,1,4.7126
574.0,F1,10.00,23.3087,23.2586,23.3109,0.0799,9.9201,1.0000,1,4.7126
575.0,F1,10.00,23.3078,23.2550,23.3113,0.0803,9.9197,1.0000,1,4.7126
576.0,F1,10.00,23.3065,23.2576,23.3106,0.0796,9.9204,1.0000,1,4.7126
577.0,F1,10.00,23.3074,23.2578,23.3134,0.0824,9.9176,1.0000,1,4.7126
578.0,F1,10.00,23.3067,23.2582,23.3125,0.0815,9.9185,1.0000,1,4.7126
579.0,F1,10.00,23.3064,23.2561,23.3129,0.0819,9.9181,1.0000,1,4.7126
580.0,F1,10.00,23.3065,23.2578,23.3139,0.0829,9.9171,1.0000,1,4.9481
581.0,F1,10.00,23.3065,23.2581,23.3130,0.0820,9.9180,1.0000,1,4.9481
582.0,F1,10.00,23.3101,23.2601,23.3129,0.0819,9.9181,1.0000,1,4.9481
583.0,F1,10.00,23.3083,23.2563,23.3150,0.0840,9.9160,1.0000,1,4.9481
584.0,F1,10.00,23.3107,23.2567,23.3160,0.0850,9.9150,1.0000,1,4.9481
585.0,F1,10.00,23.3123,23.2560,23.3145,0.0835,9.9165,1.0000,1,4.9481
586.0,F1,10.00,23.3074,23.2581,23.3151,0.0841,9.9159,1.0000,1,4.9481
587.0,F1,10.00,23.3067,23.2564,23.3152,0.0842,9.9158,1.0000,1,4.9481
588.0,F1,10.00,23.3093,23.2571,23.3153,0.0843,9.9157,1.0000,1,4.9481
589.0,F1,10.00,23.3100,23.2584,23.3144,0.0834,9.9166,1.0000,1,4.9481
590.0,F1,10.00,23.3088,23.2574,23.3145,0.0835,9.9165,1.0000,1,5.1836
591.0,F1,10.00,23.3103,23.2586,23.3150,0.0840,9.9160,1.0000,1,5.1836
592.0,F1,10.00,23.3085,23.2603,23.3138,0.0828,9.9172,1.0000,1,5.1836
593.0,F1,10.00,23.3103,23.2592,23.3171,0.0861,9.9139,1.0000,1,5.1836
594.0,F1,10.00,23.3084,23.2623,23.3156,0.0846,9.9154,1.0000,1,5.1836
595.0,F1,10.00,23.3096,23.2584,23.3142,0.0832,9.9168,1.0000,1,5.1836
596.0,F1,10.00,23.3076,23.2600,23.3148,0.0838,9.9162,1.0000,1,5.1836
597.0,F1,10.00,23.3074,23.2617,23.3181,0.0871,9.9129,1.0000,1,5.1836
598.0,F1,10.00,23.3046,23.2566,23.3157,0.0847,9.9153,1.0000,1,5.1836
599.0,F1,10.00,23.3081,23.2582,23.3146,0.0836,9.9164,1.0000,1,5.1836
600.0,F1,10.00,23.3072,23.2579,23.3165,0.0855,9.9145,1.0000,1,5.4191
601.0,F1,10.00,23.3073,23.2564,23.3142,0.0832,9.9168,1.0000,1,5.4191
602.0,F1,10.00,23.3095,23.2576,23.3158,0.0848,9.9152,1.0000,1,5.4191
603.0,F1,10.00,23.3046,23.2570,23.3130,0.0820,9.9180,1.0000,1,5.4191
604.0,F1,10.00,23.3054,23.2558,23.3157,0.0847,9.9153,1.0000,1,5.4191
605.0,F1,10.00,23.3042,23.2572,23.3164,0.0854,9.9146,1.0000,1,5.4191
606.0,F1,10.00,23.3022,23.2581,23.3129,0.0819,9.9181,1.0000,1,5.4191
607.0,F1,10.00,23.3031,23.2575,23.3157,0.0847,9.9153,1.0000,1,5.4191
608.0,F1,10.00,23.3071,23.2601,23.3162,0.0852,9.9148,1.0000,1,5.4191
609.0,F1,10.00,23.3089,23.2593,23.3153,0.0843,9.9157,1.0000,1,5.4191
610.0,F1,10.00,23.3063,23.2597,23.3163,0.0853,9.9147,1.0000,1,5.6546
611.0,F1,10.00,23.3081,23.2583,23.3177,0.0867,9.9133,1.0000,1,5.6546
612.0,F1,10.00,23.3081,23.2591,23.3188,0.0878,9.9122,1.0000,1,5.6546
613.0,F1,10.00,23.3086,23.2593,23.3174,0.0864,9.9136,1.0000,1,5.6546
614.0,F1,10.00,23.3062,23.2592,23.3201,0.0891,9.9109,1.0000,1,5.6546
615.0,F1,10.00,23.3076,23.2589,23.3165,0.0855,9.9145,1.0000,1,5.6546
616.0,F1,10.00,23.3091,23.2605,23.3166,0.0856,9.9144,1.0000,1,5.6546
617.0,F1,10.00,23.3124,23.2586,23.3178,0.0868,9.9132,1.0000,1,5.6546
618.0,F1,10.00,23.3125,23.2615,23.3189,0.0879,9.9121,1.0000,1,5.6546
619.0,F1,10.00,23.3112,23.2614,23.3175,0.0865,9.9135,1.0000,1,5.6546
620.0,F1,10.00,23.3130,23.2628,23.3194,0.0884,9.9116,1.0000,1,5.8900
621.0,F1,10.00,23.3126,23.2619,23.3200,0.0890,9.9110,1.0000,1,5.8900
622.0,F1,10.00,23.3117,23.2630,23.3214,0.0904,9.9096,1.0000,1,5.8900
623.0,F1,10.00,23.3151,23.2636,23.3185,0.0875,9.9125,1.0000,1,5.8900
624.0,F1,10.00,23.3162,23.2643,23.3199,0.0889,9.9111,1.0000,1,5.8900
625.0,F1,10.00,23.3133,23.2636,23.3196,0.0886,9.9114,1.0000,1,5.8900
626.0,F1,10.00,23.3126,23.2659,23.3225,0.0915,9.9085,1.0000,1,5.8900
627.0,F1,10.00,23.3162,23.2643,23.3225,0.0915,9.9085,1.0000,1,5.8900
628.0,F1,10.00,23.3169,23.2641,23.3198,0.0888,9.9112,1.0000,1,5.8900
629.0,F1,10.00,23.3159,23.2654,23.3191,0.0881,9.9119,1.0000,1,5.8900
630.0,F1,10.00,23.3169,23.2677,23.3193,0.0883,9.9117,1.0000,1,6.1254
631.0,F1,10.00,23.3158,23.2667,23.3212,0.0902,9.9098,1.0000,1,6.1254
632.0,F1,10.00,23.3154,23.2615,23.3192,0.0882,9.9118,1.0000,1,6.1254
633.0,F1,10.00,23.3145,23.2634,23.3217,0.0907,9.9093,1.0000,1,6.1254
634.0,F1,10.00,23.3139,23.2627,23.3221,0.0911,9.9089,1.0000,1,6.1254
635.0,F1,10.00,23.3121,23.2622,23.3203,0.0893,9.9107,1.0000,1,6.1254
636.0,F1,10.00,23.3123,23.2644,23.3199,0.0889,9.9111,1.0000,1,6.1254
637.0,F1,10.00,23.3162,23.2618,23.3209,0.0899,9.9101,1.0000,1,6.1254
638.0,F1,10.00,23.3142,23.2662,23.3188,0.0878,9.9122,1.0000,1,6.1254
639.0,F1,10.00,23.3135,23.2628,23.3236,0.0926,9.9074,1.0000,1,6.1254
640.0,F1,10.00,23.3115,23.2599,23.3186,0.0876,9.9124,1.0000,1,6.3608
641.0,F1,10.00,23.3137,23.2654,23.3234,0.0924,9.9076,1.0000,1,6.3608
642.0,F1,10.00,23.3143,23.2586,23.3192,0.0882,9.9118,1.0000,1,6.3608
643.0,F1,10.00,23.3123,23.2623,23.3228,0.0918,9.9082,1.0000,1,6.3608
644.0,F1,10.00,23.3104,23.2624,23.3256,0.0946,9.9054,1.0000,1,6.3608
645.0,F1,10.00,23.3129,23.2618,23.3195,0.0885,9.9115,1.0000,1,6.3608
646.0,F1,10.00,23.3114,23.2648,23.3219,0.0909,9.9091,1.0000,1,6.3608
647.0,F1,10.00,23.3120,23.2623,23.3210,0.0900,9.9100,1.0000,1,6.3608
648.0,F1,10.00,23.3121,23.2653,23.3219,0.0909,9.9091,1.0000,1,6.3608
649.0,F1,10.00,23.3120,23.2607,23.3219,0.0909,9.9091,1.0000,1,6.3608
650.0,F1,10.00,23.3109,23.2616,23.3199,0.0889,9.9111,1.0000,1,6.5962
651.0,F1,10.00,23.3117,23.2632,23.3211,0.0901,9.9099,1.0000,1,6.5962
652.0,F1,10.00,23.3144,23.2636,23.3220,0.0910,9.9090,1.0000,1,6.5962
653.0,F1,10.00,23.3122,23.2623,23.3240,0.0930,9.9070,1.0000,1,6.5962
654.0,F1,10.00,23.3097,23.2606,23.3223,0.0913,9.9087,1.0000,1,6.5962
655.0,F1,10.00,23.3112,23.2617,23.3222,0.0912,9.9088,1.0000,1,6.5962
656.0,F1,10.00,23.3140,23.2634,23.3206,0.0896,9.9104,1.0000,1,6.5962
657.0,F1,10.00,23.3079,23.2645,23.3225,0.0915,9.9085,1.0000,1,6.5962
658.0,F1,10.00,23.3101,23.2632,23.3230,0.0920,9.9080,1.0000,1,6.5962
659.0,F1,10.00,23.3110,23.2676,23.3224,0.0914,9.9086,1.0000,1,6.5962
660.0,F1,10.00,23.3121,23.2650,23.3211,0.0901,9.9099,1.0000,1,6.8315
661.0,F1,10.00,23.3153,23.2659,23.3220,0.0910,9.9090,1.0000,1,6.8315
662.0,F1,10.00,23.3159,23.2621,23.3242,0.0932,9.9068,1.0000,1,6.8315
663.0,F1,10.00,23.3140,23.2655,23.3210,0.0900,9.9100,1.0000,1,6.8315
664.0,F1,10.00,23.3145,23.2633,23.3219,0.0909,9.9091,1.0000,1,6.8315
665.0,F1,10.00,23.3172,23.2676,23.3224,0.0914,9.9086,1.0000,1,6.8315
666.0,F1,10.00,23.3166,23.2639,23.3227,0.0917,9.9083,1.0000,1,6.8315
667.0,F1,10.00,23.3179,23.2622,23.3211,0.0901,9.9099,1.0000,1,6.8315
668.0,F1,10.00,23.3166,23.2669,23.3217,0.0907,9.9093,1.0000,1,6.8315
669.0,F1,10.00,23.3180,23.2643,23.3213,0.0903,9.9097,1.0000,1,6.8315
670.0,F1,10.00,23.3180,23.2626,23.3222,0.0912,9.9088,1.0000,1,7.0669
671.0,F1,10.00,23.3159,23.2664,23.3204,0.0894,9.9106,1.0000,1,7.0669
672.0,F1,10.00,23.3180,23.2656,23.3208,0.0898,9.9102,1.0000,1,7.0669
673.0,F1,10.00,23.3201,23.2638,23.3199,0.0889,9.9111,1.0000,1,7.0669
674.0,F1,10.00,23.3166,23.2679,23.3229,0.0919,9.9081,1.0000,1,7.0669
675.0,F1,10.00,23.3181,23.2676,23.3238,0.0928,9.9072,1.0000,1,7.0669
676.0,F1,10.00,23.3189,23.2720,23.3245,0.0935,9.9065,1.0000,1,7.0669
677.0,F1,10.00,23.3233,23.2677,23.3235,0.0925,9.9075,1.0000,1,7.0669
678.0,F1,10.00,23.3180,23.2691,23.3271,0.0961,9.9039,1.0000,1,7.0669
679.0,F1,10.00,23.3229,23.2707,23.3257,0.0947,9.9053,1.0000,1,7.0669
680.0,F1,10.00,23.3224,23.2712,23.3286,0.0976,9.9024,1.0000,1,7.3020
681.0,F1,10.00,23.3237,23.2731,23.3297,0.0987,9.9013,1.0000,1,7.3020
682.0,F1,10.00,23.3217,23.2719,23.3283,0.0973,9.9027,1.0000,1,7.3020
683.0,F1,10.00,23.3260,23.2758,23.3295,0.0985,9.9015,1.0000,1,7.3020
684.0,F1,10.00,23.3246,23.2766,23.3309,0.0999,9.9001,1.0000,1,7.3020
685.0,F1,10.00,23.3239,23.2762,23.3315,0.1005,9.8995,1.0000,1,7.3020
686.0,F1,10.00,23.3244,23.2743,23.3326,0.1016,9.8984,1.0000,1,7.3020
687.0,F1,10.00,23.3276,23.2758,23.3323,0.1013,9.8987,1.0000,1,7.3020
688.0,F1,10.00,23.3264,23.2765,23.3328,0.1018,9.8982,1.0000,1,7.3020
689.0,F1,10.00,23.3237,23.2769,23.3322,0.1012,9.8988,1.0000,1,7.3020
690.0,F1,10.00,23.3259,23.2769,23.3367,0.1057,9.8943,1.0000,1,7.5370
691.0,F1,10.00,23.3258,23.2761,23.3339,0.1029,9.8971,1.0000,1,7.5370
692.0,F1,10.00,23.3229,23.2761,23.3334,0.1024,9.8976,1.0000,1,7.5370
693.0,F1,10.00,23.3244,23.2706,23.3347,0.1037,9.8963,1.0000,1,7.5370
694.0,F1,10.00,23.3269,23.2780,23.3320,0.1010,9.8990,1.0000,1,7.5370
695.0,F1,10.00,23.3253,23.2764,23.3332,0.1022,9.8978,1.0000,1,7.5370
696.0,F1,10.00,23.3266,23.2791,23.3333,0.1023,9.8977,1.0000,1,7.5370
697.0,F1,10.00,23.3255,23.2785,23.3299,0.0989,9.9011,1.0000,1,7.5370
698.0,F1,10.00,23.3264,23.2782,23.3357,0.1047,9.8953,1.0000,1,7.5370
699.0,F1,10.00,23.3241,23.2824,23.3301,0.0991,9.9009,1.0000,1,7.5370
700.0,F1,10.00,23.3250,23.2790,23.3317,0.1007,9.8993,1.0000,1,7.7721
701.0,F1,10.00,23.3286,23.2780,23.3337,0.1027,9.8973,1.0000,1,7.7721
702.0,F1,10.00,23.3234,23.2788,23.3351,0.1041,9.8959,1.0000,1,7.7721
703.0,F1,10.00,23.3270,23.2795,23.3354,0.1044,9.8956,1.0000,1,7.7721
704.0,F1,10.00,23.3279,23.2792,23.3309,0.0999,9.9001,1.0000,1,7.7721
705.0,F1,10.00,23.3219,23.2768,23.3302,0.0992,9.9008,1.0000,1,7.7721
706.0,F1,10.00,23.3257,23.2783,23.3320,0.1010,9.8990,1.0000,1,7.7721
707.0,F1,10.00,23.3226,23.2764,23.3326,0.1015,9.8985,1.0000,1,7.7721
708.0,F1,10.00,23.3232,23.2775,23.3308,0.0998,9.9002,1.0000,1,7.7721
709.0,F1,10.00,23.3223,23.2775,23.3306,0.0996,9.9004,1.0000,1,7.7721
710.0,F1,10.00,23.3252,23.2804,23.3298,0.0988,9.9012,1.0000,1,8.0073
711.0,F1,10.00,23.3245,23.2765,23.3303,0.0993,9.9007,1.0000,1,8.0073
712.0,F1,10.00,23.3219,23.2761,23.3315,0.1005,9.8995,1.0000,1,8.0073
713.0,F1,10.00,23.3200,23.2793,23.3306,0.0996,9.9004,1.0000,1,8.0073
714.0,F1,10.00,23.3189,23.2759,23.3307,0.0997,9.9003,1.0000,1,8.0073
715.0,F1,10.00,23.3185,23.2741,23.3301,0.0991,9.9009,1.0000,1,8.0073
716.0,F1,10.00,23.3171,23.2745,23.3313,0.1003,9.8997,1.0000,1,8.0073
717.0,F1,10.00,23.3180,23.2739,23.3348,0.1038,9.8962,1.0000,1,8.0073
718.0,F1,10.00,23.3167,23.2746,23.3339,0.1029,9.8971,1.0000,1,8.0073
719.0,F1,10.00,23.3145,23.2739,23.3324,0.1014,9.8986,1.0000,1,8.0073
720.0,F1,10.00,23.3155,23.2744,23.3377,0.1067,9.8933,1.0000,1,8.2423
721.0,F1,10.00,23.3171,23.2729,23.3348,0.1038,9.8962,1.0000,1,8.2423
722.0,F1,10.00,23.3164,23.2747,23.3363,0.1053,9.8947,1.0000,1,8.2423
723.0,F1,10.00,23.3141,23.2758,23.3311,0.1001,9.8999,1.0000,1,8.2423
724.0,F1,10.00,23.3143,23.2703,23.3312,0.1002,9.8998,1.0000,1,8.2423
725.0,F1,10.00,23.3130,23.2735,23.3326,0.1015,9.8985,1.0000,1,8.2423
726.0,F1,10.00,23.3124,23.2714,23.3333,0.1023,9.8977,1.0000,1,8.2423
727.0,F1,10.00,23.3154,23.2726,23.3328,0.1018,9.8982,1.0000,1,8.2423
728.0,F1,10.00,23.3141,23.2717,23.3318,0.1008,9.8992,1.0000,1,8.2423
729.0,F1,10.00,23.3132,23.2721,23.3332,0.1022,9.8978,1.0000,1,8.2423
730.0,F1,10.00,23.3145,23.2732,23.3313,0.1003,9.8997,1.0000,1,8.4774
731.0,F1,10.00,23.3162,23.2738,23.3342,0.1032,9.8968,1.0000,1,8.4774
732.0,F1,10.00,23.3107,23.2738,23.3318,0.1008,9.8992,1.0000,1,8.4774
733.0,F1,10.00,23.3135,23.2763,23.3318,0.1008,9.8992,1.0000,1,8.4774
734.0,F1,10.00,23.3145,23.2717,23.3323,0.1013,9.8987,1.0000,1,8.4774
735.0,F1,10.00,23.3126,23.2703,23.3319,0.1009,9.8991,1.0000,1,8.4774
736.0,F1,10.00,23.3158,23.2704,23.3284,0.0974,9.9026,1.0000,1,8.4774
737.0,F1,10.00,23.3136,23.2724,23.3289,0.0979,9.9021,1.0000,1,8.4774
738.0,F1,10.00,23.3123,23.2729,23.3261,0.0951,9.9049,1.0000,1,8.4774
739.0,F1,10.00,23.3146,23.2683,23.3259,0.0949,9.9051,1.0000,1,8.4774
740.0,F1,10.00,23.3102,23.2718,23.3282,0.0972,9.9028,1.0000,1,8.7126
741.0,F1,10.00,23.3141,23.2683,23.3259,0.0949,9.9051,1.0000,1,8.7126
742.0,F1,10.00,23.3134,23.2701,23.3265,0.0955,9.9045,1.0000,1,8.7126
743.0,F1,10.00,23.3116,23.2684,23.3254,0.0944,9.9056,1.0000,1,8.7126
744.0,F1,10.00,23.3132,23.2713,23.3264,0.0954,9.9046,1.0000,1,8.7126
745.0,F1,10.00,23.3167,23.2702,23.3257,0.0947,9.9053,1.0000,1,8.7126
746.0,F1,10.00,23.3139,23.2670,23.3268,0.0958,9.9042,1.0000,1,8.7126
747.0,F1,10.00,23.3157,23.2693,23.3234,0.0924,9.9076,1.0000,1,8.7126
748.0,F1,10.00,23.3149,23.2658,23.3236,0.0926,9.9074,1.0000,1,8.7126
749.0,F1,10.00,23.3154,23.2667,23.3203,0.0893,9.9107,1.0000,1,8.7126
750.0,F1,10.00,23.3168,23.2701,23.3247,0.0937,9.9063,1.0000,1,8.9478
751.0,F1,10.00,23.3170,23.2674,23.3193,0.0883,9.9117,1.0000,1,8.9478
752.0,F1,10.00,23.3132,23.2646,23.3195,0.0885,9.9115,1.0000,1,8.9478
753.0,F1,10.00,23.3190,23.2664,23.3168,0.0858,9.9142,1.0000,1,8.9478
754.0,F1,10.00,23.3158,23.2649,23.3191,0.0881,9.9119,1.0000,1,8.9478
755.0,F1,10.00,23.3134,23.2649,23.3185,0.0875,9.9125,1.0000,1,8.9478
756.0,F1,10.00,23.3133,23.2664,23.3170,0.0860,9.9140,1.0000,1,8.9478
757.0,F1,10.00,23.3138,23.2641,23.3137,0.0827,9.9173,1.0000,1,8.9478
758.0,F1,10.00,23.3138,23.2633,23.3148,0.0838,9.9162,1.0000,1,8.9478
759.0,F1,10.00,23.3153,23.2643,23.3156,0.0846,9.9154,1.0000,1,8.9478
760.0,F1,10.00,23.3137,23.2655,23.3192,0.0882,9.9118,1.0000,1,9.1833
761.0,F1,10.00,23.3119,23.2642,23.3145,0.0835,9.9165,1.0000,1,9.1833
762.0,F1,10.00,23.3106,23.2622,23.3163,0.0853,9.9147,1.0000,1,9.1833
763.0,F1,10.00,23.3082,23.2619,23.3142,0.0832,9.9168,1.0000,1,9.1833
764.0,F1,10.00,23.3105,23.2626,23.3162,0.0852,9.9148,1.0000,1,9.1833
765.0,F1,10.00,23.3123,23.2620,23.3159,0.0849,9.9151,1.0000,1,9.1833
766.0,F1,10.00,23.3124,23.2631,23.3141,0.0831,9.9169,1.0000,1,9.1833
767.0,F1,10.00,23.3136,23.2639,23.3147,0.0837,9.9163,1.0000,1,9.1833
768.0,F1,10.00,23.3131,23.2649,23.3183,0.0873,9.9127,1.0000,1,9.1833
769.0,F1,10.00,23.3120,23.2639,23.3192,0.0882,9.9118,1.0000,1,9.1833
770.0,F1,10.00,23.3149,23.2619,23.3190,0.0880,9.9120,1.0000,1,9.4187
# F1,method=9,r=10.00,t_phase=400,e_ss=9.903,IAE=3965.75,ISE=39318.03,TV=0.000,n_on=0,n_h=0.0,t5=not_reached,c_p=-9.893,c_pp=0.037,E=768.0
771.0,F2,7.00,23.3109,23.2630,23.3160,0.0850,6.9150,1.0000,1,9.4187
772.0,F2,7.00,23.3134,23.2650,23.3149,0.0839,6.9161,1.0000,1,9.4187
773.0,F2,7.00,23.3099,23.2607,23.3174,0.0864,6.9136,1.0000,1,9.4187
774.0,F2,7.00,23.3147,23.2633,23.3179,0.0869,6.9131,1.0000,1,9.4187
775.0,F2,7.00,23.3120,23.2646,23.3142,0.0832,6.9168,1.0000,1,9.4187
776.0,F2,7.00,23.3102,23.2617,23.3172,0.0862,6.9138,1.0000,1,9.4187
777.0,F2,7.00,23.3047,23.2620,23.3173,0.0863,6.9137,1.0000,1,9.4187
778.0,F2,7.00,23.3145,23.2638,23.3164,0.0854,6.9146,1.0000,1,9.4187
779.0,F2,7.00,23.3103,23.2648,23.3180,0.0870,6.9130,1.0000,1,9.4187
780.0,F2,7.00,23.3135,23.2639,23.3174,0.0864,6.9136,1.0000,1,9.5829
781.0,F2,7.00,23.3108,23.2676,23.3172,0.0862,6.9138,1.0000,1,9.5829
782.0,F2,7.00,23.3135,23.2648,23.3203,0.0893,6.9107,1.0000,1,9.5829
783.0,F2,7.00,23.3141,23.2639,23.3205,0.0895,6.9105,1.0000,1,9.5829
784.0,F2,7.00,23.3167,23.2641,23.3193,0.0883,6.9117,1.0000,1,9.5829
785.0,F2,7.00,23.3133,23.2679,23.3193,0.0883,6.9117,1.0000,1,9.5829
786.0,F2,7.00,23.3144,23.2639,23.3167,0.0857,6.9143,1.0000,1,9.5829
787.0,F2,7.00,23.3173,23.2642,23.3184,0.0874,6.9126,1.0000,1,9.5829
788.0,F2,7.00,23.3173,23.2641,23.3214,0.0904,6.9096,1.0000,1,9.5829
789.0,F2,7.00,23.3168,23.2657,23.3213,0.0903,6.9097,1.0000,1,9.5829
790.0,F2,7.00,23.3154,23.2662,23.3196,0.0886,6.9114,1.0000,1,9.7470
791.0,F2,7.00,23.3156,23.2677,23.3208,0.0898,6.9102,1.0000,1,9.7470
792.0,F2,7.00,23.3187,23.2688,23.3189,0.0879,6.9121,1.0000,1,9.7470
793.0,F2,7.00,23.3182,23.2675,23.3207,0.0897,6.9103,1.0000,1,9.7470
794.0,F2,7.00,23.3146,23.2655,23.3201,0.0891,6.9109,1.0000,1,9.7470
795.0,F2,7.00,23.3128,23.2642,23.3202,0.0892,6.9108,1.0000,1,9.7470
796.0,F2,7.00,23.3167,23.2674,23.3214,0.0904,6.9096,1.0000,1,9.7470
797.0,F2,7.00,23.3199,23.2663,23.3192,0.0882,6.9118,1.0000,1,9.7470
798.0,F2,7.00,23.3176,23.2657,23.3179,0.0869,6.9131,1.0000,1,9.7470
799.0,F2,7.00,23.3172,23.2679,23.3213,0.0903,6.9097,1.0000,1,9.7470
800.0,F2,7.00,23.3139,23.2684,23.3220,0.0910,6.9090,1.0000,1,9.9111
801.0,F2,7.00,23.3211,23.2656,23.3192,0.0882,6.9118,1.0000,1,9.9111
802.0,F2,7.00,23.3173,23.2696,23.3195,0.0885,6.9115,1.0000,1,9.9111
803.0,F2,7.00,23.3201,23.2684,23.3199,0.0889,6.9111,1.0000,1,9.9111
804.0,F2,7.00,23.3213,23.2693,23.3191,0.0881,6.9119,1.0000,1,9.9111
805.0,F2,7.00,23.3191,23.2676,23.3198,0.0888,6.9112,1.0000,1,9.9111
806.0,F2,7.00,23.3159,23.2659,23.3196,0.0886,6.9114,1.0000,1,9.9111
807.0,F2,7.00,23.3199,23.2679,23.3188,0.0878,6.9122,1.0000,1,9.9111
808.0,F2,7.00,23.3172,23.2677,23.3240,0.0930,6.9070,1.0000,1,9.9111
809.0,F2,7.00,23.3158,23.2675,23.3205,0.0895,6.9105,1.0000,1,9.9111
810.0,F2,7.00,23.3183,23.2670,23.3184,0.0874,6.9126,1.0000,1,10.0753
811.0,F2,7.00,23.3183,23.2664,23.3188,0.0878,6.9122,1.0000,1,10.0753
812.0,F2,7.00,23.3181,23.2655,23.3205,0.0895,6.9105,1.0000,1,10.0753
813.0,F2,7.00,23.3180,23.2649,23.3201,0.0891,6.9109,1.0000,1,10.0753
814.0,F2,7.00,23.3155,23.2646,23.3213,0.0903,6.9097,1.0000,1,10.0753
815.0,F2,7.00,23.3162,23.2667,23.3205,0.0895,6.9105,1.0000,1,10.0753
816.0,F2,7.00,23.3152,23.2641,23.3193,0.0883,6.9117,1.0000,1,10.0753
817.0,F2,7.00,23.3210,23.2627,23.3169,0.0859,6.9141,1.0000,1,10.0753
818.0,F2,7.00,23.3210,23.2629,23.3157,0.0847,6.9153,1.0000,1,10.0753
819.0,F2,7.00,23.3207,23.2639,23.3155,0.0845,6.9155,1.0000,1,10.0753
820.0,F2,7.00,23.3183,23.2603,23.3153,0.0843,6.9157,1.0000,1,10.2395
821.0,F2,7.00,23.3166,23.2610,23.3172,0.0862,6.9138,1.0000,1,10.2395
822.0,F2,7.00,23.3152,23.2646,23.3158,0.0848,6.9152,1.0000,1,10.2395
823.0,F2,7.00,23.3170,23.2646,23.3183,0.0873,6.9127,1.0000,1,10.2395
824.0,F2,7.00,23.3199,23.2646,23.3151,0.0841,6.9159,1.0000,1,10.2395
825.0,F2,7.00,23.3167,23.2629,23.3162,0.0852,6.9148,1.0000,1,10.2395
826.0,F2,7.00,23.3187,23.2648,23.3193,0.0883,6.9117,1.0000,1,10.2395
827.0,F2,7.00,23.3222,23.2650,23.3153,0.0843,6.9157,1.0000,1,10.2395
828.0,F2,7.00,23.3164,23.2646,23.3170,0.0860,6.9140,1.0000,1,10.2395
829.0,F2,7.00,23.3219,23.2683,23.3163,0.0853,6.9147,1.0000,1,10.2395
830.0,F2,7.00,23.3196,23.2647,23.3168,0.0858,6.9142,1.0000,1,10.4037
831.0,F2,7.00,23.3210,23.2668,23.3172,0.0862,6.9138,1.0000,1,10.4037
832.0,F2,7.00,23.3237,23.2647,23.3170,0.0860,6.9140,1.0000,1,10.4037
833.0,F2,7.00,23.3228,23.2664,23.3165,0.0855,6.9145,1.0000,1,10.4037
834.0,F2,7.00,23.3228,23.2655,23.3160,0.0850,6.9150,1.0000,1,10.4037
835.0,F2,7.00,23.3231,23.2642,23.3142,0.0832,6.9168,1.0000,1,10.4037
836.0,F2,7.00,23.3213,23.2630,23.3174,0.0864,6.9136,1.0000,1,10.4037
837.0,F2,7.00,23.3198,23.2653,23.3183,0.0873,6.9127,1.0000,1,10.4037
838.0,F2,7.00,23.3216,23.2652,23.3192,0.0882,6.9118,1.0000,1,10.4037
839.0,F2,7.00,23.3218,23.2644,23.3188,0.0878,6.9122,1.0000,1,10.4037
840.0,F2,7.00,23.3187,23.2701,23.3167,0.0857,6.9143,1.0000,1,10.5679
841.0,F2,7.00,23.3178,23.2653,23.3163,0.0853,6.9147,1.0000,1,10.5679
842.0,F2,7.00,23.3202,23.2661,23.3164,0.0854,6.9146,1.0000,1,10.5679
843.0,F2,7.00,23.3243,23.2664,23.3168,0.0858,6.9142,1.0000,1,10.5679
844.0,F2,7.00,23.3185,23.2675,23.3163,0.0853,6.9147,1.0000,1,10.5679
845.0,F2,7.00,23.3195,23.2680,23.3205,0.0895,6.9105,1.0000,1,10.5679
846.0,F2,7.00,23.3206,23.2643,23.3200,0.0890,6.9110,1.0000,1,10.5679
847.0,F2,7.00,23.3201,23.2677,23.3203,0.0893,6.9107,1.0000,1,10.5679
848.0,F2,7.00,23.3196,23.2690,23.3201,0.0891,6.9109,1.0000,1,10.5679
849.0,F2,7.00,23.3213,23.2701,23.3218,0.0908,6.9092,1.0000,1,10.5679
850.0,F2,7.00,23.3237,23.2701,23.3202,0.0892,6.9108,1.0000,1,10.7321
851.0,F2,7.00,23.3174,23.2671,23.3236,0.0926,6.9074,1.0000,1,10.7321
852.0,F2,7.00,23.3194,23.2712,23.3245,0.0935,6.9065,1.0000,1,10.7321
853.0,F2,7.00,23.3257,23.2696,23.3234,0.0924,6.9076,1.0000,1,10.7321
854.0,F2,7.00,23.3188,23.2692,23.3257,0.0947,6.9053,1.0000,1,10.7321
855.0,F2,7.00,23.3212,23.2696,23.3237,0.0927,6.9073,1.0000,1,10.7321
856.0,F2,7.00,23.3229,23.2674,23.3241,0.0931,6.9069,1.0000,1,10.7321
857.0,F2,7.00,23.3217,23.2682,23.3261,0.0951,6.9049,1.0000,1,10.7321
858.0,F2,7.00,23.3221,23.2710,23.3252,0.0942,6.9058,1.0000,1,10.7321
859.0,F2,7.00,23.3195,23.2729,23.3234,0.0924,6.9076,1.0000,1,10.7321
860.0,F2,7.00,23.3225,23.2722,23.3250,0.0940,6.9060,1.0000,1,10.8961
861.0,F2,7.00,23.3222,23.2722,23.3261,0.0951,6.9049,1.0000,1,10.8961
862.0,F2,7.00,23.3228,23.2742,23.3230,0.0920,6.9080,1.0000,1,10.8961
863.0,F2,7.00,23.3229,23.2698,23.3265,0.0955,6.9045,1.0000,1,10.8961
864.0,F2,7.00,23.3213,23.2740,23.3250,0.0940,6.9060,1.0000,1,10.8961
865.0,F2,7.00,23.3183,23.2743,23.3244,0.0934,6.9066,1.0000,1,10.8961
866.0,F2,7.00,23.3206,23.2738,23.3233,0.0923,6.9077,1.0000,1,10.8961
867.0,F2,7.00,23.3227,23.2739,23.3241,0.0931,6.9069,1.0000,1,10.8961
868.0,F2,7.00,23.3199,23.2717,23.3269,0.0959,6.9041,1.0000,1,10.8961
869.0,F2,7.00,23.3208,23.2743,23.3259,0.0949,6.9051,1.0000,1,10.8961
870.0,F2,7.00,23.3190,23.2729,23.3257,0.0947,6.9053,1.0000,1,11.0601
871.0,F2,7.00,23.3201,23.2721,23.3257,0.0947,6.9053,1.0000,1,11.0601
872.0,F2,7.00,23.3219,23.2757,23.3264,0.0954,6.9046,1.0000,1,11.0601
873.0,F2,7.00,23.3198,23.2743,23.3250,0.0940,6.9060,1.0000,1,11.0601
874.0,F2,7.00,23.3203,23.2708,23.3248,0.0938,6.9062,1.0000,1,11.0601
875.0,F2,7.00,23.3221,23.2725,23.3259,0.0949,6.9051,1.0000,1,11.0601
876.0,F2,7.00,23.3228,23.2744,23.3261,0.0951,6.9049,1.0000,1,11.0601
877.0,F2,7.00,23.3206,23.2744,23.3263,0.0953,6.9047,1.0000,1,11.0601
878.0,F2,7.00,23.3228,23.2731,23.3261,0.0951,6.9049,1.0000,1,11.0601
879.0,F2,7.00,23.3224,23.2711,23.3256,0.0946,6.9054,1.0000,1,11.0601
880.0,F2,7.00,23.3209,23.2737,23.3258,0.0948,6.9052,1.0000,1,11.2241
881.0,F2,7.00,23.3215,23.2742,23.3294,0.0984,6.9016,1.0000,1,11.2241
882.0,F2,7.00,23.3228,23.2739,23.3254,0.0944,6.9056,1.0000,1,11.2241
883.0,F2,7.00,23.3228,23.2750,23.3262,0.0952,6.9048,1.0000,1,11.2241
884.0,F2,7.00,23.3260,23.2769,23.3259,0.0949,6.9051,1.0000,1,11.2241
885.0,F2,7.00,23.3187,23.2737,23.3257,0.0947,6.9053,1.0000,1,11.2241
886.0,F2,7.00,23.3235,23.2740,23.3279,0.0968,6.9032,1.0000,1,11.2241
887.0,F2,7.00,23.3226,23.2761,23.3253,0.0943,6.9057,1.0000,1,11.2241
888.0,F2,7.00,23.3239,23.2721,23.3245,0.0935,6.9065,1.0000,1,11.2241
889.0,F2,7.00,23.3237,23.2764,23.3257,0.0947,6.9053,1.0000,1,11.2241
890.0,F2,7.00,23.3229,23.2727,23.3269,0.0959,6.9041,1.0000,1,11.3881
891.0,F2,7.00,23.3226,23.2763,23.3271,0.0961,6.9039,1.0000,1,11.3881
892.0,F2,7.00,23.3219,23.2738,23.3255,0.0945,6.9055,1.0000,1,11.3881
893.0,F2,7.00,23.3238,23.2710,23.3250,0.0940,6.9060,1.0000,1,11.3881
894.0,F2,7.00,23.3213,23.2755,23.3250,0.0940,6.9060,1.0000,1,11.3881
895.0,F2,7.00,23.3204,23.2716,23.3278,0.0968,6.9032,1.0000,1,11.3881
896.0,F2,7.00,23.3246,23.2753,23.3214,0.0904,6.9096,1.0000,1,11.3881
897.0,F2,7.00,23.3224,23.2717,23.3254,0.0944,6.9056,1.0000,1,11.3881
898.0,F2,7.00,23.3204,23.2728,23.3242,0.0932,6.9068,1.0000,1,11.3881
899.0,F2,7.00,23.3247,23.2688,23.3242,0.0932,6.9068,1.0000,1,11.3881
900.0,F2,7.00,23.3232,23.2705,23.3242,0.0932,6.9068,1.0000,1,11.5521
901.0,F2,7.00,23.3201,23.2731,23.3232,0.0922,6.9078,1.0000,1,11.5521
902.0,F2,7.00,23.3176,23.2712,23.3243,0.0933,6.9067,1.0000,1,11.5521
903.0,F2,7.00,23.3253,23.2703,23.3226,0.0916,6.9084,1.0000,1,11.5521
904.0,F2,7.00,23.3191,23.2719,23.3237,0.0927,6.9073,1.0000,1,11.5521
905.0,F2,7.00,23.3248,23.2739,23.3217,0.0907,6.9093,1.0000,1,11.5521
906.0,F2,7.00,23.3218,23.2708,23.3244,0.0934,6.9066,1.0000,1,11.5521
907.0,F2,7.00,23.3210,23.2712,23.3225,0.0915,6.9085,1.0000,1,11.5521
908.0,F2,7.00,23.3218,23.2720,23.3226,0.0916,6.9084,1.0000,1,11.5521
909.0,F2,7.00,23.3150,23.2719,23.3252,0.0942,6.9058,1.0000,1,11.5521
910.0,F2,7.00,23.3173,23.2686,23.3257,0.0947,6.9053,1.0000,1,11.7161
911.0,F2,7.00,23.3174,23.2711,23.3244,0.0934,6.9066,1.0000,1,11.7161
912.0,F2,7.00,23.3191,23.2707,23.3257,0.0947,6.9053,1.0000,1,11.7161
913.0,F2,7.00,23.3199,23.2747,23.3250,0.0940,6.9060,1.0000,1,11.7161
914.0,F2,7.00,23.3198,23.2654,23.3235,0.0925,6.9075,1.0000,1,11.7161
915.0,F2,7.00,23.3207,23.2701,23.3216,0.0906,6.9094,1.0000,1,11.7161
916.0,F2,7.00,23.3176,23.2685,23.3240,0.0930,6.9070,1.0000,1,11.7161
917.0,F2,7.00,23.3175,23.2715,23.3269,0.0959,6.9041,1.0000,1,11.7161
918.0,F2,7.00,23.3163,23.2714,23.3250,0.0940,6.9060,1.0000,1,11.7161
919.0,F2,7.00,23.3165,23.2689,23.3250,0.0940,6.9060,1.0000,1,11.7161
920.0,F2,7.00,23.3136,23.2717,23.3259,0.0949,6.9051,1.0000,1,11.8801
921.0,F2,7.00,23.3168,23.2680,23.3265,0.0955,6.9045,1.0000,1,11.8801
922.0,F2,7.00,23.3167,23.2661,23.3229,0.0919,6.9081,1.0000,1,11.8801
923.0,F2,7.00,23.3183,23.2697,23.3246,0.0936,6.9064,1.0000,1,11.8801
924.0,F2,7.00,23.3156,23.2683,23.3228,0.0918,6.9082,1.0000,1,11.8801
925.0,F2,7.00,23.3168,23.2689,23.3260,0.0950,6.9050,1.0000,1,11.8801
926.0,F2,7.00,23.3195,23.2738,23.3232,0.0922,6.9078,1.0000,1,11.8801
927.0,F2,7.00,23.3134,23.2672,23.3267,0.0957,6.9043,1.0000,1,11.8801
928.0,F2,7.00,23.3183,23.2701,23.3273,0.0963,6.9037,1.0000,1,11.8801
929.0,F2,7.00,23.3201,23.2710,23.3260,0.0950,6.9050,1.0000,1,11.8801
930.0,F2,7.00,23.3162,23.2697,23.3291,0.0981,6.9019,1.0000,1,12.0440
931.0,F2,7.00,23.3187,23.2734,23.3284,0.0974,6.9026,1.0000,1,12.0440
932.0,F2,7.00,23.3192,23.2717,23.3304,0.0994,6.9006,1.0000,1,12.0440
933.0,F2,7.00,23.3197,23.2732,23.3336,0.1026,6.8974,1.0000,1,12.0440
934.0,F2,7.00,23.3199,23.2730,23.3338,0.1028,6.8972,1.0000,1,12.0440
935.0,F2,7.00,23.3222,23.2718,23.3297,0.0987,6.9013,1.0000,1,12.0440
936.0,F2,7.00,23.3260,23.2724,23.3308,0.0998,6.9002,1.0000,1,12.0440
937.0,F2,7.00,23.3234,23.2751,23.3297,0.0986,6.9014,1.0000,1,12.0440
938.0,F2,7.00,23.3251,23.2749,23.3308,0.0998,6.9002,1.0000,1,12.0440
939.0,F2,7.00,23.3303,23.2758,23.3300,0.0990,6.9010,1.0000,1,12.0440
940.0,F2,7.00,23.3284,23.2771,23.3308,0.0998,6.9002,1.0000,1,12.2079
941.0,F2,7.00,23.3267,23.2781,23.3329,0.1019,6.8981,1.0000,1,12.2079
942.0,F2,7.00,23.3276,23.2754,23.3318,0.1008,6.8992,1.0000,1,12.2079
943.0,F2,7.00,23.3247,23.2752,23.3323,0.1013,6.8987,1.0000,1,12.2079
944.0,F2,7.00,23.3289,23.2762,23.3329,0.1019,6.8981,1.0000,1,12.2079
945.0,F2,7.00,23.3265,23.2767,23.3311,0.1001,6.8999,1.0000,1,12.2079
946.0,F2,7.00,23.3282,23.2793,23.3313,0.1003,6.8997,1.0000,1,12.2079
947.0,F2,7.00,23.3303,23.2776,23.3310,0.1000,6.9000,1.0000,1,12.2079
948.0,F2,7.00,23.3318,23.2781,23.3329,0.1019,6.8981,1.0000,1,12.2079
949.0,F2,7.00,23.3291,23.2778,23.3328,0.1018,6.8982,1.0000,1,12.2079
950.0,F2,7.00,23.3308,23.2798,23.3297,0.0987,6.9013,1.0000,1,12.3718
951.0,F2,7.00,23.3315,23.2764,23.3325,0.1015,6.8985,1.0000,1,12.3718
952.0,F2,7.00,23.3318,23.2770,23.3342,0.1032,6.8968,1.0000,1,12.3718
953.0,F2,7.00,23.3307,23.2762,23.3313,0.1003,6.8997,1.0000,1,12.3718
954.0,F2,7.00,23.3356,23.2781,23.3335,0.1025,6.8975,1.0000,1,12.3718
955.0,F2,7.00,23.3327,23.2802,23.3330,0.1020,6.8980,1.0000,1,12.3718
956.0,F2,7.00,23.3339,23.2789,23.3321,0.1011,6.8989,1.0000,1,12.3718
957.0,F2,7.00,23.3328,23.2782,23.3337,0.1027,6.8973,1.0000,1,12.3718
958.0,F2,7.00,23.3358,23.2815,23.3351,0.1041,6.8959,1.0000,1,12.3718
959.0,F2,7.00,23.3337,23.2819,23.3359,0.1049,6.8951,1.0000,1,12.3718
960.0,F2,7.00,23.3362,23.2796,23.3356,0.1046,6.8954,1.0000,1,12.5356
961.0,F2,7.00,23.3375,23.2818,23.3346,0.1036,6.8964,1.0000,1,12.5356
962.0,F2,7.00,23.3331,23.2829,23.3323,0.1013,6.8987,1.0000,1,12.5356
963.0,F2,7.00,23.3345,23.2820,23.3350,0.1040,6.8960,1.0000,1,12.5356
964.0,F2,7.00,23.3346,23.2813,23.3314,0.1004,6.8996,1.0000,1,12.5356
965.0,F2,7.00,23.3332,23.2813,23.3340,0.1030,6.8970,1.0000,1,12.5356
966.0,F2,7.00,23.3321,23.2802,23.3322,0.1012,6.8988,1.0000,1,12.5356
967.0,F2,7.00,23.3334,23.2811,23.3322,0.1012,6.8988,1.0000,1,12.5356
968.0,F2,7.00,23.3347,23.2790,23.3329,0.1019,6.8981,1.0000,1,12.5356
969.0,F2,7.00,23.3335,23.2794,23.3323,0.1013,6.8987,1.0000,1,12.5356
970.0,F2,7.00,23.3354,23.2789,23.3327,0.1017,6.8983,1.0000,1,12.6994
971.0,F2,7.00,23.3300,23.2798,23.3293,0.0983,6.9017,1.0000,1,12.6994
972.0,F2,7.00,23.3326,23.2802,23.3334,0.1024,6.8976,1.0000,1,12.6994
973.0,F2,7.00,23.3304,23.2809,23.3271,0.0961,6.9039,1.0000,1,12.6994
974.0,F2,7.00,23.3343,23.2783,23.3311,0.1001,6.8999,1.0000,1,12.6994
975.0,F2,7.00,23.3333,23.2775,23.3318,0.1008,6.8992,1.0000,1,12.6994
976.0,F2,7.00,23.3293,23.2773,23.3293,0.0983,6.9017,1.0000,1,12.6994
977.0,F2,7.00,23.3284,23.2778,23.3285,0.0975,6.9025,1.0000,1,12.6994
978.0,F2,7.00,23.3322,23.2757,23.3271,0.0961,6.9039,1.0000,1,12.6994
979.0,F2,7.00,23.3293,23.2764,23.3287,0.0977,6.9023,1.0000,1,12.6994
980.0,F2,7.00,23.3288,23.2774,23.3290,0.0980,6.9020,1.0000,1,12.8633
981.0,F2,7.00,23.3300,23.2772,23.3297,0.0987,6.9013,1.0000,1,12.8633
982.0,F2,7.00,23.3256,23.2778,23.3304,0.0994,6.9006,1.0000,1,12.8633
983.0,F2,7.00,23.3287,23.2752,23.3281,0.0971,6.9029,1.0000,1,12.8633
984.0,F2,7.00,23.3257,23.2745,23.3249,0.0939,6.9061,1.0000,1,12.8633
985.0,F2,7.00,23.3270,23.2751,23.3290,0.0980,6.9020,1.0000,1,12.8633
986.0,F2,7.00,23.3279,23.2745,23.3269,0.0959,6.9041,1.0000,1,12.8633
987.0,F2,7.00,23.3269,23.2719,23.3279,0.0968,6.9032,1.0000,1,12.8633
988.0,F2,7.00,23.3271,23.2744,23.3273,0.0963,6.9037,1.0000,1,12.8633
989.0,F2,7.00,23.3260,23.2756,23.3275,0.0965,6.9035,1.0000,1,12.8633
990.0,F2,7.00,23.3293,23.2758,23.3274,0.0964,6.9036,1.0000,1,13.0273
991.0,F2,7.00,23.3293,23.2773,23.3242,0.0932,6.9068,1.0000,1,13.0273
992.0,F2,7.00,23.3291,23.2748,23.3236,0.0926,6.9074,1.0000,1,13.0273
993.0,F2,7.00,23.3300,23.2747,23.3271,0.0961,6.9039,1.0000,1,13.0273
994.0,F2,7.00,23.3285,23.2736,23.3222,0.0912,6.9088,1.0000,1,13.0273
995.0,F2,7.00,23.3284,23.2747,23.3259,0.0949,6.9051,1.0000,1,13.0273
996.0,F2,7.00,23.3283,23.2739,23.3217,0.0907,6.9093,1.0000,1,13.0273
997.0,F2,7.00,23.3277,23.2725,23.3228,0.0918,6.9082,1.0000,1,13.0273
998.0,F2,7.00,23.3298,23.2744,23.3220,0.0910,6.9090,1.0000,1,13.0273
999.0,F2,7.00,23.3259,23.2706,23.3218,0.0908,6.9092,1.0000,1,13.0273
1000.0,F2,7.00,23.3265,23.2713,23.3191,0.0881,6.9119,1.0000,1,13.1914
1001.0,F2,7.00,23.3249,23.2724,23.3197,0.0887,6.9113,1.0000,1,13.1914
1002.0,F2,7.00,23.3242,23.2724,23.3205,0.0895,6.9105,1.0000,1,13.1914
1003.0,F2,7.00,23.3265,23.2714,23.3200,0.0890,6.9110,1.0000,1,13.1914
1004.0,F2,7.00,23.3262,23.2686,23.3224,0.0914,6.9086,1.0000,1,13.1914
1005.0,F2,7.00,23.3251,23.2724,23.3173,0.0863,6.9137,1.0000,1,13.1914
1006.0,F2,7.00,23.3242,23.2697,23.3207,0.0897,6.9103,1.0000,1,13.1914
1007.0,F2,7.00,23.3243,23.2703,23.3197,0.0887,6.9113,1.0000,1,13.1914
1008.0,F2,7.00,23.3227,23.2722,23.3200,0.0890,6.9110,1.0000,1,13.1914
1009.0,F2,7.00,23.3253,23.2704,23.3188,0.0878,6.9122,1.0000,1,13.1914
1010.0,F2,7.00,23.3228,23.2710,23.3180,0.0870,6.9130,1.0000,1,13.3556
# F2,method=9,r=7.00,t_phase=240,e_ss=6.904,IAE=1657.67,ISE=11449.47,TV=0.000,n_on=0,n_h=0.0,t5=not_reached,c_p=-6.895,c_pp=0.020,E=460.8
1011.0,F3,7.00,23.3197,23.2714,23.3181,0.0871,6.9129,1.0000,1,13.3556
1012.0,F3,7.00,23.3229,23.2697,23.3190,0.0880,6.9120,1.0000,1,13.3556
1013.0,F3,7.00,23.3226,23.2690,23.3158,0.0848,6.9152,1.0000,1,13.3556
1014.0,F3,7.00,23.3263,23.2695,23.3201,0.0891,6.9109,1.0000,1,13.3556
1015.0,F3,7.00,23.3214,23.2680,23.3179,0.0869,6.9131,1.0000,1,13.3556
1016.0,F3,7.00,23.3230,23.2705,23.3183,0.0873,6.9127,1.0000,1,13.3556
1017.0,F3,7.00,23.3241,23.2695,23.3201,0.0891,6.9109,1.0000,1,13.3556
1018.0,F3,7.00,23.3224,23.2701,23.3218,0.0908,6.9092,1.0000,1,13.3556
1019.0,F3,7.00,23.3221,23.2707,23.3208,0.0898,6.9102,1.0000,1,13.3556
1020.0,F3,7.00,23.3232,23.2760,23.3205,0.0895,6.9105,1.0000,1,13.5198
1021.0,F3,7.00,23.3226,23.2739,23.3185,0.0875,6.9125,1.0000,1,13.5198
1022.0,F3,7.00,23.3231,23.2738,23.3217,0.0907,6.9093,1.0000,1,13.5198
1023.0,F3,7.00,23.3241,23.2725,23.3225,0.0915,6.9085,1.0000,1,13.5198
1024.0,F3,7.00,23.3201,23.2740,23.3216,0.0906,6.9094,1.0000,1,13.5198
1025.0,F3,7.00,23.3231,23.2700,23.3225,0.0915,6.9085,1.0000,1,13.5198
1026.0,F3,7.00,23.3244,23.2725,23.3206,0.0896,6.9104,1.0000,1,13.5198
1027.0,F3,7.00,23.3211,23.2724,23.3211,0.0901,6.9099,1.0000,1,13.5198
1028.0,F3,7.00,23.3231,23.2722,23.3234,0.0924,6.9076,1.0000,1,13.5198
1029.0,F3,7.00,23.3201,23.2700,23.3189,0.0879,6.9121,1.0000,1,13.5198
1030.0,F3,7.00,23.3227,23.2700,23.3222,0.0912,6.9088,1.0000,1,13.6838
1031.0,F3,7.00,23.3230,23.2733,23.3188,0.0878,6.9122,1.0000,1,13.6838
1032.0,F3,7.00,23.3258,23.2748,23.3217,0.0907,6.9093,1.0000,1,13.6838
1033.0,F3,7.00,23.3218,23.2779,23.3226,0.0916,6.9084,1.0000,1,13.6838
1034.0,F3,7.00,23.3261,23.2736,23.3237,0.0927,6.9073,1.0000,1,13.6838
1035.0,F3,7.00,23.3226,23.2749,23.3226,0.0916,6.9084,1.0000,1,13.6838
1036.0,F3,7.00,23.3260,23.2701,23.3204,0.0894,6.9106,1.0000,1,13.6838
1037.0,F3,7.00,23.3281,23.2741,23.3226,0.0916,6.9084,1.0000,1,13.6838
1038.0,F3,7.00,23.3244,23.2737,23.3228,0.0918,6.9082,1.0000,1,13.6838
1039.0,F3,7.00,23.3233,23.2717,23.3201,0.0891,6.9109,1.0000,1,13.6838
1040.0,F3,7.00,23.3244,23.2692,23.3251,0.0941,6.9059,1.0000,1,13.8479
1041.0,F3,7.00,23.3239,23.2711,23.3213,0.0903,6.9097,1.0000,1,13.8479
1042.0,F3,7.00,23.3233,23.2719,23.3223,0.0913,6.9087,1.0000,1,13.8479
1043.0,F3,7.00,23.3237,23.2689,23.3219,0.0909,6.9091,1.0000,1,13.8479
1044.0,F3,7.00,23.3194,23.2708,23.3218,0.0908,6.9092,1.0000,1,13.8479
1045.0,F3,7.00,23.3242,23.2704,23.3225,0.0915,6.9085,1.0000,1,13.8479
1046.0,F3,7.00,23.3237,23.2701,23.3210,0.0900,6.9100,1.0000,1,13.8479
1047.0,F3,7.00,23.3263,23.2686,23.3201,0.0891,6.9109,1.0000,1,13.8479
1048.0,F3,7.00,23.3245,23.2705,23.3203,0.0893,6.9107,1.0000,1,13.8479
1049.0,F3,7.00,23.3298,23.2688,23.3211,0.0901,6.9099,1.0000,1,13.8479
1050.0,F3,7.00,23.3260,23.2681,23.3206,0.0896,6.9104,1.0000,1,14.0120
1051.0,F3,7.00,23.3249,23.2725,23.3193,0.0883,6.9117,1.0000,1,14.0120
1052.0,F3,7.00,23.3241,23.2713,23.3192,0.0882,6.9118,1.0000,1,14.0120
1053.0,F3,7.00,23.3285,23.2683,23.3203,0.0893,6.9107,1.0000,1,14.0120
1054.0,F3,7.00,23.3310,23.2727,23.3207,0.0897,6.9103,1.0000,1,14.0120
1055.0,F3,7.00,23.3309,23.2717,23.3222,0.0912,6.9088,1.0000,1,14.0120
1056.0,F3,7.00,23.3314,23.2739,23.3211,0.0901,6.9099,1.0000,1,14.0120
1057.0,F3,7.00,23.3316,23.2726,23.3213,0.0903,6.9097,1.0000,1,14.0120
1058.0,F3,7.00,23.3332,23.2728,23.3216,0.0906,6.9094,1.0000,1,14.0120
1059.0,F3,7.00,23.3279,23.2738,23.3253,0.0943,6.9057,1.0000,1,14.0120
1060.0,F3,7.00,23.3290,23.2741,23.3250,0.0940,6.9060,1.0000,1,14.1760
1061.0,F3,7.00,23.3330,23.2731,23.3248,0.0938,6.9062,1.0000,1,14.1760
1062.0,F3,7.00,23.3342,23.2770,23.3252,0.0942,6.9058,1.0000,1,14.1760
1063.0,F3,7.00,23.3351,23.2755,23.3251,0.0941,6.9059,1.0000,1,14.1760
1064.0,F3,7.00,23.3351,23.2780,23.3281,0.0971,6.9029,1.0000,1,14.1760
1065.0,F3,7.00,23.3346,23.2769,23.3288,0.0978,6.9022,1.0000,1,14.1760
1066.0,F3,7.00,23.3387,23.2739,23.3291,0.0981,6.9019,1.0000,1,14.1760
1067.0,F3,7.00,23.3363,23.2765,23.3295,0.0985,6.9015,1.0000,1,14.1760
1068.0,F3,7.00,23.3420,23.2762,23.3261,0.0951,6.9049,1.0000,1,14.1760
1069.0,F3,7.00,23.3373,23.2769,23.3293,0.0983,6.9017,1.0000,1,14.1760
1070.0,F3,7.00,23.3368,23.2748,23.3266,0.0956,6.9044,1.0000,1,14.3400
1071.0,F3,7.00,23.3359,23.2792,23.3264,0.0954,6.9046,1.0000,1,14.3400
1072.0,F3,7.00,23.3416,23.2766,23.3288,0.0978,6.9022,1.0000,1,14.3400
1073.0,F3,7.00,23.3376,23.2766,23.3259,0.0949,6.9051,1.0000,1,14.3400
1074.0,F3,7.00,23.3354,23.2768,23.3268,0.0958,6.9042,1.0000,1,14.3400
1075.0,F3,7.00,23.3360,23.2795,23.3276,0.0966,6.9034,1.0000,1,14.3400
1076.0,F3,7.00,23.3377,23.2792,23.3271,0.0961,6.9039,1.0000,1,14.3400
1077.0,F3,7.00,23.3352,23.2788,23.3289,0.0979,6.9021,1.0000,1,14.3400
1078.0,F3,7.00,23.3351,23.2785,23.3262,0.0952,6.9048,1.0000,1,14.3400
1079.0,F3,7.00,23.3362,23.2795,23.3269,0.0959,6.9041,1.0000,1,14.3400
1080.0,F3,7.00,23.3359,23.2798,23.3268,0.0958,6.9042,1.0000,1,14.5039
1081.0,F3,7.00,23.3385,23.2802,23.3275,0.0965,6.9035,1.0000,1,14.5039
1082.0,F3,7.00,23.3382,23.2802,23.3291,0.0981,6.9019,1.0000,1,14.5039
1083.0,F3,7.00,23.3343,23.2808,23.3294,0.0984,6.9016,1.0000,1,14.5039
1084.0,F3,7.00,23.3404,23.2813,23.3275,0.0965,6.9035,1.0000,1,14.5039
1085.0,F3,7.00,23.3382,23.2814,23.3301,0.0991,6.9009,1.0000,1,14.5039
1086.0,F3,7.00,23.3415,23.2839,23.3292,0.0982,6.9018,1.0000,1,14.5039
1087.0,F3,7.00,23.3429,23.2834,23.3304,0.0994,6.9006,1.0000,1,14.5039
1088.0,F3,7.00,23.3399,23.2832,23.3320,0.1010,6.8990,1.0000,1,14.5039
1089.0,F3,7.00,23.3417,23.2854,23.3328,0.1018,6.8982,1.0000,1,14.5039
1090.0,F3,7.00,23.3437,23.2846,23.3352,0.1042,6.8958,1.0000,1,14.6677
1091.0,F3,7.00,23.3404,23.2896,23.3341,0.1031,6.8969,1.0000,1,14.6677
1092.0,F3,7.00,23.3458,23.2921,23.3308,0.0998,6.9002,1.0000,1,14.6677
1093.0,F3,7.00,23.3436,23.2881,23.3324,0.1014,6.8986,1.0000,1,14.6677
1094.0,F3,7.00,23.3460,23.2937,23.3357,0.1047,6.8953,1.0000,1,14.6677
1095.0,F3,7.00,23.3444,23.2918,23.3351,0.1041,6.8959,1.0000,1,14.6677
1096.0,F3,7.00,23.3464,23.2908,23.3351,0.1041,6.8959,1.0000,1,14.6677
1097.0,F3,7.00,23.3422,23.2917,23.3389,0.1079,6.8921,1.0000,1,14.6677
1098.0,F3,7.00,23.3458,23.2927,23.3379,0.1069,6.8931,1.0000,1,14.6677
1099.0,F3,7.00,23.3488,23.2911,23.3383,0.1073,6.8927,1.0000,1,14.6677
1100.0,F3,7.00,23.3454,23.2924,23.3390,0.1080,6.8920,1.0000,1,14.8314
1101.0,F3,7.00,23.3499,23.2907,23.3409,0.1099,6.8901,1.0000,1,14.8314
1102.0,F3,7.00,23.3467,23.2950,23.3423,0.1113,6.8887,1.0000,1,14.8314
1103.0,F3,7.00,23.3521,23.2939,23.3437,0.1127,6.8873,1.0000,1,14.8314
1104.0,F3,7.00,23.3469,23.2951,23.3430,0.1120,6.8880,1.0000,1,14.8314
1105.0,F3,7.00,23.3480,23.2984,23.3447,0.1137,6.8863,1.0000,1,14.8314
1106.0,F3,7.00,23.3503,23.2942,23.3454,0.1144,6.8856,1.0000,1,14.8314
1107.0,F3,7.00,23.3492,23.2955,23.3457,0.1147,6.8853,1.0000,1,14.8314
1108.0,F3,7.00,23.3502,23.2974,23.3480,0.1170,6.8830,1.0000,1,14.8314
1109.0,F3,7.00,23.3471,23.2976,23.3458,0.1148,6.8852,1.0000,1,14.8314
1110.0,F3,7.00,23.3513,23.2980,23.3490,0.1180,6.8820,1.0000,1,14.9949
1111.0,F3,7.00,23.3517,23.2995,23.3514,0.1204,6.8796,1.0000,1,14.9949
1112.0,F3,7.00,23.3514,23.2976,23.3509,0.1199,6.8801,1.0000,1,14.9949
1113.0,F3,7.00,23.3526,23.3011,23.3516,0.1206,6.8794,1.0000,1,14.9949
1114.0,F3,7.00,23.3540,23.3018,23.3562,0.1252,6.8748,1.0000,1,14.9949
1115.0,F3,7.00,23.3574,23.3029,23.3552,0.1242,6.8758,1.0000,1,14.9949
1116.0,F3,7.00,23.3557,23.3011,23.3555,0.1245,6.8755,1.0000,1,14.9949
1117.0,F3,7.00,23.3542,23.3042,23.3606,0.1296,6.8704,1.0000,1,14.9949
1118.0,F3,7.00,23.3572,23.3050,23.3594,0.1284,6.8716,1.0000,1,14.9949
1119.0,F3,7.00,23.3587,23.3036,23.3586,0.1276,6.8724,1.0000,1,14.9949
1120.0,F3,7.00,23.3643,23.3075,23.3596,0.1286,6.8714,1.0000,1,15.1580
1121.0,F3,7.00,23.3580,23.3129,23.3640,0.1330,6.8670,1.0000,1,15.1580
1122.0,F3,7.00,23.3590,23.3126,23.3639,0.1329,6.8671,1.0000,1,15.1580
1123.0,F3,7.00,23.3615,23.3062,23.3640,0.1330,6.8670,1.0000,1,15.1580
1124.0,F3,7.00,23.3646,23.3095,23.3643,0.1333,6.8667,1.0000,1,15.1580
1125.0,F3,7.00,23.3664,23.3124,23.3648,0.1338,6.8662,1.0000,1,15.1580
1126.0,F3,7.00,23.3692,23.3123,23.3653,0.1343,6.8657,1.0000,1,15.1580
1127.0,F3,7.00,23.3699,23.3145,23.3654,0.1344,6.8656,1.0000,1,15.1580
1128.0,F3,7.00,23.3709,23.3164,23.3670,0.1360,6.8640,1.0000,1,15.1580
1129.0,F3,7.00,23.3747,23.3137,23.3670,0.1360,6.8640,1.0000,1,15.1580
1130.0,F3,7.00,23.3742,23.3175,23.3648,0.1338,6.8662,1.0000,1,15.3211
1131.0,F3,7.00,23.3726,23.3177,23.3676,0.1366,6.8634,1.0000,1,15.3211
1132.0,F3,7.00,23.3757,23.3156,23.3716,0.1406,6.8594,1.0000,1,15.3211
1133.0,F3,7.00,23.3754,23.3206,23.3674,0.1364,6.8636,1.0000,1,15.3211
1134.0,F3,7.00,23.3758,23.3188,23.3704,0.1394,6.8606,1.0000,1,15.3211
1135.0,F3,7.00,23.3757,23.3162,23.3702,0.1392,6.8608,1.0000,1,15.3211
1136.0,F3,7.00,23.3756,23.3174,23.3664,0.1354,6.8646,1.0000,1,15.3211
1137.0,F3,7.00,23.3753,23.3168,23.3680,0.1370,6.8630,1.0000,1,15.3211
1138.0,F3,7.00,23.3791,23.3192,23.3672,0.1362,6.8638,1.0000,1,15.3211
1139.0,F3,7.00,23.3805,23.3184,23.3699,0.1389,6.8611,1.0000,1,15.3211
1140.0,F3,7.00,23.3800,23.3197,23.3699,0.1389,6.8611,1.0000,1,15.4841
1141.0,F3,7.00,23.3838,23.3210,23.3692,0.1382,6.8618,1.0000,1,15.4841
1142.0,F3,7.00,23.3832,23.3202,23.3701,0.1391,6.8609,1.0000,1,15.4841
1143.0,F3,7.00,23.3836,23.3228,23.3706,0.1396,6.8604,1.0000,1,15.4841
1144.0,F3,7.00,23.3841,23.3196,23.3694,0.1384,6.8616,1.0000,1,15.4841
1145.0,F3,7.00,23.3857,23.3246,23.3716,0.1406,6.8594,1.0000,1,15.4841
1146.0,F3,7.00,23.3896,23.3212,23.3728,0.1418,6.8582,1.0000,1,15.4841
1147.0,F3,7.00,23.3890,23.3242,23.3747,0.1437,6.8563,1.0000,1,15.4841
1148.0,F3,7.00,23.3907,23.3207,23.3734,0.1424,6.8576,1.0000,1,15.4841
1149.0,F3,7.00,23.3917,23.3259,23.3748,0.1438,6.8562,1.0000,1,15.4841
1150.0,F3,7.00,23.3917,23.3271,23.3728,0.1418,6.8582,1.0000,1,15.6470
1151.0,F3,7.00,23.3919,23.3246,23.3750,0.1440,6.8560,1.0000,1,15.6470
1152.0,F3,7.00,23.3890,23.3278,23.3759,0.1449,6.8551,1.0000,1,15.6470
1153.0,F3,7.00,23.3919,23.3283,23.3745,0.1435,6.8565,1.0000,1,15.6470
1154.0,F3,7.00,23.3914,23.3299,23.3790,0.1480,6.8520,1.0000,1,15.6470
1155.0,F3,7.00,23.3934,23.3270,23.3804,0.1494,6.8506,1.0000,1,15.6470
1156.0,F3,7.00,23.3951,23.3313,23.3811,0.1501,6.8499,1.0000,1,15.6470
1157.0,F3,7.00,23.3939,23.3363,23.3870,0.1560,6.8440,1.0000,1,15.6470
1158.0,F3,7.00,23.3947,23.3423,23.3939,0.1629,6.8371,1.0000,1,15.6470
1159.0,F3,7.00,23.3991,23.3438,23.3973,0.1663,6.8337,1.0000,1,15.6470
1160.0,F3,7.00,23.3999,23.3473,23.3961,0.1651,6.8349,1.0000,1,15.8093
1161.0,F3,7.00,23.4016,23.3462,23.4019,0.1709,6.8291,1.0000,1,15.8093
1162.0,F3,7.00,23.4046,23.3492,23.4029,0.1719,6.8281,1.0000,1,15.8093
1163.0,F3,7.00,23.4049,23.3491,23.4015,0.1705,6.8295,1.0000,1,15.8093
1164.0,F3,7.00,23.4054,23.3485,23.4059,0.1749,6.8251,1.0000,1,15.8093
1165.0,F3,7.00,23.4082,23.3513,23.4028,0.1718,6.8282,1.0000,1,15.8093
1166.0,F3,7.00,23.4124,23.3535,23.4068,0.1758,6.8242,1.0000,1,15.8093
1167.0,F3,7.00,23.4127,23.3561,23.4081,0.1771,6.8229,1.0000,1,15.8093
1168.0,F3,7.00,23.4127,23.3562,23.4079,0.1769,6.8231,1.0000,1,15.8093
1169.0,F3,7.00,23.4121,23.3584,23.4108,0.1798,6.8202,1.0000,1,15.8093
1170.0,F3,7.00,23.4104,23.3616,23.4075,0.1765,6.8235,1.0000,1,15.9713
1171.0,F3,7.00,23.4138,23.3582,23.4090,0.1780,6.8220,1.0000,1,15.9713
1172.0,F3,7.00,23.4142,23.3606,23.4107,0.1797,6.8203,1.0000,1,15.9713
1173.0,F3,7.00,23.4156,23.3605,23.4121,0.1811,6.8189,1.0000,1,15.9713
1174.0,F3,7.00,23.4152,23.3642,23.4130,0.1820,6.8180,1.0000,1,15.9713
1175.0,F3,7.00,23.4187,23.3631,23.4140,0.1830,6.8170,1.0000,1,15.9713
1176.0,F3,7.00,23.4184,23.3615,23.4142,0.1832,6.8168,1.0000,1,15.9713
1177.0,F3,7.00,23.4163,23.3627,23.4155,0.1845,6.8155,1.0000,1,15.9713
1178.0,F3,7.00,23.4206,23.3636,23.4138,0.1828,6.8172,1.0000,1,15.9713
1179.0,F3,7.00,23.4188,23.3603,23.4158,0.1848,6.8152,1.0000,1,15.9713
1180.0,F3,7.00,23.4201,23.3618,23.4141,0.1831,6.8169,1.0000,1,16.1332
1181.0,F3,7.00,23.4229,23.3659,23.4166,0.1856,6.8144,1.0000,1,16.1332
1182.0,F3,7.00,23.4215,23.3655,23.4172,0.1862,6.8138,1.0000,1,16.1332
1183.0,F3,7.00,23.4225,23.3697,23.4165,0.1855,6.8145,1.0000,1,16.1332
1184.0,F3,7.00,23.4249,23.3668,23.4186,0.1876,6.8124,1.0000,1,16.1332
1185.0,F3,7.00,23.4262,23.3670,23.4197,0.1887,6.8113,1.0000,1,16.1332
1186.0,F3,7.00,23.4242,23.3670,23.4219,0.1909,6.8091,1.0000,1,16.1332
1187.0,F3,7.00,23.4257,23.3684,23.4225,0.1915,6.8085,1.0000,1,16.1332
1188.0,F3,7.00,23.4243,23.3706,23.4355,0.2045,6.7955,1.0000,1,16.1332
1189.0,F3,7.00,23.4270,23.3690,23.4389,0.2079,6.7921,1.0000,1,16.1332
1190.0,F3,7.00,23.4273,23.3738,23.4431,0.2121,6.7879,1.0000,1,16.2945
1191.0,F3,7.00,23.4273,23.3732,23.4430,0.2120,6.7880,1.0000,1,16.2945
1192.0,F3,7.00,23.4259,23.3744,23.4420,0.2110,6.7890,1.0000,1,16.2945
1193.0,F3,7.00,23.4264,23.3782,23.4466,0.2156,6.7844,1.0000,1,16.2945
1194.0,F3,7.00,23.4303,23.3739,23.4530,0.2220,6.7780,1.0000,1,16.2945
1195.0,F3,7.00,23.4342,23.3796,23.4588,0.2278,6.7722,1.0000,1,16.2945
1196.0,F3,7.00,23.4334,23.3796,23.4597,0.2287,6.7713,1.0000,1,16.2945
1197.0,F3,7.00,23.4308,23.3835,23.4645,0.2335,6.7665,1.0000,1,16.2945
1198.0,F3,7.00,23.4352,23.3834,23.4673,0.2363,6.7637,1.0000,1,16.2945
1199.0,F3,7.00,23.4389,23.3864,23.4699,0.2389,6.7611,1.0000,1,16.2945
1200.0,F3,7.00,23.4377,23.3878,23.4765,0.2455,6.7545,1.0000,1,16.4549
1201.0,F3,7.00,23.4366,23.3871,23.4810,0.2500,6.7500,1.0000,1,16.4549
1202.0,F3,7.00,23.4425,23.3895,23.4882,0.2572,6.7428,1.0000,1,16.4549
1203.0,F3,7.00,23.4399,23.3914,23.4933,0.2623,6.7377,1.0000,1,16.4549
1204.0,F3,7.00,23.4412,23.3954,23.4964,0.2654,6.7346,1.0000,1,16.4549
1205.0,F3,7.00,23.4470,23.3946,23.5033,0.2723,6.7277,1.0000,1,16.4549
1206.0,F3,7.00,23.4453,23.3987,23.5074,0.2764,6.7236,1.0000,1,16.4549
1207.0,F3,7.00,23.4465,23.4015,23.5087,0.2777,6.7223,1.0000,1,16.4549
1208.0,F3,7.00,23.4487,23.4051,23.5109,0.2799,6.7201,1.0000,1,16.4549
1209.0,F3,7.00,23.4492,23.4051,23.5146,0.2836,6.7164,1.0000,1,16.4549
1210.0,F3,7.00,23.4561,23.4082,23.5171,0.2861,6.7139,1.0000,1,16.6143
1211.0,F3,7.00,23.4502,23.4111,23.5188,0.2878,6.7122,1.0000,1,16.6143
1212.0,F3,7.00,23.4527,23.4106,23.5182,0.2872,6.7128,1.0000,1,16.6143
1213.0,F3,7.00,23.4555,23.4103,23.5217,0.2907,6.7093,1.0000,1,16.6143
1214.0,F3,7.00,23.4547,23.4144,23.5294,0.2984,6.7016,1.0000,1,16.6143
1215.0,F3,7.00,23.4619,23.4187,23.5312,0.3002,6.6998,1.0000,1,16.6143
1216.0,F3,7.00,23.4628,23.4167,23.5301,0.2991,6.7009,1.0000,1,16.6143
1217.0,F3,7.00,23.4595,23.4169,23.5273,0.2963,6.7037,1.0000,1,16.6143
1218.0,F3,7.00,23.4647,23.4210,23.5274,0.2964,6.7036,1.0000,1,16.6143
1219.0,F3,7.00,23.4624,23.4185,23.5257,0.2947,6.7053,1.0000,1,16.6143
1220.0,F3,7.00,23.4635,23.4188,23.5204,0.2894,6.7106,1.0000,1,16.7737
1221.0,F3,7.00,23.4661,23.4213,23.5241,0.2931,6.7069,1.0000,1,16.7737
1222.0,F3,7.00,23.4648,23.4208,23.5228,0.2918,6.7082,1.0000,1,16.7737
1223.0,F3,7.00,23.4670,23.4223,23.5273,0.2963,6.7037,1.0000,1,16.7737
1224.0,F3,7.00,23.4695,23.4254,23.5241,0.2931,6.7069,1.0000,1,16.7737
1225.0,F3,7.00,23.4676,23.4305,23.5270,0.2960,6.7040,1.0000,1,16.7737
1226.0,F3,7.00,23.4678,23.4336,23.5347,0.3037,6.6963,1.0000,1,16.7737
1227.0,F3,7.00,23.4760,23.4388,23.5333,0.3023,6.6977,1.0000,1,16.7737
1228.0,F3,7.00,23.4729,23.4377,23.5372,0.3062,6.6938,1.0000,1,16.7737
1229.0,F3,7.00,23.4760,23.4428,23.5355,0.3045,6.6955,1.0000,1,16.7737
1230.0,F3,7.00,23.4801,23.4498,23.5379,0.3069,6.6931,1.0000,1,16.9327
1231.0,F3,7.00,23.4816,23.4545,23.5424,0.3114,6.6886,1.0000,1,16.9327
1232.0,F3,7.00,23.4775,23.4507,23.5463,0.3153,6.6847,1.0000,1,16.9327
1233.0,F3,7.00,23.4800,23.4536,23.5450,0.3140,6.6860,1.0000,1,16.9327
1234.0,F3,7.00,23.4778,23.4559,23.5503,0.3193,6.6807,1.0000,1,16.9327
1235.0,F3,7.00,23.4809,23.4520,23.5497,0.3187,6.6813,1.0000,1,16.9327
1236.0,F3,7.00,23.4807,23.4510,23.5471,0.3161,6.6839,1.0000,1,16.9327
1237.0,F3,7.00,23.4821,23.4520,23.5461,0.3151,6.6849,1.0000,1,16.9327
1238.0,F3,7.00,23.4808,23.4566,23.5463,0.3153,6.6847,1.0000,1,16.9327
1239.0,F3,7.00,23.4858,23.4548,23.5486,0.3176,6.6824,1.0000,1,16.9327
1240.0,F3,7.00,23.4871,23.4554,23.5472,0.3162,6.6838,1.0000,1,17.0914
1241.0,F3,7.00,23.4896,23.4597,23.5502,0.3192,6.6808,1.0000,1,17.0914
1242.0,F3,7.00,23.4913,23.4632,23.5557,0.3247,6.6753,1.0000,1,17.0914
1243.0,F3,7.00,23.4868,23.4633,23.5564,0.3254,6.6746,1.0000,1,17.0914
1244.0,F3,7.00,23.4907,23.4617,23.5570,0.3260,6.6740,1.0000,1,17.0914
1245.0,F3,7.00,23.4926,23.4620,23.5538,0.3228,6.6772,1.0000,1,17.0914
1246.0,F3,7.00,23.4946,23.4610,23.5536,0.3226,6.6774,1.0000,1,17.0914
1247.0,F3,7.00,23.4925,23.4594,23.5509,0.3199,6.6801,1.0000,1,17.0914
1248.0,F3,7.00,23.4928,23.4542,23.5478,0.3168,6.6832,1.0000,1,17.0914
1249.0,F3,7.00,23.4917,23.4563,23.5470,0.3160,6.6840,1.0000,1,17.0914
1250.0,F3,7.00,23.4939,23.4554,23.5485,0.3175,6.6825,1.0000,1,17.2501
1251.0,F3,7.00,23.4899,23.4586,23.5532,0.3222,6.6778,1.0000,1,17.2501
1252.0,F3,7.00,23.4925,23.4637,23.5500,0.3190,6.6810,1.0000,1,17.2501
1253.0,F3,7.00,23.4895,23.4674,23.5557,0.3247,6.6753,1.0000,1,17.2501
1254.0,F3,7.00,23.4915,23.4659,23.5562,0.3252,6.6748,1.0000,1,17.2501
1255.0,F3,7.00,23.4908,23.4697,23.5568,0.3258,6.6742,1.0000,1,17.2501
1256.0,F3,7.00,23.4920,23.4680,23.5558,0.3248,6.6752,1.0000,1,17.2501
1257.0,F3,7.00,23.4893,23.4672,23.5515,0.3205,6.6795,1.0000,1,17.2501
1258.0,F3,7.00,23.4897,23.4598,23.5495,0.3185,6.6815,1.0000,1,17.2501
1259.0,F3,7.00,23.4892,23.4620,23.5470,0.3160,6.6840,1.0000,1,17.2501
1260.0,F3,7.00,23.4878,23.4581,23.5481,0.3171,6.6829,1.0000,1,17.4088
1261.0,F3,7.00,23.4836,23.4546,23.5462,0.3152,6.6848,1.0000,1,17.4088
1262.0,F3,7.00,23.4836,23.4534,23.5436,0.3126,6.6874,1.0000,1,17.4088
1263.0,F3,7.00,23.4840,23.4498,23.5400,0.3090,6.6910,1.0000,1,17.4088
1264.0,F3,7.00,23.4809,23.4493,23.5406,0.3096,6.6904,1.0000,1,17.4088
1265.0,F3,7.00,23.4817,23.4460,23.5379,0.3069,6.6931,1.0000,1,17.4088
1266.0,F3,7.00,23.4818,23.4469,23.5376,0.3066,6.6934,1.0000,1,17.4088
1267.0,F3,7.00,23.4799,23.4475,23.5368,0.3058,6.6942,1.0000,1,17.4088
1268.0,F3,7.00,23.4750,23.4445,23.5367,0.3057,6.6943,1.0000,1,17.4088
1269.0,F3,7.00,23.4772,23.4409,23.5360,0.3050,6.6950,1.0000,1,17.4088
1270.0,F3,7.00,23.4763,23.4420,23.5354,0.3044,6.6956,1.0000,1,17.5679
1271.0,F3,7.00,23.4792,23.4475,23.5357,0.3047,6.6953,1.0000,1,17.5679
1272.0,F3,7.00,23.4786,23.4454,23.5360,0.3050,6.6950,1.0000,1,17.5679
1273.0,F3,7.00,23.4849,23.4480,23.5369,0.3059,6.6941,1.0000,1,17.5679
1274.0,F3,7.00,23.4855,23.4542,23.5337,0.3027,6.6973,1.0000,1,17.5679
1275.0,F3,7.00,23.4899,23.4539,23.5378,0.3068,6.6932,1.0000,1,17.5679
1276.0,F3,7.00,23.4885,23.4534,23.5351,0.3041,6.6959,1.0000,1,17.5679
1277.0,F3,7.00,23.4907,23.4536,23.5346,0.3036,6.6964,1.0000,1,17.5679
1278.0,F3,7.00,23.4908,23.4542,23.5578,0.3268,6.6732,1.0000,1,17.5679
1279.0,F3,7.00,23.4906,23.4550,23.5361,0.3051,6.6949,1.0000,1,17.5679
1280.0,F3,7.00,23.4935,23.4551,23.5371,0.3061,6.6939,1.0000,1,17.7268
1281.0,F3,7.00,23.4965,23.4597,23.5403,0.3093,6.6907,1.0000,1,17.7268
1282.0,F3,7.00,23.4938,23.4588,23.5418,0.3108,6.6892,1.0000,1,17.7268
1283.0,F3,7.00,23.4906,23.4611,23.5399,0.3089,6.6911,1.0000,1,17.7268
1284.0,F3,7.00,23.4912,23.4582,23.5416,0.3106,6.6894,1.0000,1,17.7268
1285.0,F3,7.00,23.4959,23.4617,23.5409,0.3099,6.6901,1.0000,1,17.7268
1286.0,F3,7.00,23.4969,23.4595,23.5379,0.3069,6.6931,1.0000,1,17.7268
1287.0,F3,7.00,23.4976,23.4588,23.5388,0.3078,6.6922,1.0000,1,17.7268
1288.0,F3,7.00,23.4991,23.4599,23.5406,0.3096,6.6904,1.0000,1,17.7268
1289.0,F3,7.00,23.4963,23.4586,23.5374,0.3064,6.6936,1.0000,1,17.7268
1290.0,F3,7.00,23.4988,23.4568,23.5394,0.3084,6.6916,1.0000,1,17.8858
1291.0,F3,7.00,23.5007,23.4588,23.5406,0.3096,6.6904,1.0000,1,17.8858
1292.0,F3,7.00,23.5020,23.4576,23.5410,0.3100,6.6900,1.0000,1,17.8858
1293.0,F3,7.00,23.5038,23.4575,23.5401,0.3091,6.6909,1.0000,1,17.8858
1294.0,F3,7.00,23.5045,23.4544,23.5400,0.3090,6.6910,1.0000,1,17.8858
1295.0,F3,7.00,23.5044,23.4572,23.5424,0.3114,6.6886,1.0000,1,17.8858
1296.0,F3,7.00,23.5042,23.4588,23.5428,0.3118,6.6882,1.0000,1,17.8858
1297.0,F3,7.00,23.5061,23.4599,23.5414,0.3104,6.6896,1.0000,1,17.8858
1298.0,F3,7.00,23.5058,23.4603,23.5440,0.3130,6.6870,1.0000,1,17.8858
1299.0,F3,7.00,23.5072,23.4597,23.5461,0.3151,6.6849,1.0000,1,17.8858
1300.0,F3,7.00,23.5066,23.4607,23.5460,0.3150,6.6850,1.0000,1,18.0445
1301.0,F3,7.00,23.5050,23.4566,23.5477,0.3167,6.6833,1.0000,1,18.0445
1302.0,F3,7.00,23.5081,23.4587,23.5449,0.3139,6.6861,1.0000,1,18.0445
1303.0,F3,7.00,23.5067,23.4600,23.5456,0.3146,6.6854,1.0000,1,18.0445
1304.0,F3,7.00,23.5070,23.4589,23.5417,0.3107,6.6893,1.0000,1,18.0445
1305.0,F3,7.00,23.5056,23.4565,23.5435,0.3125,6.6875,1.0000,1,18.0445
1306.0,F3,7.00,23.5071,23.4573,23.5414,0.3104,6.6896,1.0000,1,18.0445
1307.0,F3,7.00,23.5058,23.4589,23.5414,0.3104,6.6896,1.0000,1,18.0445
1308.0,F3,7.00,23.5039,23.4559,23.5403,0.3093,6.6907,1.0000,1,18.0445
1309.0,F3,7.00,23.5051,23.4547,23.5357,0.3047,6.6953,1.0000,1,18.0445
1310.0,F3,7.00,23.5031,23.4556,23.5374,0.3064,6.6936,1.0000,1,18.2035
1311.0,F3,7.00,23.5075,23.4509,23.5325,0.3015,6.6985,1.0000,1,18.2035
1312.0,F3,7.00,23.5028,23.4512,23.5326,0.3016,6.6984,1.0000,1,18.2035
1313.0,F3,7.00,23.5045,23.4497,23.5280,0.2970,6.7030,1.0000,1,18.2035
1314.0,F3,7.00,23.4986,23.4474,23.5296,0.2986,6.7014,1.0000,1,18.2035
1315.0,F3,7.00,23.4985,23.4488,23.5269,0.2959,6.7041,1.0000,1,18.2035
1316.0,F3,7.00,23.4959,23.4478,23.5254,0.2944,6.7056,1.0000,1,18.2035
1317.0,F3,7.00,23.4980,23.4465,23.5230,0.2920,6.7080,1.0000,1,18.2035
1318.0,F3,7.00,23.4948,23.4455,23.5213,0.2903,6.7097,1.0000,1,18.2035
1319.0,F3,7.00,23.4954,23.4461,23.5226,0.2916,6.7084,1.0000,1,18.2035
1320.0,F3,7.00,23.4948,23.4432,23.5193,0.2883,6.7117,1.0000,1,18.3629
1321.0,F3,7.00,23.4962,23.4389,23.5171,0.2861,6.7139,1.0000,1,18.3629
1322.0,F3,7.00,23.4896,23.4400,23.5152,0.2842,6.7158,1.0000,1,18.3629
1323.0,F3,7.00,23.4897,23.4383,23.5113,0.2803,6.7197,1.0000,1,18.3629
1324.0,F3,7.00,23.4877,23.4371,23.5102,0.2792,6.7208,1.0000,1,18.3629
1325.0,F3,7.00,23.4860,23.4366,23.5110,0.2800,6.7200,1.0000,1,18.3629
1326.0,F3,7.00,23.4879,23.4333,23.5076,0.2766,6.7234,1.0000,1,18.3629
1327.0,F3,7.00,23.4814,23.4345,23.5055,0.2745,6.7255,1.0000,1,18.3629
1328.0,F3,7.00,23.4819,23.4299,23.5049,0.2739,6.7261,1.0000,1,18.3629
1329.0,F3,7.00,23.4814,23.4307,23.5017,0.2707,6.7293,1.0000,1,18.3629
1330.0,F3,7.00,23.4809,23.4289,23.5012,0.2702,6.7298,1.0000,1,18.5227
1331.0,F3,7.00,23.4811,23.4275,23.4986,0.2676,6.7324,1.0000,1,18.5227
1332.0,F3,7.00,23.4804,23.4272,23.4961,0.2651,6.7349,1.0000,1,18.5227
1333.0,F3,7.00,23.4759,23.4272,23.4939,0.2629,6.7371,1.0000,1,18.5227
1334.0,F3,7.00,23.4726,23.4263,23.4960,0.2650,6.7350,1.0000,1,18.5227
1335.0,F3,7.00,23.4744,23.4237,23.4940,0.2630,6.7370,1.0000,1,18.5227
1336.0,F3,7.00,23.4742,23.4251,23.4933,0.2623,6.7377,1.0000,1,18.5227
1337.0,F3,7.00,23.4734,23.4175,23.4932,0.2622,6.7378,1.0000,1,18.5227
1338.0,F3,7.00,23.4726,23.4179,23.4925,0.2615,6.7385,1.0000,1,18.5227
1339.0,F3,7.00,23.4697,23.4176,23.4915,0.2605,6.7395,1.0000,1,18.5227
1340.0,F3,7.00,23.4710,23.4185,23.4897,0.2587,6.7413,1.0000,1,18.6828
1341.0,F3,7.00,23.4705,23.4182,23.4884,0.2574,6.7426,1.0000,1,18.6828
1342.0,F3,7.00,23.4673,23.4177,23.4882,0.2572,6.7428,1.0000,1,18.6828
1343.0,F3,7.00,23.4716,23.4199,23.4894,0.2584,6.7416,1.0000,1,18.6828
1344.0,F3,7.00,23.4718,23.4204,23.4901,0.2591,6.7409,1.0000,1,18.6828
1345.0,F3,7.00,23.4703,23.4247,23.4954,0.2644,6.7356,1.0000,1,18.6828
1346.0,F3,7.00,23.4725,23.4240,23.5009,0.2699,6.7301,1.0000,1,18.6828
1347.0,F3,7.00,23.4722,23.4237,23.5031,0.2721,6.7279,1.0000,1,18.6828
1348.0,F3,7.00,23.4713,23.4247,23.5071,0.2761,6.7239,1.0000,1,18.6828
1349.0,F3,7.00,23.4704,23.4247,23.5038,0.2728,6.7272,1.0000,1,18.6828
1350.0,F3,7.00,23.4662,23.4244,23.5031,0.2721,6.7279,1.0000,1,18.8426
1351.0,F3,7.00,23.4697,23.4253,23.5046,0.2736,6.7264,1.0000,1,18.8426
1352.0,F3,7.00,23.4656,23.4208,23.5054,0.2744,6.7256,1.0000,1,18.8426
1353.0,F3,7.00,23.4649,23.4222,23.5061,0.2751,6.7249,1.0000,1,18.8426
1354.0,F3,7.00,23.4677,23.4226,23.5039,0.2729,6.7271,1.0000,1,18.8426
1355.0,F3,7.00,23.4651,23.4238,23.5042,0.2732,6.7268,1.0000,1,18.8426
1356.0,F3,7.00,23.4653,23.4240,23.5054,0.2744,6.7256,1.0000,1,18.8426
1357.0,F3,7.00,23.4649,23.4237,23.5054,0.2744,6.7256,1.0000,1,18.8426
1358.0,F3,7.00,23.4619,23.4255,23.5061,0.2751,6.7249,1.0000,1,18.8426
1359.0,F3,7.00,23.4619,23.4290,23.5084,0.2774,6.7226,1.0000,1,18.8426
1360.0,F3,7.00,23.4572,23.4265,23.5094,0.2784,6.7216,1.0000,1,19.0023
1361.0,F3,7.00,23.4574,23.4231,23.5094,0.2784,6.7216,1.0000,1,19.0023
1362.0,F3,7.00,23.4565,23.4260,23.5140,0.2830,6.7170,1.0000,1,19.0023
1363.0,F3,7.00,23.4565,23.4239,23.5144,0.2834,6.7166,1.0000,1,19.0023
1364.0,F3,7.00,23.4543,23.4248,23.5161,0.2851,6.7149,1.0000,1,19.0023
1365.0,F3,7.00,23.4570,23.4218,23.5180,0.2870,6.7130,1.0000,1,19.0023
1366.0,F3,7.00,23.4569,23.4262,23.5292,0.2982,6.7018,1.0000,1,19.0023
1367.0,F3,7.00,23.4568,23.4253,23.5266,0.2955,6.7045,1.0000,1,19.0023
1368.0,F3,7.00,23.4555,23.4258,23.5298,0.2988,6.7012,1.0000,1,19.0023
1369.0,F3,7.00,23.4530,23.4298,23.5279,0.2969,6.7031,1.0000,1,19.0023
1370.0,F3,7.00,23.4596,23.4296,23.5271,0.2961,6.7039,1.0000,1,19.1615
1371.0,F3,7.00,23.4592,23.4274,23.5287,0.2977,6.7023,1.0000,1,19.1615
1372.0,F3,7.00,23.4551,23.4302,23.5347,0.3037,6.6963,1.0000,1,19.1615
1373.0,F3,7.00,23.4591,23.4299,23.5412,0.3102,6.6898,1.0000,1,19.1615
1374.0,F3,7.00,23.4587,23.4260,23.5491,0.3181,6.6819,1.0000,1,19.1615
1375.0,F3,7.00,23.4576,23.4259,23.5549,0.3239,6.6761,1.0000,1,19.1615
1376.0,F3,7.00,23.4556,23.4277,23.5580,0.3270,6.6730,1.0000,1,19.1615
1377.0,F3,7.00,23.4569,23.4276,23.5580,0.3270,6.6730,1.0000,1,19.1615
1378.0,F3,7.00,23.4571,23.4300,23.5641,0.3331,6.6669,1.0000,1,19.1615
1379.0,F3,7.00,23.4600,23.4352,23.5653,0.3343,6.6657,1.0000,1,19.1615
1380.0,F3,7.00,23.4651,23.4378,23.5680,0.3370,6.6630,1.0000,1,19.3197
1381.0,F3,7.00,23.4628,23.4402,23.5669,0.3359,6.6641,1.0000,1,19.3197
1382.0,F3,7.00,23.4637,23.4422,23.5675,0.3365,6.6635,1.0000,1,19.3197
1383.0,F3,7.00,23.4596,23.4428,23.5655,0.3345,6.6655,1.0000,1,19.3197
1384.0,F3,7.00,23.4650,23.4430,23.5672,0.3362,6.6638,1.0000,1,19.3197
1385.0,F3,7.00,23.4681,23.4400,23.5664,0.3354,6.6646,1.0000,1,19.3197
1386.0,F3,7.00,23.4662,23.4407,23.5647,0.3337,6.6663,1.0000,1,19.3197
1387.0,F3,7.00,23.4710,23.4394,23.5609,0.3299,6.6701,1.0000,1,19.3197
1388.0,F3,7.00,23.4664,23.4342,23.5578,0.3268,6.6732,1.0000,1,19.3197
1389.0,F3,7.00,23.4676,23.4373,23.5556,0.3246,6.6754,1.0000,1,19.3197
1390.0,F3,7.00,23.4666,23.4363,23.5549,0.3239,6.6761,1.0000,1,19.4783
1391.0,F3,7.00,23.4690,23.4354,23.5547,0.3237,6.6763,1.0000,1,19.4783
1392.0,F3,7.00,23.4690,23.4357,23.5553,0.3243,6.6757,1.0000,1,19.4783
1393.0,F3,7.00,23.4673,23.4343,23.5493,0.3183,6.6817,1.0000,1,19.4783
1394.0,F3,7.00,23.4677,23.4321,23.5462,0.3152,6.6848,1.0000,1,19.4783
1395.0,F3,7.00,23.4741,23.4321,23.5457,0.3147,6.6853,1.0000,1,19.4783
1396.0,F3,7.00,23.4718,23.4336,23.5432,0.3122,6.6878,1.0000,1,19.4783
1397.0,F3,7.00,23.4748,23.4355,23.5419,0.3109,6.6891,1.0000,1,19.4783
1398.0,F3,7.00,23.4750,23.4353,23.5405,0.3095,6.6905,1.0000,1,19.4783
1399.0,F3,7.00,23.4754,23.4343,23.5347,0.3037,6.6963,1.0000,1,19.4783
1400.0,F3,7.00,23.4759,23.4376,23.5343,0.3033,6.6967,1.0000,1,19.6373
1401.0,F3,7.00,23.4814,23.4356,23.5318,0.3008,6.6992,1.0000,1,19.6373
1402.0,F3,7.00,23.4857,23.4373,23.5323,0.3013,6.6987,1.0000,1,19.6373
1403.0,F3,7.00,23.4880,23.4420,23.5304,0.2994,6.7006,1.0000,1,19.6373
1404.0,F3,7.00,23.4868,23.4405,23.5328,0.3018,6.6982,1.0000,1,19.6373
1405.0,F3,7.00,23.4868,23.4400,23.5349,0.3039,6.6961,1.0000,1,19.6373
1406.0,F3,7.00,23.4852,23.4429,23.5401,0.3091,6.6909,1.0000,1,19.6373
1407.0,F3,7.00,23.4846,23.4427,23.5383,0.3073,6.6927,1.0000,1,19.6373
1408.0,F3,7.00,23.4843,23.4410,23.5391,0.3081,6.6919,1.0000,1,19.6373
1409.0,F3,7.00,23.4826,23.4413,23.5375,0.3065,6.6935,1.0000,1,19.6373
1410.0,F3,7.00,23.4819,23.4385,23.5366,0.3056,6.6944,1.0000,1,19.7963
1411.0,F3,7.00,23.4817,23.4394,23.5376,0.3066,6.6934,1.0000,1,19.7963
1412.0,F3,7.00,23.4850,23.4423,23.5417,0.3107,6.6893,1.0000,1,19.7963
1413.0,F3,7.00,23.4831,23.4390,23.5439,0.3129,6.6871,1.0000,1,19.7963
1414.0,F3,7.00,23.4812,23.4420,23.5487,0.3177,6.6823,1.0000,1,19.7963
1415.0,F3,7.00,23.4815,23.4405,23.5520,0.3210,6.6790,1.0000,1,19.7963
1416.0,F3,7.00,23.4855,23.4411,23.5562,0.3252,6.6748,1.0000,1,19.7963
1417.0,F3,7.00,23.4828,23.4417,23.5585,0.3275,6.6725,1.0000,1,19.7963
1418.0,F3,7.00,23.4807,23.4411,23.5583,0.3273,6.6727,1.0000,1,19.7963
1419.0,F3,7.00,23.4810,23.4400,23.5644,0.3334,6.6666,1.0000,1,19.7963
1420.0,F3,7.00,23.4797,23.4402,23.5690,0.3380,6.6620,1.0000,1,19.9546
1421.0,F3,7.00,23.4793,23.4404,23.5693,0.3383,6.6617,1.0000,1,19.9546
1422.0,F3,7.00,23.4840,23.4410,23.5701,0.3391,6.6609,1.0000,1,19.9546
1423.0,F3,7.00,23.4839,23.4401,23.5715,0.3405,6.6595,1.0000,1,19.9546
1424.0,F3,7.00,23.4820,23.4407,23.5671,0.3361,6.6639,1.0000,1,19.9546
1425.0,F3,7.00,23.4898,23.4456,23.5682,0.3372,6.6628,1.0000,1,19.9546
1426.0,F3,7.00,23.4859,23.4445,23.5652,0.3342,6.6658,1.0000,1,19.9546
1427.0,F3,7.00,23.4865,23.4456,23.5630,0.3320,6.6680,1.0000,1,19.9546
1428.0,F3,7.00,23.4810,23.4418,23.5627,0.3317,6.6683,1.0000,1,19.9546
1429.0,F3,7.00,23.4892,23.4447,23.5618,0.3308,6.6692,1.0000,1,19.9546
1430.0,F3,7.00,23.4897,23.4452,23.5612,0.3302,6.6698,1.0000,1,20.1130
1431.0,F3,7.00,23.4845,23.4472,23.5636,0.3326,6.6674,1.0000,1,20.1130
1432.0,F3,7.00,23.4878,23.4480,23.5592,0.3282,6.6718,1.0000,1,20.1130
1433.0,F3,7.00,23.4848,23.4488,23.5555,0.3245,6.6755,1.0000,1,20.1130
1434.0,F3,7.00,23.4869,23.4480,23.5559,0.3249,6.6751,1.0000,1,20.1130
1435.0,F3,7.00,23.4886,23.4437,23.5547,0.3237,6.6763,1.0000,1,20.1130
1436.0,F3,7.00,23.4828,23.4460,23.5547,0.3237,6.6763,1.0000,1,20.1130
1437.0,F3,7.00,23.4812,23.4441,23.5618,0.3308,6.6692,1.0000,1,20.1130
1438.0,F3,7.00,23.4812,23.4492,23.5657,0.3347,6.6653,1.0000,1,20.1130
1439.0,F3,7.00,23.4809,23.4469,23.5596,0.3286,6.6714,1.0000,1,20.1130
1440.0,F3,7.00,23.4811,23.4466,23.5613,0.3303,6.6697,1.0000,1,20.2714
1441.0,F3,7.00,23.4835,23.4477,23.5651,0.3341,6.6659,1.0000,1,20.2714
1442.0,F3,7.00,23.4834,23.4452,23.5605,0.3295,6.6705,1.0000,1,20.2714
1443.0,F3,7.00,23.4792,23.4477,23.5606,0.3296,6.6704,1.0000,1,20.2714
1444.0,F3,7.00,23.4817,23.4474,23.5602,0.3291,6.6709,1.0000,1,20.2714
1445.0,F3,7.00,23.4839,23.4474,23.5608,0.3298,6.6702,1.0000,1,20.2714
1446.0,F3,7.00,23.4855,23.4450,23.5570,0.3260,6.6740,1.0000,1,20.2714
1447.0,F3,7.00,23.4858,23.4485,23.5559,0.3249,6.6751,1.0000,1,20.2714
1448.0,F3,7.00,23.4814,23.4469,23.5531,0.3221,6.6779,1.0000,1,20.2714
1449.0,F3,7.00,23.4847,23.4516,23.5560,0.3250,6.6750,1.0000,1,20.2714
1450.0,F3,7.00,23.4847,23.4471,23.5533,0.3223,6.6777,1.0000,1,20.4300
1451.0,F3,7.00,23.4844,23.4468,23.5523,0.3213,6.6787,1.0000,1,20.4300
1452.0,F3,7.00,23.4839,23.4467,23.5485,0.3175,6.6825,1.0000,1,20.4300
1453.0,F3,7.00,23.4864,23.4490,23.5493,0.3183,6.6817,1.0000,1,20.4300
1454.0,F3,7.00,23.4878,23.4473,23.5474,0.3164,6.6836,1.0000,1,20.4300
1455.0,F3,7.00,23.4836,23.4467,23.5457,0.3147,6.6853,1.0000,1,20.4300
1456.0,F3,7.00,23.4819,23.4445,23.5458,0.3148,6.6852,1.0000,1,20.4300
1457.0,F3,7.00,23.4828,23.4450,23.5463,0.3153,6.6847,1.0000,1,20.4300
1458.0,F3,7.00,23.4797,23.4462,23.5468,0.3158,6.6842,1.0000,1,20.4300
1459.0,F3,7.00,23.4838,23.4445,23.5485,0.3175,6.6825,1.0000,1,20.4300
1460.0,F3,7.00,23.4830,23.4450,23.5523,0.3213,6.6787,1.0000,1,20.5886
1461.0,F3,7.00,23.4825,23.4422,23.5581,0.3271,6.6729,1.0000,1,20.5886
1462.0,F3,7.00,23.4816,23.4420,23.5581,0.3271,6.6729,1.0000,1,20.5886
1463.0,F3,7.00,23.4822,23.4438,23.5576,0.3266,6.6734,1.0000,1,20.5886
1464.0,F3,7.00,23.4823,23.4444,23.5591,0.3281,6.6719,1.0000,1,20.5886
1465.0,F3,7.00,23.4816,23.4455,23.5564,0.3254,6.6746,1.0000,1,20.5886
1466.0,F3,7.00,23.4865,23.4435,23.5553,0.3243,6.6757,1.0000,1,20.5886
1467.0,F3,7.00,23.4833,23.4462,23.5569,0.3259,6.6741,1.0000,1,20.5886
1468.0,F3,7.00,23.4879,23.4460,23.5556,0.3246,6.6754,1.0000,1,20.5886
1469.0,F3,7.00,23.4858,23.4482,23.5524,0.3214,6.6786,1.0000,1,20.5886
1470.0,F3,7.00,23.4864,23.4461,23.5531,0.3221,6.6779,1.0000,1,20.7472
1471.0,F3,7.00,23.4899,23.4481,23.5476,0.3166,6.6834,1.0000,1,20.7472
1472.0,F3,7.00,23.4860,23.4454,23.5495,0.3185,6.6815,1.0000,1,20.7472
1473.0,F3,7.00,23.4883,23.4457,23.5492,0.3182,6.6818,1.0000,1,20.7472
1474.0,F3,7.00,23.4880,23.4460,23.5483,0.3173,6.6827,1.0000,1,20.7472
1475.0,F3,7.00,23.4867,23.4474,23.5490,0.3180,6.6820,1.0000,1,20.7472
1476.0,F3,7.00,23.4914,23.4474,23.5465,0.3155,6.6845,1.0000,1,20.7472
1477.0,F3,7.00,23.4912,23.4462,23.5466,0.3156,6.6844,1.0000,1,20.7472
1478.0,F3,7.00,23.4907,23.4474,23.5442,0.3132,6.6868,1.0000,1,20.7472
1479.0,F3,7.00,23.4898,23.4480,23.5435,0.3125,6.6875,1.0000,1,20.7472
1480.0,F3,7.00,23.4867,23.4488,23.5424,0.3114,6.6886,1.0000,1,20.9060
1481.0,F3,7.00,23.4852,23.4497,23.5444,0.3134,6.6866,1.0000,1,20.9060
1482.0,F3,7.00,23.4875,23.4494,23.5431,0.3121,6.6879,1.0000,1,20.9060
1483.0,F3,7.00,23.4874,23.4488,23.5396,0.3086,6.6914,1.0000,1,20.9060
1484.0,F3,7.00,23.4883,23.4474,23.5395,0.3085,6.6915,1.0000,1,20.9060
1485.0,F3,7.00,23.4840,23.4460,23.5386,0.3076,6.6924,1.0000,1,20.9060
1486.0,F3,7.00,23.4846,23.4462,23.5363,0.3053,6.6947,1.0000,1,20.9060
1487.0,F3,7.00,23.4799,23.4420,23.5367,0.3057,6.6943,1.0000,1,20.9060
1488.0,F3,7.00,23.4858,23.4450,23.5351,0.3041,6.6959,1.0000,1,20.9060
1489.0,F3,7.00,23.4805,23.4427,23.5328,0.3018,6.6982,1.0000,1,20.9060
1490.0,F3,7.00,23.4789,23.4386,23.5305,0.2995,6.7005,1.0000,1,21.0652
# F3,method=9,r=7.00,t_phase=480,e_ss=6.680,IAE=3246.13,ISE=21956.74,TV=0.000,n_on=0,n_h=0.0,t5=not_reached,c_p=-6.662,c_pp=0.248,E=921.6
# END
