# START,method=2,KR=0.0000,TI=0.0,KI=0.00000,H=0.50,L=0.0,DELTA_T=16.60,T_P=307,CTRL_CH=2,T_amb=22.082
t_s,phase,r,T1,T2,T3,c,e,u,heater,I_term
0.0,AP,5.00,25.5487,25.3825,25.5869,3.5049,1.4951,0.6002,1,0.0000
1.0,AP,5.00,25.5401,25.3766,25.5768,3.4948,1.5052,0.6002,1,0.0000
2.0,AP,5.00,25.5350,25.3708,25.5761,3.4941,1.5059,0.6002,0,0.0000
3.0,AP,5.00,25.5295,25.3661,25.5685,3.4865,1.5135,0.6002,0,0.0000
4.0,AP,5.00,25.5335,25.3587,25.5617,3.4797,1.5203,0.6002,0,0.0000
5.0,AP,5.00,25.5367,25.3507,25.5550,3.4730,1.5270,0.6002,0,0.0000
6.0,AP,5.00,25.5398,25.3472,25.5499,3.4679,1.5321,0.6002,0,0.0000
7.0,AP,5.00,25.5529,25.3424,25.5429,3.4609,1.5391,0.6002,0,0.0000
8.0,AP,5.00,25.5680,25.3394,25.5368,3.4548,1.5452,0.6002,0,0.0000
9.0,AP,5.00,25.5871,25.3333,25.5296,3.4476,1.5524,0.6002,0,0.0000
10.0,AP,5.00,25.6136,25.3252,25.5193,3.4373,1.5627,0.6138,0,0.0000
11.0,AP,5.00,25.6364,25.3221,25.5077,3.4257,1.5743,0.6138,0,0.0000
12.0,AP,5.00,25.6651,25.3115,25.4976,3.4156,1.5844,0.6138,0,0.0000
13.0,AP,5.00,25.6915,25.3115,25.4856,3.4036,1.5964,0.6138,0,0.0000
14.0,AP,5.00,25.7262,25.3080,25.4768,3.3948,1.6052,0.6138,0,0.0000
15.0,AP,5.00,25.7662,25.3051,25.4716,3.3896,1.6104,0.6138,0,0.0000
16.0,AP,5.00,25.8050,25.3093,25.4582,3.3762,1.6238,0.6138,0,0.0000
17.0,AP,5.00,25.8351,25.3082,25.4657,3.3837,1.6163,0.6138,0,0.0000
18.0,AP,5.00,25.8751,25.3101,25.4564,3.3744,1.6256,0.6138,0,0.0000
19.0,AP,5.00,25.9178,25.3123,25.4523,3.3703,1.6297,0.6138,0,0.0000
20.0,AP,5.00,25.9427,25.3141,25.4404,3.3584,1.6416,0.6295,0,0.0000
21.0,AP,5.00,25.9791,25.3166,25.4359,3.3539,1.6461,0.6295,0,0.0000
22.0,AP,5.00,26.0200,25.3247,25.4292,3.3472,1.6528,0.6295,0,0.0000
23.0,AP,5.00,26.0622,25.3306,25.4304,3.3484,1.6516,0.6295,0,0.0000
24.0,AP,5.00,26.1060,25.3419,25.4269,3.3449,1.6551,0.6295,0,0.0000
25.0,AP,5.00,26.1491,25.3520,25.4254,3.3434,1.6566,0.6295,0,0.0000
26.0,AP,5.00,26.1932,25.3671,25.4341,3.3521,1.6479,0.6295,0,0.0000
27.0,AP,5.00,26.2293,25.3735,25.4370,3.3550,1.6450,0.6295,0,0.0000
28.0,AP,5.00,26.2682,25.3887,25.4353,3.3533,1.6467,0.6295,0,0.0000
29.0,AP,5.00,26.3002,25.3964,25.4324,3.3504,1.6496,0.6295,0,0.0000
30.0,AP,5.00,26.3387,25.4115,25.4328,3.3508,1.6492,0.6310,0,0.0000
31.0,AP,5.00,26.3775,25.4213,25.4367,3.3547,1.6453,0.6310,0,0.0000
32.0,AP,5.00,26.4176,25.4338,25.4421,3.3601,1.6399,0.6310,0,0.0000
33.0,AP,5.00,26.4602,25.4495,25.4442,3.3622,1.6378,0.6310,0,0.0000
34.0,AP,5.00,26.4938,25.4642,25.4491,3.3671,1.6329,0.6310,0,0.0000
35.0,AP,5.00,26.5425,25.4804,25.4599,3.3779,1.6221,0.6310,0,0.0000
36.0,AP,5.00,26.5873,25.4992,25.4654,3.3834,1.6166,0.6310,0,0.0000
37.0,AP,5.00,26.6282,25.5186,25.4678,3.3858,1.6142,0.6310,0,0.0000
38.0,AP,5.00,26.6756,25.5373,25.4742,3.3922,1.6078,0.6310,0,0.0000
39.0,AP,5.00,26.7203,25.5587,25.4868,3.4048,1.5952,0.6310,0,0.0000
40.0,AP,5.00,26.7578,25.5767,25.4935,3.4115,1.5885,0.6189,0,0.0000
41.0,AP,5.00,26.7991,25.6020,25.5032,3.4212,1.5788,0.6189,0,0.0000
42.0,AP,5.00,26.8404,25.6182,25.5090,3.4270,1.5730,0.6189,0,0.0000
43.0,AP,5.00,26.8782,25.6365,25.5255,3.4435,1.5565,0.6189,0,0.0000
44.0,AP,5.00,26.9139,25.6568,25.5337,3.4517,1.5483,0.6189,0,0.0000
45.0,AP,5.00,26.9498,25.6696,25.5366,3.4546,1.5454,0.6189,0,0.0000
46.0,AP,5.00,26.9904,25.6951,25.5441,3.4621,1.5379,0.6189,0,0.0000
47.0,AP,5.00,27.0234,25.7115,25.5529,3.4709,1.5291,0.6189,0,0.0000
48.0,AP,5.00,27.0653,25.7255,25.5573,3.4753,1.5247,0.6189,0,0.0000
49.0,AP,5.00,27.0962,25.7397,25.5595,3.4775,1.5225,0.6189,0,0.0000
50.0,AP,5.00,27.1385,25.7615,25.5683,3.4863,1.5137,0.6039,0,0.0000
51.0,AP,5.00,27.1628,25.7737,25.5794,3.4974,1.5026,0.6039,0,0.0000
52.0,AP,5.00,27.1984,25.7916,25.5913,3.5093,1.4907,0.6039,0,0.0000
53.0,AP,5.00,27.2342,25.8089,25.6131,3.5311,1.4689,0.6039,0,0.0000
54.0,AP,5.00,27.2688,25.8303,25.6335,3.5515,1.4485,0.6039,0,0.0000
55.0,AP,5.00,27.3012,25.8499,25.6422,3.5602,1.4398,0.6039,0,0.0000
56.0,AP,5.00,27.3336,25.8714,25.6497,3.5677,1.4323,0.6039,0,0.0000
57.0,AP,5.00,27.3734,25.8863,25.6601,3.5781,1.4219,0.6039,0,0.0000
58.0,AP,5.00,27.4196,25.9117,25.6729,3.5909,1.4091,0.6039,0,0.0000
59.0,AP,5.00,27.4620,25.9325,25.6871,3.6051,1.3949,0.6039,0,0.0000
60.0,AP,5.00,27.4957,25.9541,25.6995,3.6175,1.3825,0.5777,0,0.0000
61.0,AP,5.00,27.5244,25.9774,25.7090,3.6270,1.3730,0.5777,0,0.0000
62.0,AP,5.00,27.5563,25.9980,25.7216,3.6396,1.3604,0.5777,0,0.0000
63.0,AP,5.00,27.5902,26.0148,25.7403,3.6583,1.3417,0.5777,0,0.0000
64.0,AP,5.00,27.6225,26.0402,25.7594,3.6774,1.3226,0.5777,0,0.0000
65.0,AP,5.00,27.6609,26.0613,25.7727,3.6907,1.3093,0.5777,0,0.0000
66.0,AP,5.00,27.6864,26.0825,25.7848,3.7028,1.2972,0.5777,0,0.0000
67.0,AP,5.00,27.7197,26.1057,25.7987,3.7167,1.2833,0.5777,0,0.0000
68.0,AP,5.00,27.7530,26.1250,25.8133,3.7313,1.2687,0.5777,0,0.0000
69.0,AP,5.00,27.7822,26.1519,25.8277,3.7457,1.2543,0.5777,0,0.0000
70.0,AP,5.00,27.8185,26.1741,25.8457,3.7637,1.2363,0.5485,0,0.0000
71.0,AP,5.00,27.8446,26.1962,25.8685,3.7865,1.2135,0.5485,0,0.0000
72.0,AP,5.00,27.8768,26.2218,25.8846,3.8026,1.1974,0.5485,0,0.0000
73.0,AP,5.00,27.9151,26.2483,25.9034,3.8214,1.1786,0.5485,0,0.0000
74.0,AP,5.00,27.9450,26.2660,25.9319,3.8499,1.1501,0.5485,0,0.0000
75.0,AP,5.00,27.9723,26.2888,25.9604,3.8784,1.1216,0.5485,0,0.0000
76.0,AP,5.00,27.9982,26.3202,25.9792,3.8972,1.1028,0.5485,0,0.0000
77.0,AP,5.00,28.0204,26.3394,26.0026,3.9206,1.0794,0.5485,0,0.0000
78.0,AP,5.00,28.0446,26.3600,26.0234,3.9414,1.0586,0.5485,0,0.0000
79.0,AP,5.00,28.0547,26.3748,26.0377,3.9557,1.0443,0.5485,0,0.0000
80.0,AP,5.00,28.0697,26.3890,26.0460,3.9640,1.0360,0.5084,0,0.0000
81.0,AP,5.00,28.0868,26.4009,26.0551,3.9731,1.0269,0.5084,0,0.0000
82.0,AP,5.00,28.1008,26.4175,26.0618,3.9798,1.0202,0.5084,0,0.0000
83.0,AP,5.00,28.1215,26.4320,26.0727,3.9907,1.0093,0.5084,0,0.0000
84.0,AP,5.00,28.1358,26.4503,26.0882,4.0062,0.9938,0.5084,0,0.0000
85.0,AP,5.00,28.1579,26.4639,26.1023,4.0203,0.9797,0.5084,0,0.0000
86.0,AP,5.00,28.1900,26.4870,26.1248,4.0428,0.9572,0.5084,0,0.0000
87.0,AP,5.00,28.2228,26.5169,26.1493,4.0673,0.9327,0.5084,0,0.0000
88.0,AP,5.00,28.2524,26.5423,26.1740,4.0920,0.9080,0.5084,0,0.0000
89.0,AP,5.00,28.2794,26.5648,26.1968,4.1148,0.8852,0.5084,0,0.0000
90.0,AP,5.00,28.2996,26.5918,26.2082,4.1262,0.8738,0.4760,0,0.0000
91.0,AP,5.00,28.3325,26.6074,26.2141,4.1321,0.8679,0.4760,0,0.0000
92.0,AP,5.00,28.3538,26.6261,26.2273,4.1453,0.8547,0.4760,0,0.0000
93.0,AP,5.00,28.3739,26.6398,26.2446,4.1626,0.8374,0.4760,0,0.0000
94.0,AP,5.00,28.3922,26.6582,26.2627,4.1807,0.8193,0.4760,0,0.0000
95.0,AP,5.00,28.4112,26.6815,26.2837,4.2017,0.7983,0.4760,0,0.0000
96.0,AP,5.00,28.4364,26.7019,26.3033,4.2213,0.7787,0.4760,0,0.0000
97.0,AP,5.00,28.4566,26.7205,26.3219,4.2399,0.7601,0.4760,0,0.0000
98.0,AP,5.00,28.4720,26.7437,26.3387,4.2567,0.7433,0.4760,0,0.0000
99.0,AP,5.00,28.4935,26.7631,26.3595,4.2775,0.7225,0.4760,0,0.0000
100.0,AP,5.00,28.5110,26.7829,26.3815,4.2995,0.7005,0.4413,0,0.0000
101.0,AP,5.00,28.5183,26.7921,26.4009,4.3189,0.6811,0.4413,0,0.0000
102.0,AP,5.00,28.5277,26.8106,26.4220,4.3400,0.6600,0.4413,0,0.0000
103.0,AP,5.00,28.5331,26.8218,26.4363,4.3543,0.6457,0.4413,0,0.0000
104.0,AP,5.00,28.5395,26.8374,26.4565,4.3745,0.6255,0.4413,0,0.0000
105.0,AP,5.00,28.5564,26.8531,26.4730,4.3910,0.6090,0.4413,0,0.0000
106.0,AP,5.00,28.5726,26.8745,26.4917,4.4097,0.5903,0.4413,0,0.0000
107.0,AP,5.00,28.6007,26.8969,26.5128,4.4308,0.5692,0.4413,0,0.0000
108.0,AP,5.00,28.6198,26.9159,26.5351,4.4531,0.5469,0.4413,0,0.0000
109.0,AP,5.00,28.6414,26.9345,26.5536,4.4716,0.5284,0.4413,0,0.0000
110.0,AP,5.00,28.6478,26.9513,26.5724,4.4904,0.5096,0.4031,0,0.0000
111.0,AP,5.00,28.6492,26.9682,26.5929,4.5109,0.4891,0.4031,0,0.0000
112.0,AP,5.00,28.6662,26.9904,26.6238,4.5418,0.4582,0.4031,0,0.0000
113.0,AP,5.00,28.6800,27.0088,26.6464,4.5644,0.4356,0.4031,0,0.0000
114.0,AP,5.00,28.6952,27.0302,26.6684,4.5864,0.4136,0.4031,0,0.0000
115.0,AP,5.00,28.7025,27.0483,26.6870,4.6050,0.3950,0.4031,0,0.0000
116.0,AP,5.00,28.7159,27.0701,26.7093,4.6273,0.3727,0.4031,0,0.0000
117.0,AP,5.00,28.7220,27.0833,26.7252,4.6432,0.3568,0.4031,0,0.0000
118.0,AP,5.00,28.7307,27.1031,26.7462,4.6642,0.3358,0.4031,0,0.0000
119.0,AP,5.00,28.7495,27.1240,26.7654,4.6834,0.3166,0.4031,0,0.0000
120.0,AP,5.00,28.7654,27.1452,26.7895,4.7075,0.2925,0.3597,0,0.0000
121.0,AP,5.00,28.7741,27.1569,26.8034,4.7214,0.2786,0.3597,0,0.0000
122.0,AP,5.00,28.7716,27.1639,26.8177,4.7357,0.2643,0.3597,0,0.0000
123.0,AP,5.00,28.7745,27.1725,26.8257,4.7437,0.2563,0.3597,0,0.0000
124.0,AP,5.00,28.7856,27.1912,26.8394,4.7574,0.2426,0.3597,0,0.0000
125.0,AP,5.00,28.7924,27.1978,26.8542,4.7722,0.2278,0.3597,0,0.0000
126.0,AP,5.00,28.7914,27.2025,26.8686,4.7866,0.2134,0.3597,0,0.0000
127.0,AP,5.00,28.7932,27.2137,26.8826,4.8006,0.1994,0.3597,0,0.0000
128.0,AP,5.00,28.8009,27.2314,26.8986,4.8166,0.1834,0.3597,0,0.0000
129.0,AP,5.00,28.8001,27.2407,26.9168,4.8348,0.1652,0.3597,0,0.0000
# APPROACH done at t_s=130
130.0,F0,5.00,28.8091,27.2445,26.9263,4.8443,0.1557,0.3323,0,0.0000
131.0,F0,5.00,28.8115,27.2515,26.9339,4.8519,0.1481,0.3323,0,0.0000
132.0,F0,5.00,28.8042,27.2579,26.9483,4.8663,0.1337,0.3323,0,0.0000
133.0,F0,5.00,28.8038,27.2724,26.9658,4.8838,0.1162,0.3323,0,0.0000
134.0,F0,5.00,28.8021,27.2794,26.9829,4.9009,0.0991,0.3323,0,0.0000
135.0,F0,5.00,28.8079,27.2881,26.9954,4.9134,0.0866,0.3323,0,0.0000
136.0,F0,5.00,28.8239,27.3036,27.0121,4.9301,0.0699,0.3323,0,0.0000
137.0,F0,5.00,28.8383,27.3190,27.0305,4.9485,0.0515,0.3323,0,0.0000
138.0,F0,5.00,28.8430,27.3359,27.0415,4.9595,0.0405,0.3323,0,0.0000
139.0,F0,5.00,28.8484,27.3466,27.0573,4.9753,0.0247,0.3323,0,0.0000
140.0,F0,5.00,28.8586,27.3609,27.0750,4.9930,0.0070,0.3026,0,0.0000
141.0,F0,5.00,28.8769,27.3780,27.0874,5.0054,-0.0054,0.3026,0,0.0000
142.0,F0,5.00,28.8930,27.3950,27.1041,5.0221,-0.0221,0.3026,0,0.0000
143.0,F0,5.00,28.9092,27.4218,27.1204,5.0384,-0.0384,0.3026,0,0.0000
144.0,F0,5.00,28.9201,27.4326,27.1344,5.0524,-0.0524,0.3026,0,0.0000
145.0,F0,5.00,28.9256,27.4460,27.1493,5.0673,-0.0673,0.3026,0,0.0000
146.0,F0,5.00,28.9316,27.4514,27.1614,5.0794,-0.0794,0.3026,0,0.0000
147.0,F0,5.00,28.9268,27.4539,27.1729,5.0909,-0.0909,0.3026,0,0.0000
148.0,F0,5.00,28.9235,27.4517,27.1801,5.0981,-0.0981,0.3026,0,0.0000
149.0,F0,5.00,28.9056,27.4519,27.1876,5.1056,-0.1056,0.3026,0,0.0000
150.0,F0,5.00,28.8978,27.4536,27.1987,5.1167,-0.1167,0.2779,0,0.0000
151.0,F0,5.00,28.8942,27.4604,27.2106,5.1286,-0.1286,0.2779,0,0.0000
152.0,F0,5.00,28.8848,27.4697,27.2223,5.1403,-0.1403,0.2779,0,0.0000
153.0,F0,5.00,28.8863,27.4789,27.2319,5.1499,-0.1499,0.2779,0,0.0000
154.0,F0,5.00,28.8947,27.4883,27.2472,5.1652,-0.1652,0.2779,0,0.0000
155.0,F0,5.00,28.9011,27.5020,27.2589,5.1768,-0.1768,0.2779,0,0.0000
156.0,F0,5.00,28.9105,27.5144,27.2700,5.1880,-0.1880,0.2779,1,0.0000
157.0,F0,5.00,28.9099,27.5226,27.2724,5.1904,-0.1904,0.2779,1,0.0000
158.0,F0,5.00,28.9045,27.5299,27.2809,5.1989,-0.1989,0.2779,1,0.0000
159.0,F0,5.00,28.9040,27.5382,27.2904,5.2084,-0.2084,0.2779,1,0.0000
160.0,F0,5.00,28.9033,27.5483,27.3087,5.2267,-0.2267,0.2559,1,0.0000
161.0,F0,5.00,28.9098,27.5579,27.3172,5.2352,-0.2352,0.2559,1,0.0000
162.0,F0,5.00,28.9030,27.5660,27.3276,5.2456,-0.2456,0.2559,1,0.0000
163.0,F0,5.00,28.8986,27.5663,27.3368,5.2548,-0.2548,0.2559,1,0.0000
164.0,F0,5.00,28.8882,27.5663,27.3418,5.2598,-0.2598,0.2559,1,0.0000
165.0,F0,5.00,28.8786,27.5657,27.3399,5.2579,-0.2579,0.2559,1,0.0000
166.0,F0,5.00,28.8612,27.5629,27.3428,5.2608,-0.2608,0.2559,1,0.0000
167.0,F0,5.00,28.8514,27.5639,27.3469,5.2649,-0.2649,0.2559,1,0.0000
168.0,F0,5.00,28.8532,27.5634,27.3510,5.2690,-0.2690,0.2559,1,0.0000
169.0,F0,5.00,28.8507,27.5701,27.3608,5.2788,-0.2788,0.2559,1,0.0000
170.0,F0,5.00,28.8349,27.5718,27.3689,5.2869,-0.2869,0.2438,1,0.0000
171.0,F0,5.00,28.8228,27.5737,27.3773,5.2953,-0.2953,0.2438,1,0.0000
172.0,F0,5.00,28.8111,27.5722,27.3882,5.3062,-0.3062,0.2438,1,0.0000
173.0,F0,5.00,28.8026,27.5739,27.3956,5.3136,-0.3136,0.2438,1,0.0000
174.0,F0,5.00,28.7884,27.5732,27.3987,5.3167,-0.3167,0.2438,1,0.0000
175.0,F0,5.00,28.7811,27.5758,27.4079,5.3259,-0.3259,0.2438,1,0.0000
176.0,F0,5.00,28.7733,27.5663,27.4141,5.3321,-0.3321,0.2438,1,0.0000
177.0,F0,5.00,28.7661,27.5664,27.4221,5.3401,-0.3401,0.2438,1,0.0000
178.0,F0,5.00,28.7670,27.5706,27.4297,5.3477,-0.3477,0.2438,1,0.0000
179.0,F0,5.00,28.7611,27.5758,27.4392,5.3572,-0.3572,0.2438,1,0.0000
180.0,F0,5.00,28.7667,27.5772,27.4462,5.3642,-0.3642,0.2284,1,0.0000
181.0,F0,5.00,28.7652,27.5855,27.4572,5.3752,-0.3752,0.2284,1,0.0000
182.0,F0,5.00,28.7616,27.5880,27.4639,5.3819,-0.3819,0.2284,1,0.0000
183.0,F0,5.00,28.7559,27.5949,27.4691,5.3871,-0.3871,0.2284,1,0.0000
184.0,F0,5.00,28.7602,27.6054,27.4760,5.3940,-0.3940,0.2284,1,0.0000
185.0,F0,5.00,28.7682,27.6143,27.4836,5.4016,-0.4016,0.2284,1,0.0000
186.0,F0,5.00,28.7770,27.6298,27.4932,5.4112,-0.4112,0.2284,1,0.0000
187.0,F0,5.00,28.7873,27.6360,27.5025,5.4205,-0.4205,0.2284,1,0.0000
188.0,F0,5.00,28.7943,27.6472,27.5087,5.4267,-0.4267,0.2284,1,0.0000
189.0,F0,5.00,28.8045,27.6510,27.5178,5.4358,-0.4358,0.2284,1,0.0000
190.0,F0,5.00,28.8078,27.6601,27.5261,5.4441,-0.4441,0.2124,1,0.0000
191.0,F0,5.00,28.8130,27.6661,27.5327,5.4507,-0.4507,0.2124,1,0.0000
192.0,F0,5.00,28.8107,27.6651,27.5348,5.4528,-0.4528,0.2124,1,0.0000
193.0,F0,5.00,28.8065,27.6692,27.5415,5.4595,-0.4595,0.2124,1,0.0000
194.0,F0,5.00,28.7990,27.6685,27.5482,5.4662,-0.4662,0.2124,1,0.0000
195.0,F0,5.00,28.7877,27.6700,27.5537,5.4717,-0.4717,0.2124,1,0.0000
196.0,F0,5.00,28.7728,27.6689,27.5514,5.4694,-0.4694,0.2124,1,0.0000
197.0,F0,5.00,28.7674,27.6656,27.5542,5.4722,-0.4722,0.2124,1,0.0000
198.0,F0,5.00,28.7570,27.6569,27.5583,5.4763,-0.4763,0.2124,1,0.0000
199.0,F0,5.00,28.7411,27.6526,27.5665,5.4845,-0.4845,0.2124,1,0.0000
200.0,F0,5.00,28.7335,27.6475,27.5719,5.4899,-0.4899,0.2032,1,0.0000
201.0,F0,5.00,28.7308,27.6515,27.5774,5.4954,-0.4954,0.2032,1,0.0000
202.0,F0,5.00,28.7365,27.6618,27.5802,5.4982,-0.4982,0.2032,1,0.0000
203.0,F0,5.00,28.7383,27.6653,27.5819,5.4999,-0.4999,0.2032,1,0.0000
204.0,F0,5.00,28.7394,27.6662,27.5872,5.5052,-0.5052,0.2032,0,0.0000
205.0,F0,5.00,28.7397,27.6695,27.5930,5.5110,-0.5110,0.2032,0,0.0000
206.0,F0,5.00,28.7292,27.6667,27.6004,5.5184,-0.5184,0.2032,0,0.0000
207.0,F0,5.00,28.7224,27.6664,27.6059,5.5239,-0.5239,0.2032,0,0.0000
208.0,F0,5.00,28.7225,27.6700,27.6078,5.5258,-0.5258,0.2032,0,0.0000
209.0,F0,5.00,28.7102,27.6662,27.6114,5.5294,-0.5294,0.2032,0,0.0000
210.0,F0,5.00,28.6925,27.6584,27.6114,5.5294,-0.5294,0.1953,0,0.0000
211.0,F0,5.00,28.6761,27.6500,27.6048,5.5228,-0.5228,0.1953,0,0.0000
212.0,F0,5.00,28.6657,27.6407,27.5935,5.5115,-0.5115,0.1953,0,0.0000
213.0,F0,5.00,28.6533,27.6349,27.5848,5.5028,-0.5028,0.1953,0,0.0000
214.0,F0,5.00,28.6315,27.6211,27.5838,5.5018,-0.5018,0.1953,0,0.0000
215.0,F0,5.00,28.6113,27.6064,27.5865,5.5045,-0.5045,0.1953,0,0.0000
216.0,F0,5.00,28.5917,27.6019,27.5794,5.4974,-0.4974,0.1953,0,0.0000
217.0,F0,5.00,28.5662,27.5919,27.5698,5.4878,-0.4878,0.1953,0,0.0000
218.0,F0,5.00,28.5441,27.5793,27.5609,5.4789,-0.4789,0.1953,0,0.0000
219.0,F0,5.00,28.5165,27.5677,27.5542,5.4722,-0.4722,0.1953,0,0.0000
220.0,F0,5.00,28.4944,27.5538,27.5445,5.4625,-0.4625,0.2087,0,0.0000
221.0,F0,5.00,28.4809,27.5431,27.5444,5.4624,-0.4624,0.2087,0,0.0000
222.0,F0,5.00,28.4697,27.5401,27.5425,5.4605,-0.4605,0.2087,0,0.0000
223.0,F0,5.00,28.4679,27.5360,27.5398,5.4578,-0.4578,0.2087,0,0.0000
224.0,F0,5.00,28.4595,27.5359,27.5371,5.4551,-0.4551,0.2087,0,0.0000
225.0,F0,5.00,28.4515,27.5295,27.5343,5.4523,-0.4523,0.2087,0,0.0000
226.0,F0,5.00,28.4520,27.5272,27.5373,5.4553,-0.4553,0.2087,0,0.0000
227.0,F0,5.00,28.4411,27.5229,27.5380,5.4560,-0.4560,0.2087,0,0.0000
228.0,F0,5.00,28.4301,27.5166,27.5399,5.4579,-0.4579,0.2087,0,0.0000
229.0,F0,5.00,28.4205,27.5143,27.5405,5.4585,-0.4585,0.2087,0,0.0000
230.0,F0,5.00,28.4173,27.5162,27.5421,5.4601,-0.4601,0.2092,0,0.0000
231.0,F0,5.00,28.4194,27.5164,27.5439,5.4619,-0.4619,0.2092,0,0.0000
232.0,F0,5.00,28.4200,27.5126,27.5384,5.4564,-0.4564,0.2092,0,0.0000
233.0,F0,5.00,28.4250,27.5154,27.5389,5.4569,-0.4569,0.2092,0,0.0000
234.0,F0,5.00,28.4210,27.5090,27.5357,5.4537,-0.4537,0.2092,0,0.0000
235.0,F0,5.00,28.4181,27.5069,27.5370,5.4550,-0.4550,0.2092,0,0.0000
236.0,F0,5.00,28.4111,27.5061,27.5372,5.4552,-0.4552,0.2092,0,0.0000
237.0,F0,5.00,28.4003,27.5032,27.5278,5.4458,-0.4458,0.2092,0,0.0000
238.0,F0,5.00,28.4019,27.5056,27.5293,5.4473,-0.4473,0.2092,0,0.0000
239.0,F0,5.00,28.3987,27.5004,27.5340,5.4520,-0.4520,0.2092,0,0.0000
240.0,F0,5.00,28.3959,27.5014,27.5334,5.4514,-0.4514,0.2109,0,0.0000
241.0,F0,5.00,28.3912,27.5019,27.5340,5.4520,-0.4520,0.2109,0,0.0000
242.0,F0,5.00,28.4001,27.5048,27.5303,5.4483,-0.4483,0.2109,0,0.0000
243.0,F0,5.00,28.4018,27.5031,27.5277,5.4457,-0.4457,0.2109,0,0.0000
244.0,F0,5.00,28.4001,27.4992,27.5198,5.4378,-0.4378,0.2109,0,0.0000
245.0,F0,5.00,28.3989,27.4935,27.5106,5.4286,-0.4286,0.2109,0,0.0000
246.0,F0,5.00,28.4008,27.4879,27.5081,5.4261,-0.4261,0.2109,0,0.0000
247.0,F0,5.00,28.4037,27.4914,27.5106,5.4286,-0.4286,0.2109,0,0.0000
248.0,F0,5.00,28.4092,27.4943,27.5126,5.4306,-0.4306,0.2109,0,0.0000
249.0,F0,5.00,28.4145,27.4992,27.5113,5.4293,-0.4293,0.2109,0,0.0000
250.0,F0,5.00,28.4175,27.5074,27.5135,5.4315,-0.4315,0.2149,0,0.0000
251.0,F0,5.00,28.4142,27.5089,27.5224,5.4404,-0.4404,0.2149,0,0.0000
252.0,F0,5.00,28.3986,27.4991,27.5162,5.4342,-0.4342,0.2149,0,0.0000
253.0,F0,5.00,28.3912,27.4982,27.5139,5.4319,-0.4319,0.2149,0,0.0000
254.0,F0,5.00,28.3865,27.4987,27.5160,5.4340,-0.4340,0.2149,0,0.0000
255.0,F0,5.00,28.3981,27.5057,27.5179,5.4359,-0.4359,0.2149,0,0.0000
256.0,F0,5.00,28.3945,27.5098,27.5178,5.4358,-0.4358,0.2149,0,0.0000
257.0,F0,5.00,28.3913,27.5005,27.5124,5.4304,-0.4304,0.2149,0,0.0000
258.0,F0,5.00,28.3865,27.4969,27.5141,5.4321,-0.4321,0.2149,0,0.0000
259.0,F0,5.00,28.3767,27.4928,27.5089,5.4269,-0.4269,0.2149,0,0.0000
260.0,F0,5.00,28.3630,27.4878,27.5076,5.4256,-0.4256,0.2161,0,0.0000
261.0,F0,5.00,28.3575,27.4872,27.5097,5.4277,-0.4277,0.2161,0,0.0000
262.0,F0,5.00,28.3624,27.4889,27.5115,5.4295,-0.4295,0.2161,0,0.0000
263.0,F0,5.00,28.3610,27.4934,27.5095,5.4275,-0.4275,0.2161,0,0.0000
264.0,F0,5.00,28.3589,27.4884,27.5077,5.4257,-0.4257,0.2161,0,0.0000
265.0,F0,5.00,28.3551,27.4864,27.5020,5.4200,-0.4200,0.2161,0,0.0000
266.0,F0,5.00,28.3451,27.4762,27.4906,5.4086,-0.4086,0.2161,0,0.0000
267.0,F0,5.00,28.3387,27.4712,27.4817,5.3997,-0.3997,0.2161,0,0.0000
268.0,F0,5.00,28.3368,27.4626,27.4781,5.3961,-0.3961,0.2161,0,0.0000
269.0,F0,5.00,28.3388,27.4568,27.4698,5.3878,-0.3878,0.2161,0,0.0000
270.0,F0,5.00,28.3274,27.4510,27.4664,5.3844,-0.3844,0.2243,0,0.0000
271.0,F0,5.00,28.3163,27.4442,27.4581,5.3761,-0.3761,0.2243,0,0.0000
272.0,F0,5.00,28.3065,27.4339,27.4569,5.3749,-0.3749,0.2243,0,0.0000
273.0,F0,5.00,28.2954,27.4209,27.4513,5.3693,-0.3693,0.2243,0,0.0000
274.0,F0,5.00,28.2928,27.4149,27.4471,5.3651,-0.3651,0.2243,0,0.0000
275.0,F0,5.00,28.2930,27.4149,27.4400,5.3580,-0.3580,0.2243,0,0.0000
276.0,F0,5.00,28.2891,27.4105,27.4414,5.3594,-0.3594,0.2243,0,0.0000
277.0,F0,5.00,28.2929,27.4150,27.4393,5.3573,-0.3573,0.2243,0,0.0000
278.0,F0,5.00,28.2940,27.4117,27.4353,5.3533,-0.3533,0.2243,0,0.0000
279.0,F0,5.00,28.2952,27.4073,27.4341,5.3521,-0.3521,0.2243,0,0.0000
280.0,F0,5.00,28.2909,27.4034,27.4291,5.3471,-0.3471,0.2318,0,0.0000
281.0,F0,5.00,28.2879,27.3941,27.4229,5.3409,-0.3409,0.2318,0,0.0000
282.0,F0,5.00,28.2750,27.3921,27.4201,5.3381,-0.3381,0.2318,0,0.0000
283.0,F0,5.00,28.2680,27.3847,27.4148,5.3328,-0.3328,0.2318,0,0.0000
284.0,F0,5.00,28.2645,27.3836,27.4053,5.3233,-0.3233,0.2318,0,0.0000
285.0,F0,5.00,28.2641,27.3745,27.3960,5.3140,-0.3140,0.2318,0,0.0000
286.0,F0,5.00,28.2627,27.3764,27.3927,5.3107,-0.3107,0.2318,0,0.0000
287.0,F0,5.00,28.2574,27.3727,27.3883,5.3063,-0.3063,0.2318,0,0.0000
288.0,F0,5.00,28.2554,27.3692,27.3777,5.2957,-0.2957,0.2318,0,0.0000
289.0,F0,5.00,28.2502,27.3654,27.3766,5.2946,-0.2946,0.2318,0,0.0000
290.0,F0,5.00,28.2528,27.3591,27.3687,5.2867,-0.2867,0.2439,0,0.0000
291.0,F0,5.00,28.2486,27.3509,27.3659,5.2839,-0.2839,0.2439,0,0.0000
292.0,F0,5.00,28.2359,27.3371,27.3607,5.2787,-0.2787,0.2439,0,0.0000
293.0,F0,5.00,28.2254,27.3300,27.3541,5.2721,-0.2721,0.2439,0,0.0000
294.0,F0,5.00,28.2179,27.3192,27.3540,5.2720,-0.2720,0.2439,0,0.0000
295.0,F0,5.00,28.2048,27.3126,27.3526,5.2706,-0.2706,0.2439,0,0.0000
296.0,F0,5.00,28.1932,27.3071,27.3470,5.2650,-0.2650,0.2439,0,0.0000
297.0,F0,5.00,28.1874,27.3068,27.3405,5.2585,-0.2585,0.2439,0,0.0000
298.0,F0,5.00,28.1902,27.3042,27.3420,5.2600,-0.2600,0.2439,0,0.0000
299.0,F0,5.00,28.1991,27.3048,27.3420,5.2600,-0.2600,0.2439,0,0.0000
300.0,F0,5.00,28.2155,27.3123,27.3512,5.2692,-0.2692,0.2474,0,0.0000
301.0,F0,5.00,28.2237,27.3172,27.3521,5.2701,-0.2701,0.2474,0,0.0000
302.0,F0,5.00,28.2347,27.3197,27.3557,5.2737,-0.2737,0.2474,0,0.0000
303.0,F0,5.00,28.2390,27.3226,27.3537,5.2717,-0.2717,0.2474,0,0.0000
304.0,F0,5.00,28.2362,27.3242,27.3555,5.2735,-0.2735,0.2474,0,0.0000
305.0,F0,5.00,28.2283,27.3178,27.3482,5.2662,-0.2662,0.2474,0,0.0000
306.0,F0,5.00,28.2239,27.3169,27.3426,5.2606,-0.2606,0.2474,0,0.0000
307.0,F0,5.00,28.2188,27.3171,27.3407,5.2587,-0.2587,0.2474,0,0.0000
308.0,F0,5.00,28.2172,27.3146,27.3389,5.2569,-0.2569,0.2474,0,0.0000
309.0,F0,5.00,28.2135,27.3077,27.3300,5.2480,-0.2480,0.2474,0,0.0000
310.0,F0,5.00,28.1950,27.3014,27.3261,5.2441,-0.2441,0.2524,0,0.0000
311.0,F0,5.00,28.1843,27.2925,27.3206,5.2386,-0.2386,0.2524,0,0.0000
312.0,F0,5.00,28.1692,27.2829,27.3159,5.2339,-0.2339,0.2524,0,0.0000
313.0,F0,5.00,28.1569,27.2743,27.3100,5.2280,-0.2280,0.2524,0,0.0000
314.0,F0,5.00,28.1443,27.2643,27.3018,5.2198,-0.2198,0.2524,0,0.0000
315.0,F0,5.00,28.1290,27.2544,27.2953,5.2133,-0.2133,0.2524,0,0.0000
316.0,F0,5.00,28.1237,27.2404,27.2853,5.2033,-0.2033,0.2524,0,0.0000
317.0,F0,5.00,28.1125,27.2342,27.2828,5.2008,-0.2008,0.2524,0,0.0000
318.0,F0,5.00,28.1094,27.2249,27.2820,5.2000,-0.2000,0.2524,0,0.0000
319.0,F0,5.00,28.1077,27.2200,27.2861,5.2041,-0.2041,0.2524,0,0.0000
320.0,F0,5.00,28.1153,27.2226,27.2876,5.2056,-0.2056,0.2601,0,0.0000
321.0,F0,5.00,28.1254,27.2252,27.2906,5.2086,-0.2086,0.2601,0,0.0000
322.0,F0,5.00,28.1335,27.2332,27.2946,5.2126,-0.2126,0.2601,0,0.0000
323.0,F0,5.00,28.1302,27.2412,27.2885,5.2065,-0.2065,0.2601,0,0.0000
324.0,F0,5.00,28.1407,27.2437,27.2908,5.2088,-0.2088,0.2601,0,0.0000
325.0,F0,5.00,28.1487,27.2453,27.2907,5.2087,-0.2087,0.2601,0,0.0000
326.0,F0,5.00,28.1546,27.2452,27.2908,5.2088,-0.2088,0.2601,0,0.0000
327.0,F0,5.00,28.1536,27.2461,27.2815,5.1995,-0.1995,0.2601,0,0.0000
328.0,F0,5.00,28.1481,27.2409,27.2779,5.1959,-0.1959,0.2601,0,0.0000
329.0,F0,5.00,28.1461,27.2356,27.2759,5.1939,-0.1939,0.2601,0,0.0000
330.0,F0,5.00,28.1397,27.2260,27.2681,5.1861,-0.1861,0.2640,0,0.0000
331.0,F0,5.00,28.1291,27.2205,27.2556,5.1736,-0.1736,0.2640,0,0.0000
332.0,F0,5.00,28.1182,27.2112,27.2430,5.1609,-0.1609,0.2640,0,0.0000
333.0,F0,5.00,28.1093,27.2053,27.2374,5.1554,-0.1554,0.2640,0,0.0000
334.0,F0,5.00,28.0984,27.1934,27.2353,5.1533,-0.1533,0.2640,0,0.0000
335.0,F0,5.00,28.0873,27.1849,27.2339,5.1519,-0.1519,0.2640,0,0.0000
336.0,F0,5.00,28.0789,27.1751,27.2271,5.1451,-0.1451,0.2640,0,0.0000
337.0,F0,5.00,28.0801,27.1751,27.2224,5.1404,-0.1404,0.2640,0,0.0000
338.0,F0,5.00,28.0712,27.1731,27.2177,5.1357,-0.1357,0.2640,0,0.0000
339.0,F0,5.00,28.0839,27.1686,27.2131,5.1311,-0.1311,0.2640,0,0.0000
340.0,F0,5.00,28.0953,27.1740,27.2159,5.1339,-0.1339,0.2744,0,0.0000
341.0,F0,5.00,28.1060,27.1811,27.2174,5.1354,-0.1354,0.2744,0,0.0000
342.0,F0,5.00,28.1175,27.1948,27.2198,5.1378,-0.1378,0.2744,0,0.0000
343.0,F0,5.00,28.1228,27.1992,27.2205,5.1385,-0.1385,0.2744,0,0.0000
344.0,F0,5.00,28.1209,27.2004,27.2249,5.1429,-0.1429,0.2744,0,0.0000
345.0,F0,5.00,28.1128,27.1963,27.2164,5.1344,-0.1344,0.2744,0,0.0000
346.0,F0,5.00,28.1033,27.1891,27.2131,5.1311,-0.1311,0.2744,0,0.0000
347.0,F0,5.00,28.0994,27.1813,27.2050,5.1230,-0.1230,0.2744,0,0.0000
348.0,F0,5.00,28.0958,27.1765,27.2042,5.1222,-0.1222,0.2744,0,0.0000
349.0,F0,5.00,28.0964,27.1738,27.2021,5.1201,-0.1201,0.2744,0,0.0000
350.0,F0,5.00,28.0978,27.1758,27.2113,5.1293,-0.1293,0.2754,0,0.0000
351.0,F0,5.00,28.0995,27.1830,27.2105,5.1285,-0.1285,0.2754,0,0.0000
352.0,F0,5.00,28.0970,27.1810,27.2106,5.1286,-0.1286,0.2754,0,0.0000
353.0,F0,5.00,28.0989,27.1804,27.2101,5.1281,-0.1281,0.2754,0,0.0000
354.0,F0,5.00,28.0951,27.1830,27.2160,5.1340,-0.1340,0.2754,0,0.0000
355.0,F0,5.00,28.0971,27.1869,27.2164,5.1344,-0.1344,0.2754,0,0.0000
356.0,F0,5.00,28.1083,27.1873,27.2190,5.1370,-0.1370,0.2754,0,0.0000
357.0,F0,5.00,28.1193,27.1907,27.2244,5.1424,-0.1424,0.2754,0,0.0000
358.0,F0,5.00,28.1272,27.1975,27.2191,5.1371,-0.1371,0.2754,0,0.0000
359.0,F0,5.00,28.1325,27.1994,27.2241,5.1421,-0.1421,0.2754,0,0.0000
360.0,F0,5.00,28.1317,27.1921,27.2240,5.1420,-0.1420,0.2728,0,0.0000
361.0,F0,5.00,28.1285,27.1915,27.2174,5.1354,-0.1354,0.2728,0,0.0000
362.0,F0,5.00,28.1281,27.1902,27.2202,5.1382,-0.1382,0.2728,0,0.0000
363.0,F0,5.00,28.1338,27.1945,27.2236,5.1416,-0.1416,0.2728,0,0.0000
364.0,F0,5.00,28.1364,27.1996,27.2271,5.1451,-0.1451,0.2728,0,0.0000
365.0,F0,5.00,28.1421,27.2003,27.2284,5.1464,-0.1464,0.2728,0,0.0000
366.0,F0,5.00,28.1520,27.2082,27.2323,5.1503,-0.1503,0.2728,0,0.0000
367.0,F0,5.00,28.1576,27.2124,27.2314,5.1494,-0.1494,0.2728,0,0.0000
368.0,F0,5.00,28.1552,27.2055,27.2272,5.1452,-0.1452,0.2728,0,0.0000
369.0,F0,5.00,28.1531,27.2064,27.2268,5.1448,-0.1448,0.2728,0,0.0000
370.0,F0,5.00,28.1558,27.2081,27.2287,5.1467,-0.1467,0.2719,1,0.0000
371.0,F0,5.00,28.1607,27.2119,27.2318,5.1497,-0.1497,0.2719,1,0.0000
372.0,F0,5.00,28.1628,27.2157,27.2376,5.1556,-0.1556,0.2719,1,0.0000
373.0,F0,5.00,28.1733,27.2180,27.2374,5.1554,-0.1554,0.2719,1,0.0000
374.0,F0,5.00,28.1799,27.2282,27.2393,5.1573,-0.1573,0.2719,1,0.0000
375.0,F0,5.00,28.1882,27.2304,27.2363,5.1543,-0.1543,0.2719,1,0.0000
376.0,F0,5.00,28.1917,27.2236,27.2349,5.1529,-0.1529,0.2719,1,0.0000
377.0,F0,5.00,28.1882,27.2213,27.2311,5.1491,-0.1491,0.2719,1,0.0000
378.0,F0,5.00,28.1902,27.2259,27.2357,5.1537,-0.1537,0.2719,1,0.0000
379.0,F0,5.00,28.1932,27.2261,27.2292,5.1472,-0.1472,0.2719,1,0.0000
380.0,F0,5.00,28.1965,27.2293,27.2344,5.1524,-0.1524,0.2707,1,0.0000
381.0,F0,5.00,28.2059,27.2313,27.2345,5.1525,-0.1525,0.2707,1,0.0000
382.0,F0,5.00,28.2097,27.2361,27.2376,5.1556,-0.1556,0.2707,1,0.0000
383.0,F0,5.00,28.2059,27.2367,27.2393,5.1573,-0.1573,0.2707,1,0.0000
384.0,F0,5.00,28.2146,27.2434,27.2410,5.1590,-0.1590,0.2707,1,0.0000
385.0,F0,5.00,28.2231,27.2456,27.2437,5.1617,-0.1617,0.2707,1,0.0000
386.0,F0,5.00,28.2174,27.2477,27.2418,5.1598,-0.1598,0.2707,1,0.0000
387.0,F0,5.00,28.2222,27.2522,27.2415,5.1595,-0.1595,0.2707,1,0.0000
388.0,F0,5.00,28.2211,27.2511,27.2366,5.1546,-0.1546,0.2707,1,0.0000
389.0,F0,5.00,28.2221,27.2528,27.2335,5.1515,-0.1515,0.2707,1,0.0000
390.0,F0,5.00,28.2329,27.2543,27.2312,5.1492,-0.1492,0.2714,1,0.0000
391.0,F0,5.00,28.2361,27.2553,27.2277,5.1457,-0.1457,0.2714,1,0.0000
392.0,F0,5.00,28.2412,27.2578,27.2264,5.1444,-0.1444,0.2714,1,0.0000
393.0,F0,5.00,28.2450,27.2592,27.2273,5.1453,-0.1453,0.2714,1,0.0000
394.0,F0,5.00,28.2475,27.2649,27.2277,5.1457,-0.1457,0.2714,1,0.0000
395.0,F0,5.00,28.2524,27.2680,27.2321,5.1501,-0.1501,0.2714,1,0.0000
396.0,F0,5.00,28.2549,27.2706,27.2379,5.1559,-0.1559,0.2714,1,0.0000
397.0,F0,5.00,28.2595,27.2703,27.2382,5.1562,-0.1562,0.2714,1,0.0000
398.0,F0,5.00,28.2670,27.2755,27.2441,5.1621,-0.1621,0.2714,1,0.0000
399.0,F0,5.00,28.2704,27.2748,27.2455,5.1635,-0.1635,0.2714,1,0.0000
400.0,F0,5.00,28.2768,27.2813,27.2442,5.1622,-0.1622,0.2688,1,0.0000
401.0,F0,5.00,28.2815,27.2831,27.2383,5.1563,-0.1563,0.2688,1,0.0000
402.0,F0,5.00,28.2867,27.2787,27.2369,5.1549,-0.1549,0.2688,1,0.0000
403.0,F0,5.00,28.2893,27.2822,27.2390,5.1570,-0.1570,0.2688,1,0.0000
404.0,F0,5.00,28.2938,27.2883,27.2402,5.1582,-0.1582,0.2688,1,0.0000
405.0,F0,5.00,28.2932,27.2903,27.2422,5.1602,-0.1602,0.2688,1,0.0000
406.0,F0,5.00,28.2874,27.2839,27.2432,5.1612,-0.1612,0.2688,1,0.0000
407.0,F0,5.00,28.2828,27.2849,27.2466,5.1646,-0.1646,0.2688,1,0.0000
408.0,F0,5.00,28.2751,27.2852,27.2408,5.1588,-0.1588,0.2688,1,0.0000
409.0,F0,5.00,28.2735,27.2776,27.2377,5.1557,-0.1557,0.2688,1,0.0000
410.0,F0,5.00,28.2686,27.2747,27.2323,5.1503,-0.1503,0.2711,1,0.0000
411.0,F0,5.00,28.2644,27.2686,27.2311,5.1491,-0.1491,0.2711,1,0.0000
412.0,F0,5.00,28.2547,27.2672,27.2246,5.1426,-0.1426,0.2711,1,0.0000
413.0,F0,5.00,28.2452,27.2638,27.2209,5.1389,-0.1389,0.2711,1,0.0000
414.0,F0,5.00,28.2448,27.2573,27.2093,5.1273,-0.1273,0.2711,1,0.0000
415.0,F0,5.00,28.2377,27.2534,27.2036,5.1216,-0.1216,0.2711,1,0.0000
416.0,F0,5.00,28.2332,27.2498,27.2017,5.1197,-0.1197,0.2711,1,0.0000
417.0,F0,5.00,28.2335,27.2476,27.2015,5.1195,-0.1195,0.2711,1,0.0000
418.0,F0,5.00,28.2295,27.2452,27.2008,5.1188,-0.1188,0.2711,1,0.0000
419.0,F0,5.00,28.2289,27.2456,27.1947,5.1127,-0.1127,0.2711,1,0.0000
420.0,F0,5.00,28.2235,27.2357,27.1866,5.1046,-0.1046,0.2803,1,0.0000
421.0,F0,5.00,28.2138,27.2328,27.1818,5.0998,-0.0998,0.2803,1,0.0000
422.0,F0,5.00,28.2090,27.2236,27.1793,5.0973,-0.0973,0.2803,1,0.0000
423.0,F0,5.00,28.2039,27.2185,27.1698,5.0878,-0.0878,0.2803,1,0.0000
424.0,F0,5.00,28.2042,27.2158,27.1681,5.0861,-0.0861,0.2803,1,0.0000
425.0,F0,5.00,28.2012,27.2156,27.1635,5.0815,-0.0815,0.2803,1,0.0000
426.0,F0,5.00,28.2028,27.2127,27.1603,5.0783,-0.0783,0.2803,1,0.0000
427.0,F0,5.00,28.2031,27.2109,27.1563,5.0743,-0.0743,0.2803,1,0.0000
428.0,F0,5.00,28.2012,27.2095,27.1559,5.0739,-0.0739,0.2803,1,0.0000
429.0,F0,5.00,28.2046,27.2101,27.1551,5.0731,-0.0731,0.2803,0,0.0000
430.0,F0,5.00,28.2066,27.2088,27.1506,5.0686,-0.0686,0.2875,0,0.0000
431.0,F1,10.00,28.2115,27.2119,27.1526,5.0706,4.9294,0.2875,0,0.0000
432.0,F1,10.00,28.2138,27.2143,27.1519,5.0699,4.9301,0.2875,0,0.0000
433.0,F1,10.00,28.2188,27.2175,27.1483,5.0663,4.9337,0.2875,0,0.0000
434.0,F1,10.00,28.2155,27.2169,27.1494,5.0674,4.9326,0.2875,0,0.0000
435.0,F1,10.00,28.2165,27.2179,27.1500,5.0680,4.9320,0.2875,0,0.0000
436.0,F1,10.00,28.2181,27.2143,27.1449,5.0629,4.9371,0.2875,0,0.0000
437.0,F1,10.00,28.2205,27.2144,27.1461,5.0641,4.9359,0.2875,0,0.0000
438.0,F1,10.00,28.2230,27.2154,27.1488,5.0668,4.9332,0.2875,0,0.0000
439.0,F1,10.00,28.2305,27.2162,27.1453,5.0633,4.9367,0.2875,0,0.0000
440.0,F1,10.00,28.2352,27.2206,27.1505,5.0685,4.9315,1.0000,1,0.0000
441.0,F1,10.00,28.2401,27.2195,27.1503,5.0683,4.9317,1.0000,1,0.0000
442.0,F1,10.00,28.2382,27.2224,27.1536,5.0716,4.9284,1.0000,1,0.0000
443.0,F1,10.00,28.2433,27.2257,27.1581,5.0760,4.9240,1.0000,1,0.0000
444.0,F1,10.00,28.2476,27.2282,27.1589,5.0769,4.9231,1.0000,1,0.0000
445.0,F1,10.00,28.2501,27.2288,27.1643,5.0823,4.9177,1.0000,1,0.0000
446.0,F1,10.00,28.2625,27.2322,27.1669,5.0849,4.9151,1.0000,1,0.0000
447.0,F1,10.00,28.2784,27.2301,27.1711,5.0891,4.9109,1.0000,1,0.0000
448.0,F1,10.00,28.2969,27.2253,27.1670,5.0850,4.9150,1.0000,1,0.0000
449.0,F1,10.00,28.3221,27.2219,27.1568,5.0748,4.9252,1.0000,1,0.0000
450.0,F1,10.00,28.3517,27.2257,27.1555,5.0735,4.9265,1.0000,1,0.0000
451.0,F1,10.00,28.3857,27.2216,27.1559,5.0739,4.9261,1.0000,1,0.0000
452.0,F1,10.00,28.4267,27.2254,27.1623,5.0803,4.9197,1.0000,1,0.0000
453.0,F1,10.00,28.4762,27.2271,27.1709,5.0889,4.9111,1.0000,1,0.0000
454.0,F1,10.00,28.5244,27.2371,27.1777,5.0957,4.9043,1.0000,1,0.0000
455.0,F1,10.00,28.5876,27.2537,27.1859,5.1039,4.8961,1.0000,1,0.0000
456.0,F1,10.00,28.6411,27.2706,27.1891,5.1071,4.8929,1.0000,1,0.0000
457.0,F1,10.00,28.6944,27.2832,27.2069,5.1249,4.8751,1.0000,1,0.0000
458.0,F1,10.00,28.7583,27.3068,27.2113,5.1293,4.8707,1.0000,1,0.0000
459.0,F1,10.00,28.8225,27.3266,27.2178,5.1358,4.8642,1.0000,1,0.0000
460.0,F1,10.00,28.8846,27.3495,27.2250,5.1430,4.8570,1.0000,1,0.0000
461.0,F1,10.00,28.9538,27.3734,27.2325,5.1505,4.8495,1.0000,1,0.0000
462.0,F1,10.00,29.0243,27.3995,27.2447,5.1627,4.8373,1.0000,1,0.0000
463.0,F1,10.00,29.0980,27.4278,27.2550,5.1730,4.8270,1.0000,1,0.0000
464.0,F1,10.00,29.1659,27.4546,27.2657,5.1837,4.8163,1.0000,1,0.0000
465.0,F1,10.00,29.2365,27.4836,27.2717,5.1897,4.8103,1.0000,1,0.0000
466.0,F1,10.00,29.3083,27.5150,27.2790,5.1970,4.8030,1.0000,1,0.0000
467.0,F1,10.00,29.3737,27.5447,27.2978,5.2158,4.7842,1.0000,1,0.0000
468.0,F1,10.00,29.4407,27.5739,27.3227,5.2407,4.7593,1.0000,1,0.0000
469.0,F1,10.00,29.5013,27.6019,27.3410,5.2590,4.7410,1.0000,1,0.0000
470.0,F1,10.00,29.5671,27.6332,27.3542,5.2722,4.7278,1.0000,1,0.0000
471.0,F1,10.00,29.6328,27.6622,27.3666,5.2846,4.7154,1.0000,1,0.0000
472.0,F1,10.00,29.7022,27.6810,27.3743,5.2923,4.7077,1.0000,1,0.0000
473.0,F1,10.00,29.7637,27.7104,27.3939,5.3119,4.6881,1.0000,1,0.0000
474.0,F1,10.00,29.8243,27.7393,27.4058,5.3238,4.6762,1.0000,1,0.0000
475.0,F1,10.00,29.8855,27.7652,27.4201,5.3381,4.6619,1.0000,1,0.0000
476.0,F1,10.00,29.9472,27.7979,27.4373,5.3553,4.6447,1.0000,1,0.0000
477.0,F1,10.00,30.0060,27.8279,27.4510,5.3690,4.6310,1.0000,1,0.0000
478.0,F1,10.00,30.0669,27.8561,27.4651,5.3831,4.6169,1.0000,1,0.0000
479.0,F1,10.00,30.1251,27.8907,27.4909,5.4089,4.5911,1.0000,1,0.0000
480.0,F1,10.00,30.1763,27.9212,27.5114,5.4294,4.5706,1.0000,1,0.0000
481.0,F1,10.00,30.2350,27.9551,27.5273,5.4453,4.5547,1.0000,1,0.0000
482.0,F1,10.00,30.2943,27.9868,27.5488,5.4668,4.5332,1.0000,1,0.0000
483.0,F1,10.00,30.3414,28.0133,27.5644,5.4824,4.5176,1.0000,1,0.0000
484.0,F1,10.00,30.3941,28.0339,27.5803,5.4983,4.5017,1.0000,1,0.0000
485.0,F1,10.00,30.4420,28.0604,27.5953,5.5133,4.4867,1.0000,1,0.0000
486.0,F1,10.00,30.4906,28.0936,27.6198,5.5378,4.4622,1.0000,1,0.0000
487.0,F1,10.00,30.5462,28.1258,27.6398,5.5578,4.4422,1.0000,1,0.0000
488.0,F1,10.00,30.6074,28.1611,27.6638,5.5818,4.4182,1.0000,1,0.0000
489.0,F1,10.00,30.6597,28.1949,27.6850,5.6030,4.3970,1.0000,1,0.0000
490.0,F1,10.00,30.7039,28.2304,27.7093,5.6273,4.3727,1.0000,1,0.0000
491.0,F1,10.00,30.7575,28.2677,27.7365,5.6545,4.3455,1.0000,1,0.0000
492.0,F1,10.00,30.8114,28.3034,27.7592,5.6772,4.3228,1.0000,1,0.0000
493.0,F1,10.00,30.8606,28.3333,27.7987,5.7167,4.2833,1.0000,1,0.0000
494.0,F1,10.00,30.9106,28.3658,27.8211,5.7391,4.2609,1.0000,1,0.0000
495.0,F1,10.00,30.9741,28.3999,27.8423,5.7603,4.2397,1.0000,1,0.0000
496.0,F1,10.00,31.0270,28.4345,27.8678,5.7858,4.2142,1.0000,1,0.0000
497.0,F1,10.00,31.0815,28.4674,27.8924,5.8104,4.1896,1.0000,1,0.0000
498.0,F1,10.00,31.1301,28.5012,27.9189,5.8369,4.1631,1.0000,1,0.0000
499.0,F1,10.00,31.1866,28.5360,27.9425,5.8605,4.1395,1.0000,1,0.0000
500.0,F1,10.00,31.2347,28.5690,27.9484,5.8664,4.1336,1.0000,1,0.0000
501.0,F1,10.00,31.2800,28.6037,27.9745,5.8925,4.1075,1.0000,1,0.0000
502.0,F1,10.00,31.3274,28.6359,27.9977,5.9157,4.0843,1.0000,1,0.0000
503.0,F1,10.00,31.3772,28.6676,28.0180,5.9360,4.0640,1.0000,1,0.0000
504.0,F1,10.00,31.4319,28.6995,28.0416,5.9596,4.0404,1.0000,1,0.0000
505.0,F1,10.00,31.4825,28.7351,28.0657,5.9837,4.0163,1.0000,1,0.0000
506.0,F1,10.00,31.5369,28.7657,28.0907,6.0087,3.9913,1.0000,1,0.0000
507.0,F1,10.00,31.5843,28.7981,28.1259,6.0439,3.9561,1.0000,1,0.0000
508.0,F1,10.00,31.6223,28.8315,28.1561,6.0741,3.9259,1.0000,1,0.0000
509.0,F1,10.00,31.6694,28.8675,28.1811,6.0991,3.9009,1.0000,1,0.0000
510.0,F1,10.00,31.7167,28.9024,28.2095,6.1275,3.8725,1.0000,1,0.0000
511.0,F1,10.00,31.7593,28.9277,28.2355,6.1535,3.8465,1.0000,1,0.0000
512.0,F1,10.00,31.7991,28.9612,28.2590,6.1770,3.8230,1.0000,1,0.0000
513.0,F1,10.00,31.8433,28.9935,28.2896,6.2076,3.7924,1.0000,1,0.0000
514.0,F1,10.00,31.8907,29.0315,28.3186,6.2366,3.7634,1.0000,1,0.0000
515.0,F1,10.00,31.9298,29.0634,28.3469,6.2649,3.7351,1.0000,1,0.0000
516.0,F1,10.00,31.9759,29.0948,28.3833,6.3013,3.6987,1.0000,1,0.0000
517.0,F1,10.00,32.0228,29.1293,28.4168,6.3348,3.6652,1.0000,1,0.0000
518.0,F1,10.00,32.0673,29.1629,28.4463,6.3643,3.6357,1.0000,1,0.0000
519.0,F1,10.00,32.1151,29.2041,28.4759,6.3939,3.6061,1.0000,1,0.0000
520.0,F1,10.00,32.1617,29.2407,28.5091,6.4271,3.5729,1.0000,1,0.0000
521.0,F1,10.00,32.2103,29.2790,28.5395,6.4575,3.5425,1.0000,1,0.0000
522.0,F1,10.00,32.2588,29.3139,28.5711,6.4891,3.5109,1.0000,1,0.0000
523.0,F1,10.00,32.3056,29.3487,28.6052,6.5232,3.4768,1.0000,1,0.0000
524.0,F1,10.00,32.3524,29.3929,28.6551,6.5731,3.4269,1.0000,1,0.0000
525.0,F1,10.00,32.3957,29.4319,28.6896,6.6076,3.3924,1.0000,1,0.0000
526.0,F1,10.00,32.4474,29.4677,28.7259,6.6439,3.3561,1.0000,1,0.0000
527.0,F1,10.00,32.4939,29.5069,28.7635,6.6815,3.3185,1.0000,1,0.0000
528.0,F1,10.00,32.5381,29.5449,28.7944,6.7124,3.2876,1.0000,1,0.0000
529.0,F1,10.00,32.5850,29.5847,28.8285,6.7465,3.2535,1.0000,1,0.0000
530.0,F1,10.00,32.6275,29.6218,28.8611,6.7791,3.2209,1.0000,1,0.0000
531.0,F1,10.00,32.6754,29.6536,28.8966,6.8146,3.1854,1.0000,1,0.0000
532.0,F1,10.00,32.7190,29.6922,28.9334,6.8514,3.1486,1.0000,1,0.0000
533.0,F1,10.00,32.7563,29.7244,28.9637,6.8817,3.1183,1.0000,1,0.0000
534.0,F1,10.00,32.7905,29.7547,28.9774,6.8954,3.1046,1.0000,1,0.0000
535.0,F1,10.00,32.8131,29.7753,29.0084,6.9264,3.0736,1.0000,1,0.0000
536.0,F1,10.00,32.8397,29.8026,29.0346,6.9526,3.0474,1.0000,1,0.0000
537.0,F1,10.00,32.8652,29.8322,29.0683,6.9863,3.0137,1.0000,1,0.0000
538.0,F1,10.00,32.8869,29.8609,29.0978,7.0158,2.9842,1.0000,1,0.0000
539.0,F1,10.00,32.9196,29.8854,29.1282,7.0462,2.9538,1.0000,1,0.0000
540.0,F1,10.00,32.9635,29.9245,29.1615,7.0795,2.9205,1.0000,1,0.0000
541.0,F1,10.00,32.9998,29.9562,29.1978,7.1158,2.8842,1.0000,1,0.0000
542.0,F1,10.00,33.0334,29.9912,29.2289,7.1469,2.8531,1.0000,1,0.0000
543.0,F1,10.00,33.0686,30.0250,29.2620,7.1800,2.8200,1.0000,1,0.0000
544.0,F1,10.00,33.1051,30.0594,29.3076,7.2256,2.7744,1.0000,1,0.0000
545.0,F1,10.00,33.1375,30.0955,29.3394,7.2574,2.7426,1.0000,1,0.0000
546.0,F1,10.00,33.1786,30.1350,29.3768,7.2948,2.7052,1.0000,1,0.0000
547.0,F1,10.00,33.2247,30.1769,29.4199,7.3379,2.6621,1.0000,1,0.0000
548.0,F1,10.00,33.2865,30.2189,29.4571,7.3751,2.6249,1.0000,1,0.0000
549.0,F1,10.00,33.3281,30.2610,29.4947,7.4127,2.5873,1.0000,1,0.0000
550.0,F1,10.00,33.3728,30.2997,29.5266,7.4446,2.5554,1.0000,1,0.0000
551.0,F1,10.00,33.4220,30.3394,29.5603,7.4783,2.5217,1.0000,1,0.0000
552.0,F1,10.00,33.4635,30.3829,29.6034,7.5214,2.4786,1.0000,1,0.0000
553.0,F1,10.00,33.5034,30.4189,29.6399,7.5579,2.4421,1.0000,1,0.0000
554.0,F1,10.00,33.5429,30.4518,29.6727,7.5907,2.4093,1.0000,1,0.0000
555.0,F1,10.00,33.5772,30.4879,29.7028,7.6208,2.3792,1.0000,1,0.0000
556.0,F1,10.00,33.6164,30.5233,29.7347,7.6527,2.3473,1.0000,1,0.0000
557.0,F1,10.00,33.6536,30.5523,29.7663,7.6843,2.3157,1.0000,1,0.0000
558.0,F1,10.00,33.6987,30.5829,29.7983,7.7163,2.2837,1.0000,1,0.0000
559.0,F1,10.00,33.7421,30.6148,29.8341,7.7521,2.2479,1.0000,1,0.0000
560.0,F1,10.00,33.7805,30.6389,29.8606,7.7786,2.2214,1.0000,1,0.0000
561.0,F1,10.00,33.8148,30.6643,29.8890,7.8070,2.1930,1.0000,1,0.0000
562.0,F1,10.00,33.8535,30.6945,29.9320,7.8500,2.1500,1.0000,1,0.0000
563.0,F1,10.00,33.8936,30.7282,29.9662,7.8842,2.1158,1.0000,1,0.0000
564.0,F1,10.00,33.9280,30.7563,29.9967,7.9147,2.0853,1.0000,1,0.0000
565.0,F1,10.00,33.9632,30.7910,30.0303,7.9483,2.0517,1.0000,1,0.0000
566.0,F1,10.00,33.9826,30.8224,30.0664,7.9844,2.0156,1.0000,1,0.0000
567.0,F1,10.00,34.0045,30.8478,30.0976,8.0156,1.9844,1.0000,1,0.0000
568.0,F1,10.00,34.0222,30.8652,30.1306,8.0486,1.9514,1.0000,1,0.0000
569.0,F1,10.00,34.0349,30.8890,30.1660,8.0840,1.9160,1.0000,1,0.0000
570.0,F1,10.00,34.0586,30.9195,30.1979,8.1159,1.8841,1.0000,1,0.0000
571.0,F1,10.00,34.0890,30.9436,30.2272,8.1452,1.8548,1.0000,1,0.0000
572.0,F1,10.00,34.1041,30.9651,30.2585,8.1765,1.8235,1.0000,1,0.0000
573.0,F1,10.00,34.1316,30.9921,30.2861,8.2041,1.7959,1.0000,1,0.0000
574.0,F1,10.00,34.1668,31.0295,30.3212,8.2392,1.7608,1.0000,1,0.0000
575.0,F1,10.00,34.2005,31.0605,30.3512,8.2692,1.7308,1.0000,1,0.0000
576.0,F1,10.00,34.2284,31.0826,30.3714,8.2894,1.7106,1.0000,1,0.0000
577.0,F1,10.00,34.2453,31.1048,30.3880,8.3060,1.6940,1.0000,1,0.0000
578.0,F1,10.00,34.2660,31.1296,30.4130,8.3310,1.6690,1.0000,1,0.0000
579.0,F1,10.00,34.2931,31.1592,30.4393,8.3573,1.6427,1.0000,1,0.0000
580.0,F1,10.00,34.3365,31.1924,30.4666,8.3846,1.6154,1.0000,1,0.0000
581.0,F1,10.00,34.3793,31.2231,30.4932,8.4112,1.5888,1.0000,1,0.0000
582.0,F1,10.00,34.4170,31.2602,30.5293,8.4473,1.5527,1.0000,1,0.0000
583.0,F1,10.00,34.4594,31.2997,30.5639,8.4819,1.5181,1.0000,1,0.0000
584.0,F1,10.00,34.5021,31.3226,30.5899,8.5079,1.4921,1.0000,1,0.0000
585.0,F1,10.00,34.5309,31.3373,30.6079,8.5259,1.4741,1.0000,1,0.0000
586.0,F1,10.00,34.5616,31.3589,30.6232,8.5412,1.4588,1.0000,1,0.0000
587.0,F1,10.00,34.5960,31.3897,30.6508,8.5688,1.4312,1.0000,1,0.0000
588.0,F1,10.00,34.6312,31.4212,30.6962,8.6142,1.3858,1.0000,1,0.0000
589.0,F1,10.00,34.6732,31.4460,30.7323,8.6503,1.3497,1.0000,1,0.0000
590.0,F1,10.00,34.7179,31.4808,30.7750,8.6930,1.3070,1.0000,1,0.0000
591.0,F1,10.00,34.7572,31.5266,30.8062,8.7242,1.2758,1.0000,1,0.0000
592.0,F1,10.00,34.7972,31.5581,30.8424,8.7604,1.2396,1.0000,1,0.0000
593.0,F1,10.00,34.8414,31.5928,30.8759,8.7939,1.2061,1.0000,1,0.0000
594.0,F1,10.00,34.8755,31.6152,30.9005,8.8185,1.1815,1.0000,1,0.0000
595.0,F1,10.00,34.9105,31.6449,30.9236,8.8416,1.1584,1.0000,1,0.0000
596.0,F1,10.00,34.9468,31.6736,30.9507,8.8687,1.1313,1.0000,1,0.0000
597.0,F1,10.00,34.9950,31.7061,30.9840,8.9020,1.0980,1.0000,1,0.0000
598.0,F1,10.00,35.0273,31.7393,31.0175,8.9355,1.0645,1.0000,1,0.0000
599.0,F1,10.00,35.0591,31.7686,31.0495,8.9675,1.0325,1.0000,1,0.0000
600.0,F1,10.00,35.0904,31.8034,31.0789,8.9969,1.0031,1.0000,1,0.0000
601.0,F1,10.00,35.1202,31.8478,31.1086,9.0266,0.9734,1.0000,1,0.0000
602.0,F1,10.00,35.1558,31.8752,31.1349,9.0529,0.9471,1.0000,1,0.0000
603.0,F1,10.00,35.1853,31.8987,31.1602,9.0782,0.9218,1.0000,1,0.0000
604.0,F1,10.00,35.2049,31.9253,31.1881,9.1061,0.8939,1.0000,1,0.0000
605.0,F1,10.00,35.2221,31.9502,31.2103,9.1283,0.8717,1.0000,1,0.0000
606.0,F1,10.00,35.2505,31.9760,31.2257,9.1437,0.8563,1.0000,1,0.0000
607.0,F1,10.00,35.2780,31.9954,31.2467,9.1647,0.8353,1.0000,1,0.0000
608.0,F1,10.00,35.3009,32.0175,31.2676,9.1856,0.8144,1.0000,1,0.0000
609.0,F1,10.00,35.3297,32.0405,31.2859,9.2039,0.7961,1.0000,1,0.0000
610.0,F1,10.00,35.3576,32.0642,31.3082,9.2262,0.7738,1.0000,1,0.0000
611.0,F1,10.00,35.3853,32.0941,31.3467,9.2647,0.7353,1.0000,1,0.0000
612.0,F1,10.00,35.4139,32.1184,31.3794,9.2974,0.7026,1.0000,1,0.0000
613.0,F1,10.00,35.4344,32.1451,31.4023,9.3203,0.6797,1.0000,1,0.0000
614.0,F1,10.00,35.4550,32.1635,31.4293,9.3473,0.6527,1.0000,1,0.0000
615.0,F1,10.00,35.4777,32.1787,31.4558,9.3738,0.6262,1.0000,1,0.0000
616.0,F1,10.00,35.4983,32.1924,31.4698,9.3878,0.6122,1.0000,1,0.0000
617.0,F1,10.00,35.5009,32.2066,31.4857,9.4037,0.5963,1.0000,1,0.0000
618.0,F1,10.00,35.5145,32.2252,31.5069,9.4249,0.5751,1.0000,1,0.0000
619.0,F1,10.00,35.5327,32.2426,31.5254,9.4434,0.5566,1.0000,1,0.0000
620.0,F1,10.00,35.5502,32.2641,31.5449,9.4629,0.5371,1.0000,1,0.0000
621.0,F1,10.00,35.5693,32.2834,31.5659,9.4839,0.5161,1.0000,1,0.0000
622.0,F1,10.00,35.5821,32.3003,31.5793,9.4973,0.5027,1.0000,1,0.0000
623.0,F1,10.00,35.5912,32.3136,31.5871,9.5051,0.4949,1.0000,1,0.0000
624.0,F1,10.00,35.6133,32.3268,31.6004,9.5184,0.4816,1.0000,1,0.0000
625.0,F1,10.00,35.6401,32.3482,31.6209,9.5389,0.4611,1.0000,1,0.0000
626.0,F1,10.00,35.6593,32.3685,31.6430,9.5610,0.4390,1.0000,1,0.0000
627.0,F1,10.00,35.6854,32.3894,31.6691,9.5871,0.4129,1.0000,1,0.0000
628.0,F1,10.00,35.7121,32.4138,31.7004,9.6184,0.3816,1.0000,1,0.0000
629.0,F1,10.00,35.7506,32.4463,31.7350,9.6530,0.3470,1.0000,1,0.0000
630.0,F1,10.00,35.7817,32.4719,31.7732,9.6912,0.3088,1.0000,1,0.0000
631.0,F1,10.00,35.8072,32.5068,31.8054,9.7234,0.2766,1.0000,1,0.0000
632.0,F1,10.00,35.8460,32.5430,31.8400,9.7580,0.2420,1.0000,1,0.0000
633.0,F1,10.00,35.8838,32.5726,31.8684,9.7864,0.2136,1.0000,1,0.0000
634.0,F1,10.00,35.9228,32.5967,31.8958,9.8138,0.1862,1.0000,1,0.0000
635.0,F1,10.00,35.9667,32.6292,31.9297,9.8477,0.1523,1.0000,1,0.0000
636.0,F1,10.00,36.0085,32.6685,31.9622,9.8802,0.1198,1.0000,1,0.0000
637.0,F1,10.00,36.0477,32.6996,31.9974,9.9154,0.0846,1.0000,1,0.0000
638.0,F1,10.00,36.0775,32.7342,32.0233,9.9413,0.0587,1.0000,1,0.0000
639.0,F1,10.00,36.1091,32.7639,32.0469,9.9649,0.0351,1.0000,1,0.0000
640.0,F1,10.00,36.1405,32.7905,32.0717,9.9897,0.0103,1.0000,1,0.0000
641.0,F1,10.00,36.1596,32.8099,32.0966,10.0146,-0.0146,1.0000,1,0.0000
642.0,F1,10.00,36.1807,32.8448,32.1343,10.0523,-0.0523,1.0000,1,0.0000
643.0,F1,10.00,36.2087,32.8687,32.1626,10.0806,-0.0806,1.0000,1,0.0000
644.0,F1,10.00,36.2357,32.8994,32.1868,10.1048,-0.1048,1.0000,1,0.0000
645.0,F1,10.00,36.2619,32.9246,32.2107,10.1287,-0.1287,1.0000,1,0.0000
646.0,F1,10.00,36.2967,32.9557,32.2410,10.1590,-0.1590,1.0000,1,0.0000
647.0,F1,10.00,36.3271,32.9822,32.2730,10.1910,-0.1910,1.0000,1,0.0000
648.0,F1,10.00,36.3617,33.0142,32.3011,10.2191,-0.2191,1.0000,1,0.0000
649.0,F1,10.00,36.3959,33.0410,32.3318,10.2498,-0.2498,1.0000,1,0.0000
650.0,F1,10.00,36.4143,33.0594,32.3528,10.2708,-0.2708,0.0000,0,0.0000
651.0,F1,10.00,36.4301,33.0820,32.3694,10.2874,-0.2874,0.0000,0,0.0000
652.0,F1,10.00,36.4528,33.0959,32.3871,10.3051,-0.3051,0.0000,0,0.0000
653.0,F1,10.00,36.4749,33.1176,32.4041,10.3221,-0.3221,0.0000,0,0.0000
654.0,F1,10.00,36.4926,33.1360,32.4254,10.3434,-0.3434,0.0000,0,0.0000
655.0,F1,10.00,36.5031,33.1573,32.4521,10.3701,-0.3701,0.0000,0,0.0000
656.0,F1,10.00,36.5001,33.1747,32.4759,10.3939,-0.3939,0.0000,0,0.0000
657.0,F1,10.00,36.4956,33.2013,32.4947,10.4127,-0.4127,0.0000,0,0.0000
658.0,F1,10.00,36.4865,33.2232,32.5172,10.4352,-0.4352,0.0000,0,0.0000
659.0,F1,10.00,36.4758,33.2422,32.5341,10.4521,-0.4521,0.0000,0,0.0000
660.0,F1,10.00,36.4504,33.2552,32.5527,10.4707,-0.4707,0.0000,0,0.0000
661.0,F1,10.00,36.4192,33.2711,32.5734,10.4914,-0.4914,0.0000,0,0.0000
662.0,F1,10.00,36.3672,33.2824,32.5977,10.5157,-0.5157,0.0000,0,0.0000
663.0,F1,10.00,36.3147,33.2927,32.6155,10.5335,-0.5335,0.0000,0,0.0000
664.0,F1,10.00,36.2497,33.2950,32.6259,10.5439,-0.5439,0.0000,0,0.0000
665.0,F1,10.00,36.1944,33.3002,32.6387,10.5567,-0.5567,0.0000,0,0.0000
666.0,F1,10.00,36.1427,33.3011,32.6404,10.5584,-0.5584,0.0000,0,0.0000
667.0,F1,10.00,36.0872,33.3033,32.6560,10.5740,-0.5740,0.0000,0,0.0000
668.0,F1,10.00,36.0255,33.3007,32.6707,10.5887,-0.5887,0.0000,0,0.0000
669.0,F1,10.00,35.9628,33.3020,32.6875,10.6055,-0.6055,0.0000,0,0.0000
670.0,F1,10.00,35.9064,33.3044,32.7086,10.6266,-0.6266,0.0000,0,0.0000
671.0,F1,10.00,35.8497,33.3024,32.7212,10.6392,-0.6392,0.0000,0,0.0000
672.0,F1,10.00,35.7901,33.3000,32.7376,10.6556,-0.6556,0.0000,0,0.0000
673.0,F1,10.00,35.7267,33.2996,32.7503,10.6683,-0.6683,0.0000,0,0.0000
674.0,F1,10.00,35.6607,33.2897,32.7646,10.6826,-0.6826,0.0000,0,0.0000
675.0,F1,10.00,35.5923,33.2748,32.7751,10.6931,-0.6931,0.0000,0,0.0000
676.0,F1,10.00,35.5255,33.2614,32.7878,10.7058,-0.7058,0.0000,0,0.0000
677.0,F1,10.00,35.4596,33.2442,32.7885,10.7065,-0.7065,0.0000,0,0.0000
678.0,F1,10.00,35.3806,33.2313,32.7768,10.6948,-0.6948,0.0000,0,0.0000
679.0,F1,10.00,35.3004,33.2063,32.7674,10.6854,-0.6854,0.0000,0,0.0000
680.0,F1,10.00,35.2118,33.1698,32.7724,10.6904,-0.6904,0.0000,0,0.0000
681.0,F1,10.00,35.1315,33.1300,32.7725,10.6905,-0.6905,0.0000,0,0.0000
682.0,F1,10.00,35.0411,33.0863,32.7768,10.6948,-0.6948,0.0000,0,0.0000
683.0,F1,10.00,34.9614,33.0424,32.7752,10.6932,-0.6932,0.0000,0,0.0000
684.0,F1,10.00,34.8907,33.0103,32.7823,10.7003,-0.7003,0.0000,0,0.0000
685.0,F1,10.00,34.8389,32.9849,32.7929,10.7109,-0.7109,0.0000,0,0.0000
686.0,F1,10.00,34.7930,32.9835,32.8060,10.7240,-0.7240,0.0000,0,0.0000
687.0,F1,10.00,34.7537,32.9895,32.8217,10.7397,-0.7397,0.0000,0,0.0000
688.0,F1,10.00,34.7138,32.9865,32.8262,10.7442,-0.7442,0.0000,0,0.0000
689.0,F1,10.00,34.6783,32.9778,32.8229,10.7409,-0.7409,0.0000,0,0.0000
690.0,F1,10.00,34.6380,32.9607,32.8138,10.7318,-0.7318,0.0000,0,0.0000
691.0,F1,10.00,34.5945,32.9483,32.7951,10.7131,-0.7131,0.0000,0,0.0000
692.0,F1,10.00,34.5464,32.9380,32.7968,10.7148,-0.7148,0.0000,0,0.0000
693.0,F1,10.00,34.5031,32.9178,32.7944,10.7124,-0.7124,0.0000,0,0.0000
694.0,F1,10.00,34.4570,32.8991,32.7943,10.7123,-0.7123,0.0000,0,0.0000
695.0,F1,10.00,34.4129,32.8789,32.7906,10.7086,-0.7086,0.0000,0,0.0000
696.0,F1,10.00,34.3579,32.8545,32.7871,10.7051,-0.7051,0.0000,0,0.0000
697.0,F1,10.00,34.2997,32.8204,32.7729,10.6909,-0.6909,0.0000,0,0.0000
698.0,F1,10.00,34.2444,32.7806,32.7563,10.6743,-0.6743,0.0000,0,0.0000
699.0,F1,10.00,34.1824,32.7493,32.7319,10.6499,-0.6499,0.0000,0,0.0000
700.0,F1,10.00,34.1243,32.7098,32.7090,10.6270,-0.6270,0.0000,0,0.0000
701.0,F1,10.00,34.0631,32.6722,32.6879,10.6059,-0.6059,0.0000,0,0.0000
702.0,F1,10.00,34.0077,32.6419,32.6646,10.5826,-0.5826,0.0000,0,0.0000
703.0,F1,10.00,33.9427,32.5960,32.6377,10.5557,-0.5557,0.0000,0,0.0000
704.0,F1,10.00,33.8790,32.5477,32.6132,10.5312,-0.5312,0.0000,0,0.0000
705.0,F1,10.00,33.8209,32.5157,32.5788,10.4968,-0.4968,0.0000,0,0.0000
706.0,F1,10.00,33.7731,32.4872,32.5618,10.4798,-0.4798,0.0000,0,0.0000
707.0,F1,10.00,33.7206,32.4573,32.5477,10.4657,-0.4657,0.0000,0,0.0000
708.0,F1,10.00,33.6530,32.4277,32.5314,10.4494,-0.4494,0.0000,0,0.0000
709.0,F1,10.00,33.5976,32.3981,32.5155,10.4335,-0.4335,0.0000,0,0.0000
710.0,F1,10.00,33.5456,32.3651,32.4948,10.4128,-0.4128,0.0000,0,0.0000
711.0,F1,10.00,33.4923,32.3300,32.4658,10.3838,-0.3838,0.0000,0,0.0000
712.0,F1,10.00,33.4421,32.2935,32.4306,10.3486,-0.3486,0.0000,0,0.0000
713.0,F1,10.00,33.3969,32.2573,32.4076,10.3256,-0.3256,0.0000,0,0.0000
714.0,F1,10.00,33.3504,32.2241,32.3930,10.3110,-0.3110,0.0000,0,0.0000
715.0,F1,10.00,33.3027,32.1891,32.3781,10.2961,-0.2961,0.0000,0,0.0000
716.0,F1,10.00,33.2630,32.1557,32.3628,10.2808,-0.2808,0.0000,0,0.0000
717.0,F1,10.00,33.2247,32.1298,32.3570,10.2750,-0.2750,0.0000,0,0.0000
718.0,F1,10.00,33.1790,32.1042,32.3510,10.2690,-0.2690,0.0000,0,0.0000
719.0,F1,10.00,33.1282,32.0798,32.3432,10.2612,-0.2612,0.0000,0,0.0000
720.0,F1,10.00,33.0780,32.0599,32.3274,10.2454,-0.2454,0.0000,0,0.0000
721.0,F1,10.00,33.0415,32.0377,32.2942,10.2122,-0.2122,0.0000,0,0.0000
722.0,F1,10.00,33.0035,32.0149,32.2779,10.1959,-0.1959,0.0000,0,0.0000
723.0,F1,10.00,32.9668,31.9956,32.2630,10.1810,-0.1810,0.0000,0,0.0000
724.0,F1,10.00,32.9299,31.9770,32.2401,10.1581,-0.1581,0.0000,0,0.0000
725.0,F1,10.00,32.8937,31.9556,32.2216,10.1396,-0.1396,0.0000,0,0.0000
726.0,F1,10.00,32.8581,31.9299,32.1954,10.1134,-0.1134,0.0000,0,0.0000
727.0,F1,10.00,32.8139,31.8964,32.1705,10.0885,-0.0885,0.0000,0,0.0000
728.0,F1,10.00,32.7713,31.8674,32.1500,10.0680,-0.0680,0.0000,0,0.0000
729.0,F1,10.00,32.7272,31.8344,32.1385,10.0565,-0.0565,0.0000,0,0.0000
730.0,F1,10.00,32.6857,31.8142,32.1182,10.0362,-0.0362,0.0000,0,0.0000
731.0,F1,10.00,32.6463,31.7920,32.1033,10.0213,-0.0213,0.0000,0,0.0000
732.0,F1,10.00,32.6123,31.7661,32.0791,9.9971,0.0029,0.0000,0,0.0000
733.0,F1,10.00,32.5713,31.7409,32.0562,9.9742,0.0258,0.0000,0,0.0000
734.0,F1,10.00,32.5280,31.7169,32.0341,9.9521,0.0479,0.0000,0,0.0000
735.0,F1,10.00,32.4808,31.6845,32.0140,9.9320,0.0680,0.0000,0,0.0000
736.0,F1,10.00,32.4173,31.6515,31.9860,9.9040,0.0960,0.0000,0,0.0000
737.0,F1,10.00,32.3747,31.6083,31.9526,9.8706,0.1294,0.0000,0,0.0000
738.0,F1,10.00,32.3322,31.5679,31.9144,9.8324,0.1676,0.0000,0,0.0000
739.0,F1,10.00,32.2856,31.5342,31.8733,9.7913,0.2087,0.0000,0,0.0000
740.0,F1,10.00,32.2405,31.4984,31.8420,9.7600,0.2400,1.0000,1,0.0000
741.0,F1,10.00,32.2014,31.4558,31.8107,9.7287,0.2713,1.0000,1,0.0000
742.0,F1,10.00,32.1574,31.4160,31.7775,9.6955,0.3045,1.0000,1,0.0000
743.0,F1,10.00,32.1074,31.3709,31.7392,9.6572,0.3428,1.0000,1,0.0000
744.0,F1,10.00,32.0479,31.3311,31.7005,9.6185,0.3815,1.0000,1,0.0000
745.0,F1,10.00,31.9947,31.2946,31.6670,9.5850,0.4150,1.0000,1,0.0000
746.0,F1,10.00,31.9618,31.2589,31.6397,9.5577,0.4423,1.0000,1,0.0000
747.0,F1,10.00,31.9461,31.2209,31.6104,9.5284,0.4716,1.0000,1,0.0000
748.0,F1,10.00,31.9339,31.1838,31.5800,9.4980,0.5020,1.0000,1,0.0000
749.0,F1,10.00,31.9265,31.1537,31.5554,9.4734,0.5266,1.0000,1,0.0000
750.0,F1,10.00,31.9276,31.1163,31.5267,9.4447,0.5553,1.0000,1,0.0000
751.0,F1,10.00,31.9344,31.0777,31.4971,9.4151,0.5849,1.0000,1,0.0000
752.0,F1,10.00,31.9586,31.0458,31.4731,9.3911,0.6089,1.0000,1,0.0000
753.0,F1,10.00,31.9854,31.0382,31.4503,9.3683,0.6317,1.0000,1,0.0000
754.0,F1,10.00,32.0376,31.0226,31.4274,9.3454,0.6546,1.0000,1,0.0000
755.0,F1,10.00,32.0891,31.0098,31.4015,9.3195,0.6805,1.0000,1,0.0000
756.0,F1,10.00,32.1381,30.9931,31.3766,9.2946,0.7054,1.0000,1,0.0000
757.0,F1,10.00,32.1960,30.9803,31.3550,9.2730,0.7270,1.0000,1,0.0000
758.0,F1,10.00,32.2538,30.9752,31.3399,9.2579,0.7421,1.0000,1,0.0000
759.0,F1,10.00,32.2991,30.9727,31.3273,9.2453,0.7547,1.0000,1,0.0000
760.0,F1,10.00,32.3540,30.9727,31.3251,9.2431,0.7569,1.0000,1,0.0000
761.0,F1,10.00,32.3996,30.9729,31.3024,9.2204,0.7796,1.0000,1,0.0000
762.0,F1,10.00,32.4402,30.9765,31.2804,9.1984,0.8016,1.0000,1,0.0000
763.0,F1,10.00,32.4635,30.9622,31.2538,9.1718,0.8282,1.0000,1,0.0000
764.0,F1,10.00,32.4967,30.9527,31.2302,9.1482,0.8518,1.0000,1,0.0000
765.0,F1,10.00,32.5431,30.9515,31.2119,9.1299,0.8701,1.0000,1,0.0000
766.0,F1,10.00,32.6008,30.9630,31.1980,9.1160,0.8840,1.0000,1,0.0000
767.0,F1,10.00,32.6549,30.9754,31.1909,9.1089,0.8911,1.0000,1,0.0000
768.0,F1,10.00,32.7125,30.9898,31.1932,9.1112,0.8888,1.0000,1,0.0000
769.0,F1,10.00,32.7679,30.9996,31.1820,9.1000,0.9000,1.0000,1,0.0000
770.0,F1,10.00,32.8205,31.0171,31.1746,9.0926,0.9074,1.0000,1,0.0000
771.0,F1,10.00,32.8725,31.0344,31.1626,9.0806,0.9194,1.0000,1,0.0000
772.0,F1,10.00,32.9300,31.0431,31.1439,9.0619,0.9381,1.0000,1,0.0000
773.0,F1,10.00,32.9801,31.0564,31.1352,9.0532,0.9468,1.0000,1,0.0000
774.0,F1,10.00,33.0337,31.0695,31.1258,9.0438,0.9562,1.0000,1,0.0000
775.0,F1,10.00,33.0846,31.0892,31.1285,9.0465,0.9535,1.0000,1,0.0000
776.0,F1,10.00,33.1404,31.1107,31.1208,9.0388,0.9612,1.0000,1,0.0000
777.0,F1,10.00,33.2090,31.1280,31.1180,9.0360,0.9640,1.0000,1,0.0000
778.0,F1,10.00,33.2651,31.1447,31.1141,9.0321,0.9679,1.0000,1,0.0000
779.0,F1,10.00,33.3270,31.1624,31.1147,9.0327,0.9673,1.0000,1,0.0000
780.0,F1,10.00,33.3842,31.1796,31.1079,9.0259,0.9741,1.0000,1,0.0000
781.0,F1,10.00,33.4468,31.1968,31.1086,9.0266,0.9734,1.0000,1,0.0000
782.0,F1,10.00,33.4990,31.2192,31.1133,9.0313,0.9687,1.0000,1,0.0000
783.0,F1,10.00,33.5514,31.2355,31.1157,9.0337,0.9663,1.0000,1,0.0000
784.0,F1,10.00,33.5937,31.2570,31.1191,9.0371,0.9629,1.0000,1,0.0000
785.0,F1,10.00,33.6432,31.2780,31.1189,9.0369,0.9631,1.0000,1,0.0000
786.0,F1,10.00,33.6919,31.2989,31.1214,9.0394,0.9606,1.0000,1,0.0000
787.0,F1,10.00,33.7317,31.3082,31.1219,9.0399,0.9601,1.0000,1,0.0000
788.0,F1,10.00,33.7721,31.3254,31.1263,9.0443,0.9557,1.0000,1,0.0000
789.0,F1,10.00,33.8000,31.3347,31.1209,9.0389,0.9611,1.0000,1,0.0000
790.0,F1,10.00,33.8334,31.3460,31.1247,9.0427,0.9573,1.0000,1,0.0000
791.0,F1,10.00,33.8722,31.3600,31.1267,9.0447,0.9553,1.0000,1,0.0000
792.0,F1,10.00,33.9070,31.3689,31.1274,9.0454,0.9546,1.0000,1,0.0000
793.0,F1,10.00,33.9496,31.3910,31.1335,9.0515,0.9485,1.0000,1,0.0000
794.0,F1,10.00,33.9966,31.4176,31.1448,9.0628,0.9372,1.0000,1,0.0000
795.0,F1,10.00,34.0415,31.4439,31.1593,9.0773,0.9227,1.0000,1,0.0000
796.0,F1,10.00,34.0881,31.4710,31.1763,9.0943,0.9057,1.0000,1,0.0000
797.0,F1,10.00,34.1340,31.5007,31.1886,9.1066,0.8934,1.0000,1,0.0000
798.0,F1,10.00,34.1824,31.5220,31.2011,9.1191,0.8809,1.0000,1,0.0000
799.0,F1,10.00,34.2296,31.5488,31.2136,9.1316,0.8684,1.0000,1,0.0000
800.0,F1,10.00,34.2769,31.5796,31.2244,9.1424,0.8576,1.0000,1,0.0000
801.0,F1,10.00,34.3143,31.6003,31.2372,9.1552,0.8448,1.0000,1,0.0000
802.0,F1,10.00,34.3634,31.6187,31.2511,9.1691,0.8309,1.0000,1,0.0000
803.0,F1,10.00,34.4106,31.6486,31.2646,9.1826,0.8174,1.0000,1,0.0000
804.0,F1,10.00,34.4627,31.6738,31.2805,9.1985,0.8015,1.0000,1,0.0000
805.0,F1,10.00,34.5226,31.6933,31.2997,9.2177,0.7823,1.0000,1,0.0000
806.0,F1,10.00,34.5722,31.7179,31.3161,9.2341,0.7659,1.0000,1,0.0000
807.0,F1,10.00,34.6105,31.7426,31.3438,9.2618,0.7382,1.0000,1,0.0000
808.0,F1,10.00,34.6495,31.7660,31.3613,9.2793,0.7207,1.0000,1,0.0000
809.0,F1,10.00,34.6790,31.7871,31.3773,9.2953,0.7047,1.0000,1,0.0000
810.0,F1,10.00,34.7003,31.8060,31.3909,9.3089,0.6911,1.0000,1,0.0000
811.0,F1,10.00,34.7168,31.8201,31.4030,9.3210,0.6790,1.0000,1,0.0000
812.0,F1,10.00,34.7401,31.8363,31.4147,9.3327,0.6673,1.0000,1,0.0000
813.0,F1,10.00,34.7701,31.8545,31.4289,9.3469,0.6531,1.0000,1,0.0000
814.0,F1,10.00,34.8036,31.8774,31.4413,9.3593,0.6407,1.0000,1,0.0000
815.0,F1,10.00,34.8337,31.8877,31.4537,9.3717,0.6283,1.0000,1,0.0000
816.0,F1,10.00,34.8536,31.8936,31.4676,9.3856,0.6144,1.0000,1,0.0000
817.0,F1,10.00,34.8775,31.9025,31.4707,9.3887,0.6113,1.0000,1,0.0000
818.0,F1,10.00,34.8993,31.9194,31.4757,9.3937,0.6063,1.0000,1,0.0000
819.0,F1,10.00,34.9215,31.9419,31.4828,9.4008,0.5992,1.0000,1,0.0000
820.0,F1,10.00,34.9393,31.9552,31.4912,9.4092,0.5908,1.0000,1,0.0000
821.0,F1,10.00,34.9636,31.9710,31.4989,9.4169,0.5831,1.0000,1,0.0000
822.0,F1,10.00,34.9831,31.9819,31.5102,9.4282,0.5718,1.0000,1,0.0000
823.0,F1,10.00,35.0108,31.9934,31.5206,9.4386,0.5614,1.0000,1,0.0000
824.0,F1,10.00,35.0245,32.0080,31.5237,9.4417,0.5583,1.0000,1,0.0000
825.0,F1,10.00,35.0507,32.0205,31.5272,9.4452,0.5548,1.0000,1,0.0000
826.0,F1,10.00,35.0844,32.0449,31.5337,9.4517,0.5483,1.0000,1,0.0000
827.0,F1,10.00,35.1208,32.0578,31.5586,9.4766,0.5234,1.0000,1,0.0000
828.0,F1,10.00,35.1548,32.0768,31.5779,9.4959,0.5041,1.0000,1,0.0000
829.0,F1,10.00,35.1854,32.1039,31.6031,9.5211,0.4789,1.0000,1,0.0000
830.0,F1,10.00,35.2223,32.1356,31.6290,9.5470,0.4530,1.0000,1,0.0000
# F1,method=2,r=10.00,t_phase=400,e_ss=0.558,IAE=694.18,ISE=2273.35,TV=2.713,n_on=12,n_h=108.0,t5=390,c_p=0.732,c_pp=5.663,E=595.2
831.0,F2,7.00,35.2545,32.1633,31.6466,9.5646,-2.5646,1.0000,1,0.0000
832.0,F2,7.00,35.2772,32.1802,31.6578,9.5758,-2.5758,1.0000,1,0.0000
833.0,F2,7.00,35.2830,32.1892,31.6643,9.5823,-2.5823,1.0000,1,0.0000
834.0,F2,7.00,35.3049,32.2024,31.6734,9.5914,-2.5914,1.0000,1,0.0000
835.0,F2,7.00,35.3263,32.2188,31.6914,9.6094,-2.6094,1.0000,1,0.0000
836.0,F2,7.00,35.3512,32.2394,31.7169,9.6349,-2.6349,1.0000,1,0.0000
837.0,F2,7.00,35.3853,32.2694,31.7531,9.6711,-2.6711,1.0000,1,0.0000
838.0,F2,7.00,35.4187,32.2968,31.7808,9.6988,-2.6988,1.0000,1,0.0000
839.0,F2,7.00,35.4514,32.3208,31.8034,9.7214,-2.7214,1.0000,1,0.0000
840.0,F2,7.00,35.4883,32.3452,31.8282,9.7462,-2.7462,0.0000,0,0.0000
841.0,F2,7.00,35.5238,32.3770,31.8526,9.7706,-2.7706,0.0000,0,0.0000
842.0,F2,7.00,35.5690,32.4066,31.8766,9.7946,-2.7946,0.0000,0,0.0000
843.0,F2,7.00,35.6207,32.4435,31.9140,9.8320,-2.8320,0.0000,0,0.0000
844.0,F2,7.00,35.6723,32.4823,31.9426,9.8606,-2.8606,0.0000,0,0.0000
845.0,F2,7.00,35.7169,32.5256,31.9675,9.8855,-2.8855,0.0000,0,0.0000
846.0,F2,7.00,35.7476,32.5637,31.9846,9.9026,-2.9026,0.0000,0,0.0000
847.0,F2,7.00,35.7740,32.5997,32.0114,9.9294,-2.9294,0.0000,0,0.0000
848.0,F2,7.00,35.7842,32.6346,32.0396,9.9576,-2.9576,0.0000,0,0.0000
849.0,F2,7.00,35.7780,32.6674,32.0706,9.9886,-2.9886,0.0000,0,0.0000
850.0,F2,7.00,35.7667,32.6921,32.0920,10.0100,-3.0100,0.0000,0,0.0000
851.0,F2,7.00,35.7377,32.7133,32.1064,10.0244,-3.0244,0.0000,0,0.0000
852.0,F2,7.00,35.7011,32.7315,32.1281,10.0461,-3.0461,0.0000,0,0.0000
853.0,F2,7.00,35.6606,32.7452,32.1438,10.0618,-3.0618,0.0000,0,0.0000
854.0,F2,7.00,35.6180,32.7557,32.1631,10.0811,-3.0811,0.0000,0,0.0000
855.0,F2,7.00,35.5807,32.7686,32.1873,10.1053,-3.1053,0.0000,0,0.0000
856.0,F2,7.00,35.5241,32.7844,32.2043,10.1223,-3.1223,0.0000,0,0.0000
857.0,F2,7.00,35.4706,32.7850,32.2213,10.1393,-3.1393,0.0000,0,0.0000
858.0,F2,7.00,35.4125,32.7950,32.2397,10.1577,-3.1577,0.0000,0,0.0000
859.0,F2,7.00,35.3473,32.7948,32.2411,10.1591,-3.1591,0.0000,0,0.0000
860.0,F2,7.00,35.2799,32.7914,32.2607,10.1786,-3.1786,0.0000,0,0.0000
861.0,F2,7.00,35.2055,32.7856,32.2935,10.2115,-3.2115,0.0000,0,0.0000
862.0,F2,7.00,35.1497,32.7829,32.3201,10.2381,-3.2381,0.0000,0,0.0000
863.0,F2,7.00,35.0955,32.7839,32.3424,10.2604,-3.2604,0.0000,0,0.0000
864.0,F2,7.00,35.0465,32.7877,32.3601,10.2781,-3.2781,0.0000,0,0.0000
865.0,F2,7.00,35.0033,32.7824,32.3824,10.3004,-3.3004,0.0000,0,0.0000
866.0,F2,7.00,34.9526,32.7764,32.3812,10.2992,-3.2992,0.0000,0,0.0000
867.0,F2,7.00,34.9063,32.7686,32.3877,10.3057,-3.3057,0.0000,0,0.0000
868.0,F2,7.00,34.8553,32.7576,32.3937,10.3117,-3.3117,0.0000,0,0.0000
869.0,F2,7.00,34.7896,32.7382,32.4022,10.3202,-3.3202,0.0000,0,0.0000
870.0,F2,7.00,34.7304,32.7220,32.4160,10.3340,-3.3340,0.0000,0,0.0000
871.0,F2,7.00,34.6681,32.7078,32.4232,10.3412,-3.3412,0.0000,0,0.0000
872.0,F2,7.00,34.6125,32.6920,32.4319,10.3499,-3.3499,0.0000,0,0.0000
873.0,F2,7.00,34.5673,32.6822,32.4283,10.3463,-3.3463,0.0000,0,0.0000
874.0,F2,7.00,34.5137,32.6768,32.4384,10.3564,-3.3564,0.0000,0,0.0000
875.0,F2,7.00,34.4650,32.6645,32.4500,10.3680,-3.3680,0.0000,0,0.0000
876.0,F2,7.00,34.4156,32.6604,32.4567,10.3747,-3.3747,0.0000,0,0.0000
877.0,F2,7.00,34.3565,32.6381,32.4577,10.3757,-3.3757,0.0000,0,0.0000
878.0,F2,7.00,34.2953,32.6119,32.4581,10.3761,-3.3761,0.0000,0,0.0000
879.0,F2,7.00,34.2507,32.5901,32.4547,10.3727,-3.3727,0.0000,0,0.0000
880.0,F2,7.00,34.1940,32.5665,32.4576,10.3756,-3.3756,0.0000,0,0.0000
881.0,F2,7.00,34.1394,32.5505,32.4677,10.3857,-3.3857,0.0000,0,0.0000
882.0,F2,7.00,34.0901,32.5373,32.4686,10.3866,-3.3866,0.0000,0,0.0000
883.0,F2,7.00,34.0437,32.5180,32.4666,10.3846,-3.3846,0.0000,0,0.0000
884.0,F2,7.00,33.9880,32.5041,32.4653,10.3833,-3.3833,0.0000,0,0.0000
885.0,F2,7.00,33.9434,32.4857,32.4574,10.3754,-3.3754,0.0000,0,0.0000
886.0,F2,7.00,33.8993,32.4706,32.4544,10.3724,-3.3724,0.0000,0,0.0000
887.0,F2,7.00,33.8493,32.4409,32.4485,10.3665,-3.3665,0.0000,0,0.0000
888.0,F2,7.00,33.7986,32.4261,32.4352,10.3531,-3.3531,0.0000,0,0.0000
889.0,F2,7.00,33.7469,32.4069,32.4259,10.3439,-3.3439,0.0000,0,0.0000
890.0,F2,7.00,33.7057,32.3764,32.4172,10.3352,-3.3352,0.0000,0,0.0000
891.0,F2,7.00,33.6561,32.3596,32.4101,10.3281,-3.3281,0.0000,0,0.0000
892.0,F2,7.00,33.6093,32.3369,32.3988,10.3168,-3.3168,0.0000,0,0.0000
893.0,F2,7.00,33.5653,32.3093,32.3866,10.3046,-3.3046,0.0000,0,0.0000
894.0,F2,7.00,33.5239,32.2865,32.3700,10.2880,-3.2880,0.0000,0,0.0000
895.0,F2,7.00,33.4781,32.2624,32.3517,10.2697,-3.2697,0.0000,0,0.0000
896.0,F2,7.00,33.4345,32.2340,32.3291,10.2471,-3.2471,0.0000,0,0.0000
897.0,F2,7.00,33.3831,32.2090,32.3125,10.2305,-3.2305,0.0000,0,0.0000
898.0,F2,7.00,33.3329,32.1859,32.3036,10.2216,-3.2216,0.0000,0,0.0000
899.0,F2,7.00,33.2812,32.1627,32.2891,10.2071,-3.2071,0.0000,0,0.0000
900.0,F2,7.00,33.2310,32.1348,32.2714,10.1894,-3.1894,0.0000,0,0.0000
901.0,F2,7.00,33.1841,32.1080,32.2516,10.1696,-3.1696,0.0000,0,0.0000
902.0,F2,7.00,33.1418,32.0842,32.2381,10.1561,-3.1561,0.0000,0,0.0000
903.0,F2,7.00,33.0938,32.0649,32.2256,10.1436,-3.1436,0.0000,0,0.0000
904.0,F2,7.00,33.0455,32.0450,32.2030,10.1210,-3.1210,0.0000,0,0.0000
905.0,F2,7.00,33.0063,32.0186,32.1912,10.1092,-3.1092,0.0000,0,0.0000
906.0,F2,7.00,32.9691,32.0027,32.1811,10.0991,-3.0991,0.0000,0,0.0000
907.0,F2,7.00,32.9316,31.9785,32.1700,10.0880,-3.0880,0.0000,0,0.0000
908.0,F2,7.00,32.8872,31.9509,32.1579,10.0759,-3.0759,0.0000,0,0.0000
909.0,F2,7.00,32.8554,31.9334,32.1425,10.0605,-3.0605,0.0000,0,0.0000
910.0,F2,7.00,32.8192,31.9070,32.1303,10.0483,-3.0483,0.0000,0,0.0000
911.0,F2,7.00,32.7834,31.8828,32.1159,10.0339,-3.0339,0.0000,0,0.0000
912.0,F2,7.00,32.7447,31.8585,32.1036,10.0216,-3.0216,0.0000,0,0.0000
913.0,F2,7.00,32.7060,31.8275,32.0715,9.9895,-2.9895,0.0000,0,0.0000
914.0,F2,7.00,32.6526,31.7853,32.0363,9.9543,-2.9543,0.0000,0,0.0000
915.0,F2,7.00,32.5920,31.7419,32.0039,9.9219,-2.9219,0.0000,0,0.0000
916.0,F2,7.00,32.5157,31.6929,31.9742,9.8922,-2.8922,0.0000,0,0.0000
917.0,F2,7.00,32.4392,31.6479,31.9366,9.8546,-2.8546,0.0000,0,0.0000
918.0,F2,7.00,32.3919,31.6066,31.9019,9.8199,-2.8199,0.0000,0,0.0000
919.0,F2,7.00,32.3517,31.5736,31.8813,9.7993,-2.7993,0.0000,0,0.0000
920.0,F2,7.00,32.3170,31.5469,31.8549,9.7729,-2.7729,0.0000,0,0.0000
921.0,F2,7.00,32.2894,31.5279,31.8355,9.7535,-2.7535,0.0000,0,0.0000
922.0,F2,7.00,32.2629,31.5092,31.8289,9.7469,-2.7469,0.0000,0,0.0000
923.0,F2,7.00,32.2356,31.4894,31.8137,9.7317,-2.7317,0.0000,0,0.0000
924.0,F2,7.00,32.2109,31.4712,31.7937,9.7117,-2.7117,0.0000,0,0.0000
925.0,F2,7.00,32.1763,31.4519,31.7709,9.6889,-2.6889,0.0000,0,0.0000
926.0,F2,7.00,32.1424,31.4289,31.7500,9.6680,-2.6680,0.0000,0,0.0000
927.0,F2,7.00,32.1058,31.4081,31.7291,9.6471,-2.6471,0.0000,0,0.0000
928.0,F2,7.00,32.0712,31.3826,31.7031,9.6211,-2.6211,0.0000,0,0.0000
929.0,F2,7.00,32.0303,31.3538,31.6822,9.6002,-2.6002,0.0000,0,0.0000
930.0,F2,7.00,31.9961,31.3323,31.6664,9.5844,-2.5844,0.0000,0,0.0000
931.0,F2,7.00,31.9609,31.3148,31.6463,9.5643,-2.5643,0.0000,0,0.0000
932.0,F2,7.00,31.9251,31.2898,31.6248,9.5428,-2.5428,0.0000,0,0.0000
933.0,F2,7.00,31.8937,31.2655,31.6062,9.5242,-2.5242,0.0000,0,0.0000
934.0,F2,7.00,31.8617,31.2403,31.5886,9.5066,-2.5066,0.0000,0,0.0000
935.0,F2,7.00,31.8335,31.2146,31.5673,9.4853,-2.4853,0.0000,0,0.0000
936.0,F2,7.00,31.8069,31.1888,31.5458,9.4638,-2.4638,0.0000,0,0.0000
937.0,F2,7.00,31.7737,31.1674,31.5193,9.4373,-2.4373,0.0000,0,0.0000
938.0,F2,7.00,31.7300,31.1244,31.4864,9.4044,-2.4044,0.0000,0,0.0000
939.0,F2,7.00,31.6804,31.0898,31.4526,9.3706,-2.3706,0.0000,0,0.0000
940.0,F2,7.00,31.6315,31.0451,31.4204,9.3384,-2.3384,0.0000,0,0.0000
941.0,F2,7.00,31.5749,30.9899,31.3892,9.3072,-2.3072,0.0000,0,0.0000
942.0,F2,7.00,31.5140,30.9392,31.3608,9.2788,-2.2788,0.0000,0,0.0000
943.0,F2,7.00,31.4608,30.9009,31.3276,9.2456,-2.2456,0.0000,0,0.0000
944.0,F2,7.00,31.4249,30.8643,31.3051,9.2231,-2.2231,0.0000,0,0.0000
945.0,F2,7.00,31.3907,30.8383,31.2804,9.1984,-2.1984,0.0000,0,0.0000
946.0,F2,7.00,31.3656,30.8080,31.2531,9.1711,-2.1711,0.0000,0,0.0000
947.0,F2,7.00,31.3350,30.7791,31.2317,9.1497,-2.1497,0.0000,0,0.0000
948.0,F2,7.00,31.3110,30.7637,31.2147,9.1327,-2.1327,0.0000,0,0.0000
949.0,F2,7.00,31.2888,30.7589,31.1920,9.1100,-2.1100,0.0000,0,0.0000
950.0,F2,7.00,31.2719,30.7424,31.1656,9.0836,-2.0836,0.0000,0,0.0000
951.0,F2,7.00,31.2486,30.7348,31.1464,9.0644,-2.0644,0.0000,0,0.0000
952.0,F2,7.00,31.2364,30.7209,31.1328,9.0508,-2.0508,0.0000,0,0.0000
953.0,F2,7.00,31.2213,30.7069,31.1134,9.0314,-2.0314,0.0000,0,0.0000
954.0,F2,7.00,31.2028,30.6891,31.1008,9.0188,-2.0188,0.0000,0,0.0000
955.0,F2,7.00,31.1864,30.6508,31.0807,8.9987,-1.9987,0.0000,0,0.0000
956.0,F2,7.00,31.1681,30.6241,31.0572,8.9752,-1.9752,0.0000,0,0.0000
957.0,F2,7.00,31.1447,30.5987,31.0350,8.9530,-1.9530,0.0000,0,0.0000
958.0,F2,7.00,31.1216,30.5753,31.0086,8.9266,-1.9266,0.0000,0,0.0000
959.0,F2,7.00,31.0891,30.5501,30.9729,8.8909,-1.8909,0.0000,0,0.0000
960.0,F2,7.00,31.0475,30.5192,30.9481,8.8661,-1.8661,0.0000,0,0.0000
961.0,F2,7.00,31.0061,30.4913,30.9258,8.8438,-1.8438,0.0000,0,0.0000
962.0,F2,7.00,30.9821,30.4617,30.9036,8.8216,-1.8216,0.0000,0,0.0000
963.0,F2,7.00,30.9433,30.4349,30.8817,8.7997,-1.7997,0.0000,0,0.0000
964.0,F2,7.00,30.9083,30.4045,30.8592,8.7772,-1.7772,0.0000,0,0.0000
965.0,F2,7.00,30.8833,30.3805,30.8360,8.7540,-1.7540,0.0000,0,0.0000
966.0,F2,7.00,30.8579,30.3558,30.8194,8.7374,-1.7374,0.0000,0,0.0000
967.0,F2,7.00,30.8391,30.3304,30.7883,8.7063,-1.7063,0.0000,0,0.0000
968.0,F2,7.00,30.8171,30.3089,30.7593,8.6773,-1.6773,0.0000,0,0.0000
969.0,F2,7.00,30.7912,30.2886,30.7354,8.6534,-1.6534,0.0000,0,0.0000
970.0,F2,7.00,30.7669,30.2800,30.7080,8.6260,-1.6260,0.0000,0,0.0000
971.0,F2,7.00,30.7411,30.2670,30.6840,8.6020,-1.6020,0.0000,0,0.0000
972.0,F2,7.00,30.7178,30.2456,30.6574,8.5754,-1.5754,0.0000,0,0.0000
973.0,F2,7.00,30.6904,30.2258,30.6331,8.5511,-1.5511,0.0000,0,0.0000
974.0,F2,7.00,30.6690,30.2076,30.6098,8.5278,-1.5278,0.0000,0,0.0000
975.0,F2,7.00,30.6337,30.1888,30.5856,8.5036,-1.5036,0.0000,0,0.0000
976.0,F2,7.00,30.6147,30.1653,30.5605,8.4785,-1.4785,0.0000,0,0.0000
977.0,F2,7.00,30.5911,30.1416,30.5441,8.4621,-1.4621,0.0000,0,0.0000
978.0,F2,7.00,30.5692,30.1175,30.5198,8.4378,-1.4378,0.0000,0,0.0000
979.0,F2,7.00,30.5435,30.1049,30.5023,8.4203,-1.4203,0.0000,0,0.0000
980.0,F2,7.00,30.5208,30.0852,30.4852,8.4032,-1.4032,0.0000,0,0.0000
981.0,F2,7.00,30.5004,30.0712,30.4676,8.3856,-1.3856,0.0000,0,0.0000
982.0,F2,7.00,30.4832,30.0514,30.4488,8.3668,-1.3668,0.0000,0,0.0000
983.0,F2,7.00,30.4617,30.0308,30.4232,8.3412,-1.3412,0.0000,0,0.0000
984.0,F2,7.00,30.4368,30.0096,30.3973,8.3153,-1.3153,0.0000,0,0.0000
985.0,F2,7.00,30.4102,29.9886,30.3767,8.2947,-1.2947,0.0000,0,0.0000
986.0,F2,7.00,30.3792,29.9636,30.3564,8.2744,-1.2744,0.0000,0,0.0000
987.0,F2,7.00,30.3456,29.9312,30.3358,8.2538,-1.2538,0.0000,0,0.0000
988.0,F2,7.00,30.3168,29.8989,30.3063,8.2243,-1.2243,0.0000,0,0.0000
989.0,F2,7.00,30.2922,29.8757,30.2754,8.1934,-1.1934,0.0000,0,0.0000
990.0,F2,7.00,30.2631,29.8480,30.2461,8.1641,-1.1641,0.0000,0,0.0000
991.0,F2,7.00,30.2560,29.8206,30.2245,8.1425,-1.1425,0.0000,0,0.0000
992.0,F2,7.00,30.2318,29.7914,30.1959,8.1139,-1.1139,0.0000,0,0.0000
993.0,F2,7.00,30.1973,29.7579,30.1699,8.0879,-1.0879,0.0000,0,0.0000
994.0,F2,7.00,30.1634,29.7286,30.1456,8.0636,-1.0636,0.0000,0,0.0000
995.0,F2,7.00,30.1357,29.7018,30.1178,8.0358,-1.0358,0.0000,0,0.0000
996.0,F2,7.00,30.1023,29.6790,30.0840,8.0020,-1.0020,0.0000,0,0.0000
997.0,F2,7.00,30.0832,29.6565,30.0532,7.9712,-0.9712,0.0000,0,0.0000
998.0,F2,7.00,30.0597,29.6308,30.0281,7.9461,-0.9461,0.0000,0,0.0000
999.0,F2,7.00,30.0344,29.6064,30.0031,7.9211,-0.9211,0.0000,0,0.0000
1000.0,F2,7.00,30.0045,29.5818,29.9834,7.9014,-0.9014,0.0000,0,0.0000
1001.0,F2,7.00,29.9769,29.5609,29.9576,7.8756,-0.8756,0.0000,0,0.0000
1002.0,F2,7.00,29.9550,29.5404,29.9394,7.8574,-0.8574,0.0000,0,0.0000
1003.0,F2,7.00,29.9329,29.5197,29.9177,7.8357,-0.8357,0.0000,0,0.0000
1004.0,F2,7.00,29.9130,29.4984,29.8967,7.8147,-0.8147,0.0000,0,0.0000
1005.0,F2,7.00,29.8855,29.4751,29.8709,7.7889,-0.7889,0.0000,0,0.0000
1006.0,F2,7.00,29.8487,29.4504,29.8477,7.7657,-0.7657,0.0000,0,0.0000
1007.0,F2,7.00,29.8221,29.4232,29.8225,7.7405,-0.7405,0.0000,0,0.0000
1008.0,F2,7.00,29.7924,29.3971,29.8008,7.7188,-0.7188,0.0000,0,0.0000
1009.0,F2,7.00,29.7736,29.3726,29.7818,7.6998,-0.6998,0.0000,0,0.0000
1010.0,F2,7.00,29.7531,29.3542,29.7627,7.6807,-0.6807,0.0000,0,0.0000
1011.0,F2,7.00,29.7310,29.3351,29.7387,7.6567,-0.6567,0.0000,0,0.0000
1012.0,F2,7.00,29.7105,29.3136,29.7129,7.6309,-0.6309,0.0000,0,0.0000
1013.0,F2,7.00,29.6786,29.2833,29.6843,7.6023,-0.6023,0.0000,0,0.0000
1014.0,F2,7.00,29.6504,29.2550,29.6594,7.5774,-0.5774,0.0000,0,0.0000
1015.0,F2,7.00,29.6207,29.2335,29.6328,7.5508,-0.5508,0.0000,0,0.0000
1016.0,F2,7.00,29.5880,29.2046,29.6060,7.5240,-0.5240,0.0000,0,0.0000
1017.0,F2,7.00,29.5584,29.1721,29.5810,7.4990,-0.4990,0.0000,0,0.0000
1018.0,F2,7.00,29.5232,29.1498,29.5637,7.4817,-0.4817,0.0000,0,0.0000
1019.0,F2,7.00,29.4967,29.1309,29.5412,7.4592,-0.4592,0.0000,0,0.0000
1020.0,F2,7.00,29.4703,29.1082,29.5220,7.4400,-0.4400,0.0000,0,0.0000
1021.0,F2,7.00,29.4389,29.0883,29.5002,7.4182,-0.4182,0.0000,0,0.0000
1022.0,F2,7.00,29.4184,29.0706,29.4769,7.3949,-0.3949,0.0000,0,0.0000
1023.0,F2,7.00,29.3981,29.0501,29.4612,7.3792,-0.3792,0.0000,0,0.0000
1024.0,F2,7.00,29.3770,29.0294,29.4309,7.3489,-0.3489,0.0000,0,0.0000
1025.0,F2,7.00,29.3588,29.0068,29.3999,7.3179,-0.3179,0.0000,0,0.0000
1026.0,F2,7.00,29.3383,28.9852,29.3693,7.2873,-0.2873,0.0000,0,0.0000
1027.0,F2,7.00,29.3114,28.9578,29.3427,7.2607,-0.2607,0.0000,0,0.0000
1028.0,F2,7.00,29.2862,28.9244,29.3101,7.2281,-0.2281,0.0000,0,0.0000
1029.0,F2,7.00,29.2536,28.8932,29.2776,7.1956,-0.1956,0.0000,0,0.0000
1030.0,F2,7.00,29.2205,28.8616,29.2499,7.1679,-0.1679,0.0000,0,0.0000
1031.0,F2,7.00,29.1831,28.8350,29.2205,7.1385,-0.1385,0.0000,0,0.0000
1032.0,F2,7.00,29.1537,28.8074,29.1848,7.1028,-0.1028,0.0000,0,0.0000
1033.0,F2,7.00,29.1262,28.7858,29.1602,7.0782,-0.0782,0.0000,0,0.0000
1034.0,F2,7.00,29.0990,28.7599,29.1324,7.0504,-0.0504,0.0000,0,0.0000
1035.0,F2,7.00,29.0555,28.7368,29.1140,7.0320,-0.0320,0.0000,0,0.0000
1036.0,F2,7.00,29.0242,28.7133,29.0888,7.0068,-0.0068,0.0000,0,0.0000
1037.0,F2,7.00,28.9989,28.6917,29.0731,6.9911,0.0089,0.0000,0,0.0000
1038.0,F2,7.00,28.9707,28.6713,29.0494,6.9674,0.0326,0.0000,0,0.0000
1039.0,F2,7.00,28.9425,28.6414,29.0246,6.9426,0.0574,0.0000,0,0.0000
1040.0,F2,7.00,28.9172,28.6147,28.9860,6.9040,0.0960,1.0000,1,0.0000
1041.0,F2,7.00,28.8962,28.5885,28.9566,6.8746,0.1254,1.0000,1,0.0000
1042.0,F2,7.00,28.8735,28.5619,28.9331,6.8511,0.1489,1.0000,1,0.0000
1043.0,F2,7.00,28.8529,28.5420,28.9101,6.8281,0.1719,1.0000,1,0.0000
1044.0,F2,7.00,28.8432,28.5216,28.8978,6.8158,0.1842,1.0000,1,0.0000
1045.0,F2,7.00,28.8406,28.5066,28.8857,6.8037,0.1963,1.0000,1,0.0000
1046.0,F2,7.00,28.8458,28.4949,28.8709,6.7889,0.2111,1.0000,1,0.0000
1047.0,F2,7.00,28.8591,28.4800,28.8549,6.7729,0.2271,1.0000,1,0.0000
1048.0,F2,7.00,28.8795,28.4652,28.8388,6.7568,0.2432,1.0000,1,0.0000
1049.0,F2,7.00,28.9082,28.4533,28.8250,6.7430,0.2570,1.0000,1,0.0000
1050.0,F2,7.00,28.9456,28.4393,28.8108,6.7288,0.2712,1.0000,1,0.0000
1051.0,F2,7.00,28.9824,28.4282,28.7930,6.7110,0.2890,1.0000,1,0.0000
1052.0,F2,7.00,29.0210,28.4131,28.7729,6.6909,0.3091,1.0000,1,0.0000
1053.0,F2,7.00,29.0642,28.3946,28.7438,6.6618,0.3382,1.0000,1,0.0000
1054.0,F2,7.00,29.0975,28.3763,28.7153,6.6333,0.3667,1.0000,1,0.0000
1055.0,F2,7.00,29.1359,28.3664,28.6861,6.6041,0.3959,1.0000,1,0.0000
1056.0,F2,7.00,29.1834,28.3584,28.6623,6.5803,0.4197,1.0000,1,0.0000
1057.0,F2,7.00,29.2283,28.3475,28.6390,6.5570,0.4430,1.0000,1,0.0000
1058.0,F2,7.00,29.2874,28.3423,28.6153,6.5333,0.4667,1.0000,1,0.0000
1059.0,F2,7.00,29.3442,28.3376,28.5961,6.5141,0.4859,1.0000,1,0.0000
1060.0,F2,7.00,29.3972,28.3351,28.5885,6.5065,0.4935,1.0000,1,0.0000
1061.0,F2,7.00,29.4514,28.3402,28.5733,6.4913,0.5087,1.0000,1,0.0000
1062.0,F2,7.00,29.5124,28.3420,28.5594,6.4774,0.5226,1.0000,1,0.0000
1063.0,F2,7.00,29.5777,28.3444,28.5419,6.4599,0.5401,1.0000,1,0.0000
1064.0,F2,7.00,29.6390,28.3482,28.5245,6.4425,0.5575,1.0000,1,0.0000
1065.0,F2,7.00,29.6928,28.3540,28.5077,6.4257,0.5743,1.0000,1,0.0000
1066.0,F2,7.00,29.7639,28.3611,28.5016,6.4196,0.5804,1.0000,1,0.0000
1067.0,F2,7.00,29.8200,28.3697,28.4839,6.4019,0.5981,1.0000,1,0.0000
1068.0,F2,7.00,29.8777,28.3763,28.4668,6.3848,0.6152,1.0000,1,0.0000
1069.0,F2,7.00,29.9402,28.3867,28.4553,6.3733,0.6267,1.0000,1,0.0000
1070.0,F2,7.00,30.0091,28.4025,28.4486,6.3666,0.6334,1.0000,1,0.0000
# F2,method=2,r=7.00,t_phase=240,e_ss=-0.563,IAE=447.40,ISE=1156.56,TV=2.000,n_on=1,n_h=15.0,t5=not_reached,c_p=3.376,c_pp=4.009,E=76.8
1071.0,F3,7.00,30.0672,28.4189,28.4409,6.3589,0.6411,1.0000,1,0.0000
1072.0,F3,7.00,30.1265,28.4339,28.4502,6.3682,0.6318,1.0000,1,0.0000
1073.0,F3,7.00,30.1746,28.4492,28.4497,6.3677,0.6323,1.0000,1,0.0000
1074.0,F3,7.00,30.2232,28.4709,28.4467,6.3647,0.6353,1.0000,1,0.0000
1075.0,F3,7.00,30.2845,28.4879,28.4436,6.3616,0.6384,1.0000,1,0.0000
1076.0,F3,7.00,30.3448,28.5109,28.4430,6.3610,0.6390,1.0000,1,0.0000
1077.0,F3,7.00,30.4106,28.5369,28.4454,6.3634,0.6366,1.0000,1,0.0000
1078.0,F3,7.00,30.4702,28.5597,28.4494,6.3674,0.6326,1.0000,1,0.0000
1079.0,F3,7.00,30.5351,28.5825,28.4555,6.3735,0.6265,1.0000,1,0.0000
1080.0,F3,7.00,30.6002,28.6089,28.4517,6.3697,0.6303,1.0000,1,0.0000
1081.0,F3,7.00,30.6612,28.6333,28.4562,6.3742,0.6258,1.0000,1,0.0000
1082.0,F3,7.00,30.7261,28.6529,28.4610,6.3790,0.6210,1.0000,1,0.0000
1083.0,F3,7.00,30.7841,28.6814,28.4606,6.3786,0.6214,1.0000,1,0.0000
1084.0,F3,7.00,30.8410,28.7017,28.4780,6.3960,0.6040,1.0000,1,0.0000
1085.0,F3,7.00,30.8896,28.7255,28.4897,6.4077,0.5923,1.0000,1,0.0000
1086.0,F3,7.00,30.9538,28.7498,28.5039,6.4219,0.5781,1.0000,1,0.0000
1087.0,F3,7.00,31.0186,28.7823,28.5194,6.4374,0.5626,1.0000,1,0.0000
1088.0,F3,7.00,31.0806,28.8112,28.5303,6.4483,0.5517,1.0000,1,0.0000
1089.0,F3,7.00,31.1454,28.8432,28.5428,6.4608,0.5392,1.0000,1,0.0000
1090.0,F3,7.00,31.2101,28.8734,28.5438,6.4618,0.5382,1.0000,1,0.0000
1091.0,F3,7.00,31.2685,28.9039,28.5454,6.4634,0.5366,1.0000,1,0.0000
1092.0,F3,7.00,31.3218,28.9288,28.5492,6.4672,0.5328,1.0000,1,0.0000
1093.0,F3,7.00,31.3787,28.9544,28.5607,6.4787,0.5213,1.0000,1,0.0000
1094.0,F3,7.00,31.4317,28.9897,28.5772,6.4952,0.5048,1.0000,1,0.0000
1095.0,F3,7.00,31.4904,29.0144,28.5922,6.5102,0.4898,1.0000,1,0.0000
1096.0,F3,7.00,31.5481,29.0469,28.6182,6.5362,0.4638,1.0000,1,0.0000
1097.0,F3,7.00,31.6017,29.0874,28.6602,6.5782,0.4218,1.0000,1,0.0000
1098.0,F3,7.00,31.6683,29.1228,28.6807,6.5987,0.4013,1.0000,1,0.0000
1099.0,F3,7.00,31.7220,29.1547,28.6975,6.6155,0.3845,1.0000,1,0.0000
1100.0,F3,7.00,31.7746,29.1795,28.7133,6.6313,0.3687,1.0000,1,0.0000
1101.0,F3,7.00,31.8306,29.2145,28.7400,6.6580,0.3420,1.0000,1,0.0000
1102.0,F3,7.00,31.8803,29.2487,28.7645,6.6825,0.3175,1.0000,1,0.0000
1103.0,F3,7.00,31.9306,29.2854,28.7868,6.7048,0.2952,1.0000,1,0.0000
1104.0,F3,7.00,31.9737,29.3204,28.8209,6.7389,0.2611,1.0000,1,0.0000
1105.0,F3,7.00,32.0234,29.3513,28.8424,6.7604,0.2396,1.0000,1,0.0000
1106.0,F3,7.00,32.0682,29.3866,28.8626,6.7806,0.2194,1.0000,1,0.0000
1107.0,F3,7.00,32.1136,29.4207,28.8867,6.8047,0.1953,1.0000,1,0.0000
1108.0,F3,7.00,32.1637,29.4547,28.9069,6.8249,0.1751,1.0000,1,0.0000
1109.0,F3,7.00,32.2180,29.4839,28.9284,6.8464,0.1536,1.0000,1,0.0000
1110.0,F3,7.00,32.2689,29.5191,28.9552,6.8732,0.1268,1.0000,1,0.0000
1111.0,F3,7.00,32.3148,29.5478,28.9823,6.9003,0.0997,1.0000,1,0.0000
1112.0,F3,7.00,32.3568,29.5828,29.0173,6.9353,0.0647,1.0000,1,0.0000
1113.0,F3,7.00,32.4005,29.6138,29.0407,6.9587,0.0413,1.0000,1,0.0000
1114.0,F3,7.00,32.4450,29.6496,29.0707,6.9887,0.0113,1.0000,1,0.0000
1115.0,F3,7.00,32.4926,29.6773,29.0993,7.0173,-0.0173,1.0000,1,0.0000
1116.0,F3,7.00,32.5280,29.7131,29.1245,7.0424,-0.0424,1.0000,1,0.0000
1117.0,F3,7.00,32.5690,29.7443,29.1510,7.0690,-0.0690,1.0000,1,0.0000
1118.0,F3,7.00,32.6138,29.7763,29.1752,7.0932,-0.0932,1.0000,1,0.0000
1119.0,F3,7.00,32.6544,29.8113,29.2078,7.1258,-0.1258,1.0000,1,0.0000
1120.0,F3,7.00,32.6882,29.8455,29.2275,7.1455,-0.1455,0.0000,0,0.0000
1121.0,F3,7.00,32.7371,29.8791,29.2602,7.1782,-0.1782,0.0000,0,0.0000
1122.0,F3,7.00,32.7815,29.9138,29.2810,7.1990,-0.1990,0.0000,0,0.0000
1123.0,F3,7.00,32.8239,29.9398,29.3041,7.2221,-0.2221,0.0000,0,0.0000
1124.0,F3,7.00,32.8645,29.9698,29.3270,7.2450,-0.2450,0.0000,0,0.0000
1125.0,F3,7.00,32.8908,29.9935,29.3484,7.2664,-0.2664,0.0000,0,0.0000
1126.0,F3,7.00,32.9105,30.0273,29.3692,7.2872,-0.2872,0.0000,0,0.0000
1127.0,F3,7.00,32.9184,30.0547,29.3893,7.3073,-0.3073,0.0000,0,0.0000
1128.0,F3,7.00,32.9161,30.0804,29.4097,7.3277,-0.3277,0.0000,0,0.0000
1129.0,F3,7.00,32.9058,30.1051,29.4328,7.3508,-0.3508,0.0000,0,0.0000
1130.0,F3,7.00,32.8929,30.1307,29.4559,7.3739,-0.3739,0.0000,0,0.0000
1131.0,F3,7.00,32.8702,30.1590,29.4750,7.3930,-0.3930,0.0000,0,0.0000
1132.0,F3,7.00,32.8458,30.1754,29.4989,7.4169,-0.4169,0.0000,0,0.0000
1133.0,F3,7.00,32.8221,30.1946,29.5210,7.4390,-0.4390,0.0000,0,0.0000
1134.0,F3,7.00,32.7880,30.2090,29.5450,7.4630,-0.4630,0.0000,0,0.0000
1135.0,F3,7.00,32.7419,30.2220,29.5683,7.4863,-0.4863,0.0000,0,0.0000
1136.0,F3,7.00,32.6954,30.2243,29.5884,7.5064,-0.5064,0.0000,0,0.0000
1137.0,F3,7.00,32.6499,30.2375,29.6087,7.5267,-0.5267,0.0000,0,0.0000
1138.0,F3,7.00,32.6055,30.2474,29.6309,7.5489,-0.5489,0.0000,0,0.0000
1139.0,F3,7.00,32.5538,30.2603,29.6519,7.5699,-0.5699,0.0000,0,0.0000
1140.0,F3,7.00,32.5103,30.2632,29.6745,7.5925,-0.5925,0.0000,0,0.0000
1141.0,F3,7.00,32.4582,30.2640,29.6895,7.6075,-0.6075,0.0000,0,0.0000
1142.0,F3,7.00,32.4131,30.2710,29.7113,7.6293,-0.6293,0.0000,0,0.0000
1143.0,F3,7.00,32.3629,30.2723,29.7285,7.6465,-0.6465,0.0000,0,0.0000
1144.0,F3,7.00,32.3170,30.2746,29.7386,7.6566,-0.6566,0.0000,0,0.0000
1145.0,F3,7.00,32.2678,30.2719,29.7540,7.6720,-0.6720,0.0000,0,0.0000
1146.0,F3,7.00,32.2229,30.2722,29.7679,7.6859,-0.6859,0.0000,0,0.0000
1147.0,F3,7.00,32.1726,30.2683,29.7871,7.7051,-0.7051,0.0000,0,0.0000
1148.0,F3,7.00,32.1230,30.2635,29.8036,7.7216,-0.7216,0.0000,0,0.0000
1149.0,F3,7.00,32.0749,30.2567,29.8181,7.7361,-0.7361,0.0000,0,0.0000
1150.0,F3,7.00,32.0275,30.2485,29.8295,7.7475,-0.7475,0.0000,0,0.0000
1151.0,F3,7.00,31.9738,30.2371,29.8398,7.7578,-0.7578,0.0000,0,0.0000
1152.0,F3,7.00,31.9196,30.2238,29.8380,7.7560,-0.7560,0.0000,0,0.0000
1153.0,F3,7.00,31.8687,30.2096,29.8354,7.7534,-0.7534,0.0000,0,0.0000
1154.0,F3,7.00,31.8096,30.1983,29.8351,7.7531,-0.7531,0.0000,0,0.0000
1155.0,F3,7.00,31.7512,30.1850,29.8354,7.7534,-0.7534,0.0000,0,0.0000
1156.0,F3,7.00,31.6962,30.1768,29.8424,7.7604,-0.7604,0.0000,0,0.0000
1157.0,F3,7.00,31.6456,30.1652,29.8500,7.7680,-0.7680,0.0000,0,0.0000
1158.0,F3,7.00,31.5921,30.1505,29.8566,7.7746,-0.7746,0.0000,0,0.0000
1159.0,F3,7.00,31.5383,30.1304,29.8510,7.7690,-0.7690,0.0000,0,0.0000
1160.0,F3,7.00,31.4875,30.1122,29.8573,7.7753,-0.7753,0.0000,0,0.0000
1161.0,F3,7.00,31.4295,30.0849,29.8611,7.7791,-0.7791,0.0000,0,0.0000
1162.0,F3,7.00,31.3798,30.0626,29.8564,7.7744,-0.7744,0.0000,0,0.0000
1163.0,F3,7.00,31.3371,30.0430,29.8544,7.7724,-0.7724,0.0000,0,0.0000
1164.0,F3,7.00,31.2917,30.0255,29.8469,7.7649,-0.7649,0.0000,0,0.0000
1165.0,F3,7.00,31.2483,30.0077,29.8464,7.7644,-0.7644,0.0000,0,0.0000
1166.0,F3,7.00,31.2091,29.9904,29.8477,7.7657,-0.7657,0.0000,0,0.0000
1167.0,F3,7.00,31.1695,29.9784,29.8581,7.7761,-0.7761,0.0000,0,0.0000
1168.0,F3,7.00,31.1291,29.9607,29.8559,7.7739,-0.7739,0.0000,0,0.0000
1169.0,F3,7.00,31.0879,29.9406,29.8488,7.7668,-0.7668,0.0000,0,0.0000
1170.0,F3,7.00,31.0368,29.9206,29.8430,7.7610,-0.7610,0.0000,0,0.0000
1171.0,F3,7.00,30.9950,29.8986,29.8358,7.7538,-0.7538,0.0000,0,0.0000
1172.0,F3,7.00,30.9505,29.8791,29.8288,7.7468,-0.7468,0.0000,0,0.0000
1173.0,F3,7.00,30.9112,29.8547,29.8177,7.7357,-0.7357,0.0000,0,0.0000
1174.0,F3,7.00,30.8766,29.8351,29.8109,7.7289,-0.7289,0.0000,0,0.0000
1175.0,F3,7.00,30.8571,29.8144,29.7997,7.7177,-0.7177,0.0000,0,0.0000
1176.0,F3,7.00,30.8182,29.7924,29.7799,7.6979,-0.6979,0.0000,0,0.0000
1177.0,F3,7.00,30.7852,29.7780,29.7708,7.6888,-0.6888,0.0000,0,0.0000
1178.0,F3,7.00,30.7527,29.7577,29.7632,7.6812,-0.6812,0.0000,0,0.0000
1179.0,F3,7.00,30.7113,29.7341,29.7533,7.6713,-0.6713,0.0000,0,0.0000
1180.0,F3,7.00,30.6772,29.7116,29.7466,7.6646,-0.6646,0.0000,0,0.0000
1181.0,F3,7.00,30.6459,29.6895,29.7410,7.6590,-0.6590,0.0000,0,0.0000
1182.0,F3,7.00,30.6060,29.6664,29.7340,7.6520,-0.6520,0.0000,0,0.0000
1183.0,F3,7.00,30.5717,29.6494,29.7277,7.6457,-0.6457,0.0000,0,0.0000
1184.0,F3,7.00,30.5259,29.6299,29.7184,7.6364,-0.6364,0.0000,0,0.0000
1185.0,F3,7.00,30.4884,29.6041,29.7089,7.6269,-0.6269,0.0000,0,0.0000
1186.0,F3,7.00,30.4540,29.5884,29.6973,7.6153,-0.6153,0.0000,0,0.0000
1187.0,F3,7.00,30.4147,29.5664,29.6910,7.6090,-0.6090,0.0000,0,0.0000
1188.0,F3,7.00,30.3844,29.5565,29.6881,7.6061,-0.6061,0.0000,0,0.0000
1189.0,F3,7.00,30.3580,29.5378,29.6880,7.6060,-0.6060,0.0000,0,0.0000
1190.0,F3,7.00,30.3307,29.5289,29.6839,7.6019,-0.6019,0.0000,0,0.0000
1191.0,F3,7.00,30.2974,29.5111,29.6718,7.5898,-0.5898,0.0000,0,0.0000
1192.0,F3,7.00,30.2701,29.4924,29.6595,7.5775,-0.5775,0.0000,0,0.0000
1193.0,F3,7.00,30.2384,29.4727,29.6466,7.5646,-0.5646,0.0000,0,0.0000
1194.0,F3,7.00,30.1982,29.4578,29.6375,7.5555,-0.5555,0.0000,0,0.0000
1195.0,F3,7.00,30.1682,29.4475,29.6285,7.5465,-0.5465,0.0000,0,0.0000
1196.0,F3,7.00,30.1438,29.4311,29.6208,7.5388,-0.5388,0.0000,0,0.0000
1197.0,F3,7.00,30.1122,29.4146,29.6111,7.5291,-0.5291,0.0000,0,0.0000
1198.0,F3,7.00,30.0901,29.4031,29.5881,7.5061,-0.5061,0.0000,0,0.0000
1199.0,F3,7.00,30.0551,29.3851,29.5775,7.4955,-0.4955,0.0000,0,0.0000
1200.0,F3,7.00,30.0219,29.3631,29.5648,7.4828,-0.4828,0.0000,0,0.0000
1201.0,F3,7.00,29.9974,29.3482,29.5601,7.4781,-0.4781,0.0000,0,0.0000
1202.0,F3,7.00,29.9679,29.3303,29.5504,7.4684,-0.4684,0.0000,0,0.0000
1203.0,F3,7.00,29.9425,29.3159,29.5387,7.4567,-0.4567,0.0000,0,0.0000
1204.0,F3,7.00,29.9163,29.3040,29.5233,7.4413,-0.4413,0.0000,0,0.0000
1205.0,F3,7.00,29.8930,29.2864,29.5122,7.4302,-0.4302,0.0000,0,0.0000
1206.0,F3,7.00,29.8741,29.2737,29.5013,7.4193,-0.4193,0.0000,0,0.0000
1207.0,F3,7.00,29.8586,29.2575,29.4937,7.4117,-0.4117,0.0000,0,0.0000
1208.0,F3,7.00,29.8358,29.2450,29.4879,7.4059,-0.4059,0.0000,0,0.0000
1209.0,F3,7.00,29.8169,29.2308,29.4775,7.3955,-0.3955,0.0000,0,0.0000
1210.0,F3,7.00,29.8006,29.2180,29.4718,7.3898,-0.3898,0.0000,0,0.0000
1211.0,F3,7.00,29.7827,29.2057,29.4596,7.3776,-0.3776,0.0000,0,0.0000
1212.0,F3,7.00,29.7628,29.1918,29.4507,7.3687,-0.3687,0.0000,0,0.0000
1213.0,F3,7.00,29.7393,29.1754,29.4258,7.3438,-0.3438,0.0000,0,0.0000
1214.0,F3,7.00,29.7152,29.1586,29.3990,7.3170,-0.3170,0.0000,0,0.0000
1215.0,F3,7.00,29.6852,29.1292,29.3756,7.2936,-0.2936,0.0000,0,0.0000
1216.0,F3,7.00,29.6479,29.1061,29.3629,7.2809,-0.2809,0.0000,0,0.0000
1217.0,F3,7.00,29.6154,29.0833,29.3430,7.2610,-0.2610,0.0000,0,0.0000
1218.0,F3,7.00,29.5756,29.0628,29.3247,7.2427,-0.2427,0.0000,0,0.0000
1219.0,F3,7.00,29.5453,29.0398,29.3083,7.2263,-0.2263,0.0000,0,0.0000
1220.0,F3,7.00,29.5091,29.0189,29.2864,7.2044,-0.2044,0.0000,0,0.0000
1221.0,F3,7.00,29.4883,28.9936,29.2697,7.1877,-0.1877,0.0000,0,0.0000
1222.0,F3,7.00,29.4655,28.9720,29.2527,7.1707,-0.1707,0.0000,0,0.0000
1223.0,F3,7.00,29.4433,28.9578,29.2363,7.1543,-0.1543,0.0000,0,0.0000
1224.0,F3,7.00,29.4278,28.9416,29.2202,7.1382,-0.1382,0.0000,0,0.0000
1225.0,F3,7.00,29.4052,28.9189,29.1968,7.1148,-0.1148,0.0000,0,0.0000
1226.0,F3,7.00,29.3766,28.8962,29.1740,7.0920,-0.0920,0.0000,0,0.0000
1227.0,F3,7.00,29.3535,28.8657,29.1508,7.0688,-0.0688,0.0000,0,0.0000
1228.0,F3,7.00,29.3237,28.8486,29.1323,7.0503,-0.0503,0.0000,0,0.0000
1229.0,F3,7.00,29.3023,28.8270,29.1114,7.0294,-0.0294,0.0000,0,0.0000
1230.0,F3,7.00,29.2793,28.8015,29.0905,7.0085,-0.0085,0.0000,0,0.0000
1231.0,F3,7.00,29.2578,28.7821,29.0737,6.9917,0.0083,0.0000,0,0.0000
1232.0,F3,7.00,29.2325,28.7716,29.0650,6.9830,0.0170,0.0000,0,0.0000
1233.0,F3,7.00,29.2024,28.7502,29.0409,6.9589,0.0411,0.0000,0,0.0000
1234.0,F3,7.00,29.1634,28.7297,29.0206,6.9386,0.0614,0.0000,0,0.0000
1235.0,F3,7.00,29.1352,28.7008,29.0010,6.9190,0.0810,0.0000,0,0.0000
1236.0,F3,7.00,29.1026,28.6754,28.9819,6.8999,0.1001,0.0000,0,0.0000
1237.0,F3,7.00,29.0739,28.6541,28.9631,6.8811,0.1189,0.0000,0,0.0000
1238.0,F3,7.00,29.0503,28.6430,28.9534,6.8714,0.1286,0.0000,0,0.0000
1239.0,F3,7.00,29.0203,28.6230,28.9393,6.8573,0.1427,0.0000,0,0.0000
1240.0,F3,7.00,28.9934,28.6036,28.9237,6.8417,0.1583,1.0000,1,0.0000
1241.0,F3,7.00,28.9816,28.5860,28.9062,6.8242,0.1758,1.0000,1,0.0000
1242.0,F3,7.00,28.9608,28.5604,28.8789,6.7969,0.2031,1.0000,1,0.0000
1243.0,F3,7.00,28.9366,28.5293,28.8574,6.7754,0.2246,1.0000,1,0.0000
1244.0,F3,7.00,28.9182,28.5110,28.8377,6.7557,0.2443,1.0000,1,0.0000
1245.0,F3,7.00,28.9034,28.4916,28.8179,6.7359,0.2641,1.0000,1,0.0000
1246.0,F3,7.00,28.8956,28.4710,28.7988,6.7168,0.2832,1.0000,1,0.0000
1247.0,F3,7.00,28.8959,28.4449,28.7776,6.6956,0.3044,1.0000,1,0.0000
1248.0,F3,7.00,28.9050,28.4211,28.7605,6.6785,0.3215,1.0000,1,0.0000
1249.0,F3,7.00,28.9213,28.4008,28.7369,6.6549,0.3451,1.0000,1,0.0000
1250.0,F3,7.00,28.9494,28.3886,28.7215,6.6395,0.3605,1.0000,1,0.0000
1251.0,F3,7.00,28.9856,28.3777,28.7029,6.6209,0.3791,1.0000,1,0.0000
1252.0,F3,7.00,29.0271,28.3641,28.6905,6.6085,0.3915,1.0000,1,0.0000
1253.0,F3,7.00,29.0677,28.3602,28.6763,6.5943,0.4057,1.0000,1,0.0000
1254.0,F3,7.00,29.1199,28.3476,28.6590,6.5770,0.4230,1.0000,1,0.0000
1255.0,F3,7.00,29.1696,28.3485,28.6398,6.5578,0.4422,1.0000,1,0.0000
1256.0,F3,7.00,29.2340,28.3458,28.6209,6.5389,0.4611,1.0000,1,0.0000
1257.0,F3,7.00,29.2871,28.3410,28.6059,6.5239,0.4761,1.0000,1,0.0000
1258.0,F3,7.00,29.3415,28.3385,28.5943,6.5123,0.4877,1.0000,1,0.0000
1259.0,F3,7.00,29.4036,28.3391,28.5960,6.5140,0.4860,1.0000,1,0.0000
1260.0,F3,7.00,29.4680,28.3481,28.5854,6.5034,0.4966,1.0000,1,0.0000
1261.0,F3,7.00,29.5400,28.3524,28.5726,6.4906,0.5094,1.0000,1,0.0000
1262.0,F3,7.00,29.6155,28.3649,28.5618,6.4798,0.5202,1.0000,1,0.0000
1263.0,F3,7.00,29.6860,28.3784,28.5581,6.4761,0.5239,1.0000,1,0.0000
1264.0,F3,7.00,29.7457,28.3911,28.5572,6.4752,0.5248,1.0000,1,0.0000
1265.0,F3,7.00,29.8112,28.4067,28.5514,6.4694,0.5306,1.0000,1,0.0000
1266.0,F3,7.00,29.8706,28.4186,28.5467,6.4647,0.5353,1.0000,1,0.0000
1267.0,F3,7.00,29.9356,28.4354,28.5382,6.4562,0.5438,1.0000,1,0.0000
1268.0,F3,7.00,30.0016,28.4493,28.5248,6.4428,0.5572,1.0000,1,0.0000
1269.0,F3,7.00,30.0655,28.4642,28.5181,6.4361,0.5639,1.0000,1,0.0000
1270.0,F3,7.00,30.1216,28.4843,28.5268,6.4448,0.5552,1.0000,1,0.0000
1271.0,F3,7.00,30.1910,28.5004,28.5210,6.4390,0.5610,1.0000,1,0.0000
1272.0,F3,7.00,30.2536,28.5166,28.5128,6.4308,0.5692,1.0000,1,0.0000
1273.0,F3,7.00,30.3119,28.5312,28.5018,6.4198,0.5802,1.0000,1,0.0000
1274.0,F3,7.00,30.3692,28.5511,28.4939,6.4119,0.5881,1.0000,1,0.0000
1275.0,F3,7.00,30.4315,28.5716,28.4925,6.4105,0.5895,1.0000,1,0.0000
1276.0,F3,7.00,30.4937,28.5935,28.5020,6.4200,0.5800,1.0000,1,0.0000
1277.0,F3,7.00,30.5572,28.6219,28.5105,6.4285,0.5715,1.0000,1,0.0000
1278.0,F3,7.00,30.6180,28.6451,28.5157,6.4337,0.5663,1.0000,1,0.0000
1279.0,F3,7.00,30.6799,28.6732,28.5237,6.4417,0.5583,1.0000,1,0.0000
1280.0,F3,7.00,30.7384,28.7009,28.5333,6.4513,0.5487,1.0000,1,0.0000
1281.0,F3,7.00,30.7985,28.7276,28.5437,6.4617,0.5383,1.0000,1,0.0000
1282.0,F3,7.00,30.8694,28.7559,28.5686,6.4866,0.5134,1.0000,1,0.0000
1283.0,F3,7.00,30.9339,28.7907,28.5746,6.4926,0.5074,1.0000,1,0.0000
1284.0,F3,7.00,30.9991,28.8147,28.5844,6.5023,0.4977,1.0000,1,0.0000
1285.0,F3,7.00,31.0511,28.8324,28.5888,6.5068,0.4932,1.0000,1,0.0000
1286.0,F3,7.00,31.1030,28.8559,28.5945,6.5125,0.4875,1.0000,1,0.0000
1287.0,F3,7.00,31.1492,28.8829,28.6007,6.5187,0.4813,1.0000,1,0.0000
1288.0,F3,7.00,31.2006,28.9119,28.6083,6.5263,0.4737,1.0000,1,0.0000
1289.0,F3,7.00,31.2527,28.9348,28.6038,6.5218,0.4782,1.0000,1,0.0000
1290.0,F3,7.00,31.3053,28.9626,28.6147,6.5327,0.4673,1.0000,1,0.0000
1291.0,F3,7.00,31.3597,28.9916,28.6254,6.5434,0.4566,1.0000,1,0.0000
1292.0,F3,7.00,31.4079,29.0189,28.6425,6.5605,0.4395,1.0000,1,0.0000
1293.0,F3,7.00,31.4662,29.0490,28.6541,6.5721,0.4279,1.0000,1,0.0000
1294.0,F3,7.00,31.5249,29.0833,28.6686,6.5866,0.4134,1.0000,1,0.0000
1295.0,F3,7.00,31.5942,29.1163,28.7026,6.6206,0.3794,1.0000,1,0.0000
1296.0,F3,7.00,31.6496,29.1490,28.7216,6.6396,0.3604,1.0000,1,0.0000
1297.0,F3,7.00,31.6811,29.1780,28.7312,6.6492,0.3508,1.0000,1,0.0000
1298.0,F3,7.00,31.7227,29.2100,28.7426,6.6606,0.3394,1.0000,1,0.0000
1299.0,F3,7.00,31.7669,29.2399,28.7609,6.6789,0.3211,1.0000,1,0.0000
1300.0,F3,7.00,31.8200,29.2728,28.7769,6.6949,0.3051,1.0000,1,0.0000
1301.0,F3,7.00,31.8707,29.3013,28.7936,6.7116,0.2884,1.0000,1,0.0000
1302.0,F3,7.00,31.9182,29.3228,28.8071,6.7251,0.2749,1.0000,1,0.0000
1303.0,F3,7.00,31.9472,29.3370,28.8192,6.7372,0.2628,1.0000,1,0.0000
1304.0,F3,7.00,31.9640,29.3488,28.8389,6.7569,0.2431,1.0000,1,0.0000
1305.0,F3,7.00,31.9961,29.3711,28.8608,6.7788,0.2212,1.0000,1,0.0000
1306.0,F3,7.00,32.0418,29.3990,28.8763,6.7943,0.2057,1.0000,1,0.0000
1307.0,F3,7.00,32.0931,29.4220,28.8912,6.8092,0.1908,1.0000,1,0.0000
1308.0,F3,7.00,32.1428,29.4574,28.9107,6.8287,0.1713,1.0000,1,0.0000
1309.0,F3,7.00,32.2009,29.4852,28.9338,6.8518,0.1482,1.0000,1,0.0000
1310.0,F3,7.00,32.2595,29.5237,28.9507,6.8687,0.1313,1.0000,1,0.0000
1311.0,F3,7.00,32.3134,29.5537,28.9798,6.8978,0.1022,1.0000,1,0.0000
1312.0,F3,7.00,32.3351,29.5790,29.0113,6.9293,0.0707,1.0000,1,0.0000
1313.0,F3,7.00,32.3608,29.6030,29.0261,6.9441,0.0559,1.0000,1,0.0000
1314.0,F3,7.00,32.3857,29.6214,29.0489,6.9669,0.0331,1.0000,1,0.0000
1315.0,F3,7.00,32.4263,29.6480,29.0677,6.9857,0.0143,1.0000,1,0.0000
1316.0,F3,7.00,32.4676,29.6729,29.0851,7.0031,-0.0031,1.0000,1,0.0000
1317.0,F3,7.00,32.5133,29.7039,29.1076,7.0256,-0.0256,1.0000,1,0.0000
1318.0,F3,7.00,32.5550,29.7347,29.1299,7.0479,-0.0479,1.0000,1,0.0000
1319.0,F3,7.00,32.5992,29.7644,29.1487,7.0667,-0.0667,1.0000,1,0.0000
1320.0,F3,7.00,32.6461,29.7973,29.1661,7.0841,-0.0841,0.0000,0,0.0000
1321.0,F3,7.00,32.6771,29.8220,29.1743,7.0923,-0.0923,0.0000,0,0.0000
1322.0,F3,7.00,32.7052,29.8496,29.2006,7.1186,-0.1186,0.0000,0,0.0000
1323.0,F3,7.00,32.7412,29.8773,29.2278,7.1458,-0.1458,0.0000,0,0.0000
1324.0,F3,7.00,32.7844,29.9123,29.2513,7.1693,-0.1693,0.0000,0,0.0000
1325.0,F3,7.00,32.8134,29.9431,29.2723,7.1903,-0.1903,0.0000,0,0.0000
1326.0,F3,7.00,32.8423,29.9714,29.2960,7.2140,-0.2140,0.0000,0,0.0000
1327.0,F3,7.00,32.8655,30.0091,29.3242,7.2422,-0.2422,0.0000,0,0.0000
1328.0,F3,7.00,32.8749,30.0352,29.3538,7.2718,-0.2718,0.0000,0,0.0000
1329.0,F3,7.00,32.8775,30.0708,29.3803,7.2983,-0.2983,0.0000,0,0.0000
1330.0,F3,7.00,32.8601,30.0993,29.4111,7.3291,-0.3291,0.0000,0,0.0000
1331.0,F3,7.00,32.8392,30.1269,29.4400,7.3580,-0.3580,0.0000,0,0.0000
1332.0,F3,7.00,32.8177,30.1451,29.4659,7.3839,-0.3839,0.0000,0,0.0000
1333.0,F3,7.00,32.8033,30.1644,29.4929,7.4109,-0.4109,0.0000,0,0.0000
1334.0,F3,7.00,32.7859,30.1863,29.5222,7.4402,-0.4402,0.0000,0,0.0000
1335.0,F3,7.00,32.7675,30.2032,29.5523,7.4703,-0.4703,0.0000,0,0.0000
1336.0,F3,7.00,32.7197,30.2126,29.5758,7.4938,-0.4938,0.0000,0,0.0000
1337.0,F3,7.00,32.6634,30.2159,29.5934,7.5114,-0.5114,0.0000,0,0.0000
1338.0,F3,7.00,32.6125,30.2238,29.6180,7.5359,-0.5359,0.0000,0,0.0000
1339.0,F3,7.00,32.5702,30.2347,29.6415,7.5595,-0.5595,0.0000,0,0.0000
1340.0,F3,7.00,32.5286,30.2538,29.6693,7.5872,-0.5872,0.0000,0,0.0000
1341.0,F3,7.00,32.4891,30.2731,29.7008,7.6188,-0.6188,0.0000,0,0.0000
1342.0,F3,7.00,32.4489,30.2907,29.7300,7.6480,-0.6480,0.0000,0,0.0000
1343.0,F3,7.00,32.4111,30.2983,29.7578,7.6758,-0.6758,0.0000,0,0.0000
1344.0,F3,7.00,32.3705,30.3024,29.7783,7.6963,-0.6963,0.0000,0,0.0000
1345.0,F3,7.00,32.3258,30.3096,29.7993,7.7173,-0.7173,0.0000,0,0.0000
1346.0,F3,7.00,32.2830,30.3144,29.8088,7.7268,-0.7268,0.0000,0,0.0000
1347.0,F3,7.00,32.2387,30.3208,29.8286,7.7466,-0.7466,0.0000,0,0.0000
1348.0,F3,7.00,32.1955,30.3285,29.8525,7.7705,-0.7705,0.0000,0,0.0000
1349.0,F3,7.00,32.1584,30.3316,29.8770,7.7950,-0.7950,0.0000,0,0.0000
1350.0,F3,7.00,32.1104,30.3357,29.9073,7.8253,-0.8253,0.0000,0,0.0000
1351.0,F3,7.00,32.0731,30.3362,29.9218,7.8398,-0.8398,0.0000,0,0.0000
1352.0,F3,7.00,32.0289,30.3364,29.9399,7.8579,-0.8579,0.0000,0,0.0000
1353.0,F3,7.00,31.9849,30.3416,29.9573,7.8753,-0.8753,0.0000,0,0.0000
1354.0,F3,7.00,31.9468,30.3322,29.9702,7.8882,-0.8882,0.0000,0,0.0000
1355.0,F3,7.00,31.9085,30.3333,29.9787,7.8967,-0.8967,0.0000,0,0.0000
1356.0,F3,7.00,31.8741,30.3283,29.9949,7.9129,-0.9129,0.0000,0,0.0000
1357.0,F3,7.00,31.8334,30.3246,30.0060,7.9240,-0.9240,0.0000,0,0.0000
1358.0,F3,7.00,31.7900,30.3188,30.0165,7.9345,-0.9345,0.0000,0,0.0000
1359.0,F3,7.00,31.7366,30.3085,30.0239,7.9419,-0.9419,0.0000,0,0.0000
1360.0,F3,7.00,31.6976,30.2966,30.0230,7.9410,-0.9410,0.0000,0,0.0000
1361.0,F3,7.00,31.6587,30.2810,30.0314,7.9494,-0.9494,0.0000,0,0.0000
1362.0,F3,7.00,31.6205,30.2743,30.0365,7.9545,-0.9545,0.0000,0,0.0000
1363.0,F3,7.00,31.5769,30.2574,30.0365,7.9545,-0.9545,0.0000,0,0.0000
1364.0,F3,7.00,31.5327,30.2386,30.0330,7.9510,-0.9510,0.0000,0,0.0000
1365.0,F3,7.00,31.4890,30.2245,30.0318,7.9498,-0.9498,0.0000,0,0.0000
1366.0,F3,7.00,31.4504,30.2130,30.0384,7.9564,-0.9564,0.0000,0,0.0000
1367.0,F3,7.00,31.3977,30.1922,30.0361,7.9541,-0.9541,0.0000,0,0.0000
1368.0,F3,7.00,31.3517,30.1747,30.0361,7.9541,-0.9541,0.0000,0,0.0000
1369.0,F3,7.00,31.3099,30.1490,30.0270,7.9450,-0.9450,0.0000,0,0.0000
1370.0,F3,7.00,31.2684,30.1306,30.0182,7.9362,-0.9362,0.0000,0,0.0000
1371.0,F3,7.00,31.2261,30.1103,30.0143,7.9323,-0.9323,0.0000,0,0.0000
1372.0,F3,7.00,31.1872,30.0919,30.0242,7.9422,-0.9422,0.0000,0,0.0000
1373.0,F3,7.00,31.1456,30.0693,30.0251,7.9431,-0.9431,0.0000,0,0.0000
1374.0,F3,7.00,31.1091,30.0568,30.0235,7.9415,-0.9415,0.0000,0,0.0000
1375.0,F3,7.00,31.0689,30.0392,30.0215,7.9395,-0.9395,0.0000,0,0.0000
1376.0,F3,7.00,31.0340,30.0211,30.0179,7.9359,-0.9359,0.0000,0,0.0000
1377.0,F3,7.00,30.9945,30.0061,30.0117,7.9297,-0.9297,0.0000,0,0.0000
1378.0,F3,7.00,30.9565,29.9877,30.0069,7.9249,-0.9249,0.0000,0,0.0000
1379.0,F3,7.00,30.9179,29.9670,29.9974,7.9154,-0.9154,0.0000,0,0.0000
1380.0,F3,7.00,30.8855,29.9533,29.9911,7.9091,-0.9091,0.0000,0,0.0000
1381.0,F3,7.00,30.8469,29.9328,29.9799,7.8979,-0.8979,0.0000,0,0.0000
1382.0,F3,7.00,30.8102,29.9113,29.9661,7.8841,-0.8841,0.0000,0,0.0000
1383.0,F3,7.00,30.7753,29.8916,29.9558,7.8738,-0.8738,0.0000,0,0.0000
1384.0,F3,7.00,30.7357,29.8749,29.9485,7.8665,-0.8665,0.0000,0,0.0000
1385.0,F3,7.00,30.7029,29.8558,29.9416,7.8596,-0.8596,0.0000,0,0.0000
1386.0,F3,7.00,30.6770,29.8376,29.9308,7.8488,-0.8488,0.0000,0,0.0000
1387.0,F3,7.00,30.6595,29.8190,29.9262,7.8442,-0.8442,0.0000,0,0.0000
1388.0,F3,7.00,30.6282,29.7992,29.9168,7.8348,-0.8348,0.0000,0,0.0000
1389.0,F3,7.00,30.5952,29.7830,29.9071,7.8251,-0.8251,0.0000,0,0.0000
1390.0,F3,7.00,30.5642,29.7614,29.9008,7.8188,-0.8188,0.0000,0,0.0000
1391.0,F3,7.00,30.5296,29.7445,29.8893,7.8073,-0.8073,0.0000,0,0.0000
1392.0,F3,7.00,30.4995,29.7274,29.8799,7.7979,-0.7979,0.0000,0,0.0000
1393.0,F3,7.00,30.4688,29.7065,29.8639,7.7819,-0.7819,0.0000,0,0.0000
1394.0,F3,7.00,30.4388,29.6870,29.8543,7.7723,-0.7723,0.0000,0,0.0000
1395.0,F3,7.00,30.4045,29.6648,29.8408,7.7588,-0.7588,0.0000,0,0.0000
1396.0,F3,7.00,30.3669,29.6393,29.8230,7.7410,-0.7410,0.0000,0,0.0000
1397.0,F3,7.00,30.3263,29.6109,29.8039,7.7219,-0.7219,0.0000,0,0.0000
1398.0,F3,7.00,30.2946,29.5887,29.7857,7.7037,-0.7037,0.0000,0,0.0000
1399.0,F3,7.00,30.2587,29.5719,29.7749,7.6929,-0.6929,0.0000,0,0.0000
1400.0,F3,7.00,30.2292,29.5466,29.7607,7.6786,-0.6786,0.0000,0,0.0000
1401.0,F3,7.00,30.1990,29.5200,29.7387,7.6567,-0.6567,0.0000,0,0.0000
1402.0,F3,7.00,30.1641,29.5014,29.7198,7.6378,-0.6378,0.0000,0,0.0000
1403.0,F3,7.00,30.1308,29.4767,29.6995,7.6175,-0.6175,0.0000,0,0.0000
1404.0,F3,7.00,30.0870,29.4547,29.6687,7.5867,-0.5867,0.0000,0,0.0000
1405.0,F3,7.00,30.0538,29.4315,29.6511,7.5691,-0.5691,0.0000,0,0.0000
1406.0,F3,7.00,30.0209,29.4070,29.6283,7.5463,-0.5463,0.0000,0,0.0000
1407.0,F3,7.00,29.9943,29.3844,29.6083,7.5263,-0.5263,0.0000,0,0.0000
1408.0,F3,7.00,29.9610,29.3619,29.5963,7.5143,-0.5143,0.0000,0,0.0000
1409.0,F3,7.00,29.9352,29.3437,29.5794,7.4974,-0.4974,0.0000,0,0.0000
1410.0,F3,7.00,29.9042,29.3219,29.5627,7.4807,-0.4807,0.0000,0,0.0000
1411.0,F3,7.00,29.8748,29.2999,29.5479,7.4659,-0.4659,0.0000,0,0.0000
1412.0,F3,7.00,29.8504,29.2773,29.5270,7.4450,-0.4450,0.0000,0,0.0000
1413.0,F3,7.00,29.8141,29.2615,29.5087,7.4267,-0.4267,0.0000,0,0.0000
1414.0,F3,7.00,29.7881,29.2403,29.4944,7.4124,-0.4124,0.0000,0,0.0000
1415.0,F3,7.00,29.7586,29.2170,29.4753,7.3933,-0.3933,0.0000,0,0.0000
1416.0,F3,7.00,29.7368,29.1994,29.4541,7.3721,-0.3721,0.0000,0,0.0000
1417.0,F3,7.00,29.7116,29.1821,29.4370,7.3549,-0.3549,0.0000,0,0.0000
1418.0,F3,7.00,29.6885,29.1561,29.4218,7.3398,-0.3398,0.0000,0,0.0000
1419.0,F3,7.00,29.6607,29.1330,29.4037,7.3217,-0.3217,0.0000,0,0.0000
1420.0,F3,7.00,29.6369,29.1109,29.3800,7.2980,-0.2980,0.0000,0,0.0000
1421.0,F3,7.00,29.5994,29.0845,29.3481,7.2661,-0.2661,0.0000,0,0.0000
1422.0,F3,7.00,29.5709,29.0528,29.3184,7.2364,-0.2364,0.0000,0,0.0000
1423.0,F3,7.00,29.5382,29.0263,29.2925,7.2105,-0.2105,0.0000,0,0.0000
1424.0,F3,7.00,29.5021,29.0003,29.2707,7.1887,-0.1887,0.0000,0,0.0000
1425.0,F3,7.00,29.4697,28.9717,29.2618,7.1798,-0.1798,0.0000,0,0.0000
1426.0,F3,7.00,29.4427,28.9528,29.2474,7.1654,-0.1654,0.0000,0,0.0000
1427.0,F3,7.00,29.4205,28.9343,29.2353,7.1533,-0.1533,0.0000,0,0.0000
1428.0,F3,7.00,29.3947,28.9185,29.2209,7.1389,-0.1389,0.0000,0,0.0000
1429.0,F3,7.00,29.3752,28.8924,29.1939,7.1119,-0.1119,0.0000,0,0.0000
1430.0,F3,7.00,29.3457,28.8739,29.1752,7.0932,-0.0932,0.0000,0,0.0000
1431.0,F3,7.00,29.3259,28.8549,29.1594,7.0774,-0.0774,0.0000,0,0.0000
1432.0,F3,7.00,29.3010,28.8322,29.1436,7.0616,-0.0616,0.0000,0,0.0000
1433.0,F3,7.00,29.2779,28.8139,29.1211,7.0391,-0.0391,0.0000,0,0.0000
1434.0,F3,7.00,29.2552,28.7937,29.0973,7.0153,-0.0153,0.0000,0,0.0000
1435.0,F3,7.00,29.2317,28.7731,29.0776,6.9956,0.0044,0.0000,0,0.0000
1436.0,F3,7.00,29.2059,28.7495,29.0551,6.9731,0.0269,0.0000,0,0.0000
1437.0,F3,7.00,29.1708,28.7343,29.0360,6.9540,0.0460,0.0000,0,0.0000
1438.0,F3,7.00,29.1454,28.7161,29.0143,6.9323,0.0677,0.0000,0,0.0000
1439.0,F3,7.00,29.1248,28.6990,28.9985,6.9165,0.0835,0.0000,0,0.0000
1440.0,F3,7.00,29.0965,28.6771,28.9745,6.8925,0.1075,1.0000,1,0.0000
1441.0,F3,7.00,29.0746,28.6575,28.9563,6.8743,0.1257,1.0000,1,0.0000
1442.0,F3,7.00,29.0470,28.6372,28.9318,6.8498,0.1502,1.0000,1,0.0000
1443.0,F3,7.00,29.0206,28.6161,28.9093,6.8273,0.1727,1.0000,1,0.0000
1444.0,F3,7.00,28.9910,28.5933,28.8920,6.8100,0.1900,1.0000,1,0.0000
1445.0,F3,7.00,28.9844,28.5679,28.8725,6.7905,0.2095,1.0000,1,0.0000
1446.0,F3,7.00,28.9804,28.5552,28.8570,6.7750,0.2250,1.0000,1,0.0000
1447.0,F3,7.00,28.9940,28.5397,28.8366,6.7546,0.2454,1.0000,1,0.0000
1448.0,F3,7.00,29.0057,28.5215,28.8266,6.7446,0.2554,1.0000,1,0.0000
1449.0,F3,7.00,29.0262,28.5043,28.8069,6.7249,0.2751,1.0000,1,0.0000
1450.0,F3,7.00,29.0424,28.4887,28.7868,6.7048,0.2952,1.0000,1,0.0000
1451.0,F3,7.00,29.0647,28.4632,28.7696,6.6876,0.3124,1.0000,1,0.0000
1452.0,F3,7.00,29.1077,28.4538,28.7554,6.6734,0.3266,1.0000,1,0.0000
1453.0,F3,7.00,29.1562,28.4411,28.7394,6.6574,0.3426,1.0000,1,0.0000
1454.0,F3,7.00,29.2046,28.4317,28.7173,6.6353,0.3647,1.0000,1,0.0000
1455.0,F3,7.00,29.2583,28.4187,28.6992,6.6172,0.3828,1.0000,1,0.0000
1456.0,F3,7.00,29.3091,28.4138,28.6806,6.5986,0.4014,1.0000,1,0.0000
1457.0,F3,7.00,29.3640,28.4101,28.6660,6.5840,0.4160,1.0000,1,0.0000
1458.0,F3,7.00,29.4216,28.4120,28.6657,6.5837,0.4163,1.0000,1,0.0000
1459.0,F3,7.00,29.4792,28.4156,28.6477,6.5657,0.4343,1.0000,1,0.0000
1460.0,F3,7.00,29.5434,28.4133,28.6377,6.5557,0.4443,1.0000,1,0.0000
1461.0,F3,7.00,29.6062,28.4225,28.6229,6.5409,0.4591,1.0000,1,0.0000
1462.0,F3,7.00,29.6655,28.4358,28.6135,6.5315,0.4685,1.0000,1,0.0000
1463.0,F3,7.00,29.7251,28.4465,28.6052,6.5232,0.4768,1.0000,1,0.0000
1464.0,F3,7.00,29.7821,28.4619,28.6087,6.5267,0.4733,1.0000,1,0.0000
1465.0,F3,7.00,29.8424,28.4745,28.6007,6.5187,0.4813,1.0000,1,0.0000
1466.0,F3,7.00,29.9046,28.4887,28.5983,6.5163,0.4837,1.0000,1,0.0000
1467.0,F3,7.00,29.9636,28.5007,28.5974,6.5154,0.4846,1.0000,1,0.0000
1468.0,F3,7.00,30.0202,28.5153,28.5879,6.5059,0.4941,1.0000,1,0.0000
1469.0,F3,7.00,30.0768,28.5246,28.5843,6.5023,0.4977,1.0000,1,0.0000
1470.0,F3,7.00,30.1330,28.5424,28.5950,6.5130,0.4870,1.0000,1,0.0000
1471.0,F3,7.00,30.2023,28.5617,28.5949,6.5129,0.4871,1.0000,1,0.0000
1472.0,F3,7.00,30.2719,28.5854,28.5882,6.5062,0.4938,1.0000,1,0.0000
1473.0,F3,7.00,30.3328,28.6042,28.5870,6.5050,0.4950,1.0000,1,0.0000
1474.0,F3,7.00,30.3857,28.6206,28.5835,6.5015,0.4985,1.0000,1,0.0000
1475.0,F3,7.00,30.4436,28.6366,28.5732,6.4912,0.5088,1.0000,1,0.0000
1476.0,F3,7.00,30.4961,28.6634,28.5793,6.4973,0.5027,1.0000,1,0.0000
1477.0,F3,7.00,30.5555,28.6891,28.5859,6.5039,0.4961,1.0000,1,0.0000
1478.0,F3,7.00,30.6124,28.7094,28.5864,6.5044,0.4956,1.0000,1,0.0000
1479.0,F3,7.00,30.6658,28.7319,28.5899,6.5079,0.4921,1.0000,1,0.0000
1480.0,F3,7.00,30.7175,28.7466,28.5898,6.5078,0.4922,1.0000,1,0.0000
1481.0,F3,7.00,30.7548,28.7565,28.5924,6.5104,0.4896,1.0000,1,0.0000
1482.0,F3,7.00,30.7880,28.7660,28.5956,6.5136,0.4864,1.0000,1,0.0000
1483.0,F3,7.00,30.8301,28.7792,28.6089,6.5269,0.4731,1.0000,1,0.0000
1484.0,F3,7.00,30.8763,28.7913,28.6287,6.5467,0.4533,1.0000,1,0.0000
1485.0,F3,7.00,30.9268,28.8121,28.6388,6.5568,0.4432,1.0000,1,0.0000
1486.0,F3,7.00,30.9836,28.8416,28.6512,6.5692,0.4308,1.0000,1,0.0000
1487.0,F3,7.00,31.0542,28.8664,28.6632,6.5812,0.4188,1.0000,1,0.0000
1488.0,F3,7.00,31.1282,28.9078,28.6748,6.5928,0.4072,1.0000,1,0.0000
1489.0,F3,7.00,31.2031,28.9354,28.6823,6.6003,0.3997,1.0000,1,0.0000
1490.0,F3,7.00,31.2475,28.9589,28.6791,6.5971,0.4029,1.0000,1,0.0000
1491.0,F3,7.00,31.2937,28.9846,28.6878,6.6058,0.3942,1.0000,1,0.0000
1492.0,F3,7.00,31.3487,29.0117,28.7001,6.6181,0.3819,1.0000,1,0.0000
1493.0,F3,7.00,31.4073,29.0375,28.7127,6.6307,0.3693,1.0000,1,0.0000
1494.0,F3,7.00,31.4627,29.0684,28.7255,6.6435,0.3565,1.0000,1,0.0000
1495.0,F3,7.00,31.5185,29.0970,28.7426,6.6606,0.3394,1.0000,1,0.0000
1496.0,F3,7.00,31.5782,29.1278,28.7696,6.6876,0.3124,1.0000,1,0.0000
1497.0,F3,7.00,31.6414,29.1682,28.7913,6.7093,0.2907,1.0000,1,0.0000
1498.0,F3,7.00,31.7072,29.2012,28.8101,6.7281,0.2719,1.0000,1,0.0000
1499.0,F3,7.00,31.7711,29.2432,28.8316,6.7496,0.2504,1.0000,1,0.0000
1500.0,F3,7.00,31.8322,29.2815,28.8522,6.7702,0.2298,1.0000,1,0.0000
1501.0,F3,7.00,31.8989,29.3206,28.8731,6.7911,0.2089,1.0000,1,0.0000
1502.0,F3,7.00,31.9602,29.3533,28.9038,6.8218,0.1782,1.0000,1,0.0000
1503.0,F3,7.00,32.0136,29.3889,28.9237,6.8417,0.1583,1.0000,1,0.0000
1504.0,F3,7.00,32.0700,29.4232,28.9400,6.8580,0.1420,1.0000,1,0.0000
1505.0,F3,7.00,32.1333,29.4565,28.9582,6.8762,0.1238,1.0000,1,0.0000
1506.0,F3,7.00,32.1956,29.4873,28.9820,6.9000,0.1000,1.0000,1,0.0000
1507.0,F3,7.00,32.2495,29.5252,28.9998,6.9178,0.0822,1.0000,1,0.0000
1508.0,F3,7.00,32.3111,29.5628,29.0144,6.9324,0.0676,1.0000,1,0.0000
1509.0,F3,7.00,32.3473,29.5989,29.0439,6.9619,0.0381,1.0000,1,0.0000
1510.0,F3,7.00,32.3915,29.6252,29.0661,6.9841,0.0159,1.0000,1,0.0000
1511.0,F3,7.00,32.4161,29.6543,29.0860,7.0040,-0.0040,1.0000,1,0.0000
1512.0,F3,7.00,32.4402,29.6778,29.1051,7.0231,-0.0231,1.0000,1,0.0000
1513.0,F3,7.00,32.4697,29.7000,29.1310,7.0490,-0.0490,1.0000,1,0.0000
1514.0,F3,7.00,32.5197,29.7321,29.1606,7.0786,-0.0786,1.0000,1,0.0000
1515.0,F3,7.00,32.5841,29.7671,29.1902,7.1082,-0.1082,1.0000,1,0.0000
1516.0,F3,7.00,32.6381,29.8061,29.2194,7.1374,-0.1374,1.0000,1,0.0000
1517.0,F3,7.00,32.6748,29.8434,29.2466,7.1646,-0.1646,1.0000,1,0.0000
1518.0,F3,7.00,32.7097,29.8731,29.2740,7.1920,-0.1920,1.0000,1,0.0000
1519.0,F3,7.00,32.7534,29.8990,29.2991,7.2171,-0.2171,1.0000,1,0.0000
1520.0,F3,7.00,32.7939,29.9242,29.3224,7.2404,-0.2404,0.0000,0,0.0000
1521.0,F3,7.00,32.8305,29.9475,29.3457,7.2637,-0.2637,0.0000,0,0.0000
1522.0,F3,7.00,32.8646,29.9770,29.3680,7.2859,-0.2859,0.0000,0,0.0000
1523.0,F3,7.00,32.8909,30.0069,29.3918,7.3098,-0.3098,0.0000,0,0.0000
1524.0,F3,7.00,32.9150,30.0270,29.4152,7.3332,-0.3332,0.0000,0,0.0000
1525.0,F3,7.00,32.9380,30.0489,29.4396,7.3576,-0.3576,0.0000,0,0.0000
1526.0,F3,7.00,32.9533,30.0732,29.4622,7.3802,-0.3802,0.0000,0,0.0000
1527.0,F3,7.00,32.9619,30.1029,29.4868,7.4048,-0.4048,0.0000,0,0.0000
1528.0,F3,7.00,32.9543,30.1292,29.5129,7.4309,-0.4309,0.0000,0,0.0000
1529.0,F3,7.00,32.9307,30.1485,29.5377,7.4557,-0.4557,0.0000,0,0.0000
1530.0,F3,7.00,32.8982,30.1613,29.5566,7.4746,-0.4746,0.0000,0,0.0000
1531.0,F3,7.00,32.8607,30.1708,29.5660,7.4840,-0.4840,0.0000,0,0.0000
1532.0,F3,7.00,32.8365,30.1870,29.5785,7.4965,-0.4965,0.0000,0,0.0000
1533.0,F3,7.00,32.8089,30.2002,29.5930,7.5110,-0.5110,0.0000,0,0.0000
1534.0,F3,7.00,32.7791,30.2153,29.6098,7.5278,-0.5278,0.0000,0,0.0000
1535.0,F3,7.00,32.7377,30.2258,29.6394,7.5574,-0.5574,0.0000,0,0.0000
1536.0,F3,7.00,32.6888,30.2328,29.6649,7.5829,-0.5829,0.0000,0,0.0000
1537.0,F3,7.00,32.6452,30.2397,29.6892,7.6072,-0.6072,0.0000,0,0.0000
1538.0,F3,7.00,32.6007,30.2524,29.7136,7.6316,-0.6316,0.0000,0,0.0000
1539.0,F3,7.00,32.5454,30.2603,29.7369,7.6549,-0.6549,0.0000,0,0.0000
1540.0,F3,7.00,32.4948,30.2651,29.7517,7.6697,-0.6697,0.0000,0,0.0000
1541.0,F3,7.00,32.4465,30.2638,29.7649,7.6829,-0.6829,0.0000,0,0.0000
1542.0,F3,7.00,32.4045,30.2697,29.7801,7.6981,-0.6981,0.0000,0,0.0000
1543.0,F3,7.00,32.3605,30.2752,29.7979,7.7159,-0.7159,0.0000,0,0.0000
1544.0,F3,7.00,32.3116,30.2666,29.7981,7.7161,-0.7161,0.0000,0,0.0000
1545.0,F3,7.00,32.2625,30.2669,29.8104,7.7284,-0.7284,0.0000,0,0.0000
1546.0,F3,7.00,32.2140,30.2708,29.8265,7.7445,-0.7445,0.0000,0,0.0000
1547.0,F3,7.00,32.1745,30.2799,29.8440,7.7620,-0.7620,0.0000,0,0.0000
1548.0,F3,7.00,32.1312,30.2818,29.8623,7.7803,-0.7803,0.0000,0,0.0000
1549.0,F3,7.00,32.0915,30.2896,29.8814,7.7994,-0.7994,0.0000,0,0.0000
1550.0,F3,7.00,32.0551,30.2903,29.8940,7.8120,-0.8120,0.0000,0,0.0000
# F3,method=2,r=7.00,t_phase=480,e_ss=0.023,IAE=220.88,ISE=132.32,TV=5.000,n_on=2,n_h=15.0,t5=not_reached,c_p=0.941,c_pp=1.571,E=384.0
# END
