# START,method=6,KR=0.4430,TI=0.0,KI=0.00000,H=0.50,L=0.0,DELTA_T=16.60,T_P=307,CTRL_CH=2,T_amb=22.082
t_s,phase,r,T1,T2,T3,c,e,u,heater,I_term
0.0,AP,5.00,25.9696,25.5537,25.6236,3.5416,1.4584,0.5929,1,0.0000
1.0,AP,5.00,25.9517,25.5430,25.6136,3.5316,1.4684,0.5929,1,0.0000
2.0,AP,5.00,25.9308,25.5339,25.6039,3.5219,1.4781,0.5929,0,0.0000
3.0,AP,5.00,25.9108,25.5240,25.5944,3.5124,1.4876,0.5929,0,0.0000
4.0,AP,5.00,25.8953,25.5113,25.5845,3.5025,1.4975,0.5929,0,0.0000
5.0,AP,5.00,25.8863,25.5039,25.5774,3.4954,1.5046,0.5929,0,0.0000
6.0,AP,5.00,25.8801,25.4958,25.5702,3.4882,1.5118,0.5929,0,0.0000
7.0,AP,5.00,25.8820,25.4858,25.5630,3.4810,1.5190,0.5929,0,0.0000
8.0,AP,5.00,25.8900,25.4777,25.5574,3.4754,1.5246,0.5929,0,0.0000
9.0,AP,5.00,25.9015,25.4698,25.5499,3.4679,1.5321,0.5929,0,0.0000
10.0,AP,5.00,25.9167,25.4647,25.5424,3.4604,1.5396,0.6091,0,0.0000
11.0,AP,5.00,25.9378,25.4588,25.5359,3.4539,1.5461,0.6091,0,0.0000
12.0,AP,5.00,25.9649,25.4561,25.5318,3.4498,1.5502,0.6091,0,0.0000
13.0,AP,5.00,25.9906,25.4533,25.5287,3.4467,1.5533,0.6091,0,0.0000
14.0,AP,5.00,26.0241,25.4515,25.5248,3.4428,1.5572,0.6091,0,0.0000
15.0,AP,5.00,26.0567,25.4539,25.5201,3.4381,1.5619,0.6091,0,0.0000
16.0,AP,5.00,26.0919,25.4543,25.5158,3.4338,1.5662,0.6091,0,0.0000
17.0,AP,5.00,26.1243,25.4570,25.5120,3.4300,1.5700,0.6091,0,0.0000
18.0,AP,5.00,26.1605,25.4623,25.5131,3.4311,1.5689,0.6091,0,0.0000
19.0,AP,5.00,26.1975,25.4677,25.5162,3.4342,1.5658,0.6091,0,0.0000
20.0,AP,5.00,26.2363,25.4733,25.5173,3.4353,1.5647,0.6141,0,0.0000
21.0,AP,5.00,26.2739,25.4813,25.5137,3.4317,1.5683,0.6141,0,0.0000
22.0,AP,5.00,26.3170,25.4892,25.5114,3.4294,1.5706,0.6141,0,0.0000
23.0,AP,5.00,26.3565,25.5015,25.5138,3.4318,1.5682,0.6141,0,0.0000
24.0,AP,5.00,26.3955,25.5132,25.5116,3.4296,1.5704,0.6141,0,0.0000
25.0,AP,5.00,26.4350,25.5221,25.5096,3.4276,1.5724,0.6141,0,0.0000
26.0,AP,5.00,26.4737,25.5320,25.5121,3.4301,1.5699,0.6141,0,0.0000
27.0,AP,5.00,26.5179,25.5448,25.5155,3.4335,1.5665,0.6141,0,0.0000
28.0,AP,5.00,26.5568,25.5572,25.5285,3.4465,1.5535,0.6141,0,0.0000
29.0,AP,5.00,26.5966,25.5708,25.5304,3.4484,1.5516,0.6141,0,0.0000
30.0,AP,5.00,26.6328,25.5818,25.5306,3.4486,1.5514,0.6115,0,0.0000
31.0,AP,5.00,26.6693,25.5949,25.5331,3.4510,1.5490,0.6115,0,0.0000
32.0,AP,5.00,26.7074,25.6076,25.5373,3.4553,1.5447,0.6115,0,0.0000
33.0,AP,5.00,26.7440,25.6214,25.5381,3.4561,1.5439,0.6115,0,0.0000
34.0,AP,5.00,26.7827,25.6363,25.5436,3.4616,1.5384,0.6115,0,0.0000
35.0,AP,5.00,26.8214,25.6553,25.5465,3.4645,1.5355,0.6115,0,0.0000
36.0,AP,5.00,26.8608,25.6711,25.5518,3.4698,1.5302,0.6115,0,0.0000
37.0,AP,5.00,26.9026,25.6891,25.5649,3.4829,1.5171,0.6115,0,0.0000
38.0,AP,5.00,26.9374,25.7061,25.5704,3.4884,1.5116,0.6115,0,0.0000
39.0,AP,5.00,26.9740,25.7257,25.5765,3.4945,1.5055,0.6115,0,0.0000
40.0,AP,5.00,27.0039,25.7379,25.5794,3.4974,1.5026,0.6017,0,0.0000
41.0,AP,5.00,27.0335,25.7512,25.5825,3.5005,1.4995,0.6017,0,0.0000
42.0,AP,5.00,27.0641,25.7643,25.5851,3.5031,1.4969,0.6017,0,0.0000
43.0,AP,5.00,27.0924,25.7787,25.5881,3.5061,1.4939,0.6017,0,0.0000
44.0,AP,5.00,27.1215,25.7917,25.5925,3.5105,1.4895,0.6017,0,0.0000
45.0,AP,5.00,27.1463,25.8058,25.5957,3.5137,1.4863,0.6017,0,0.0000
46.0,AP,5.00,27.1768,25.8214,25.6020,3.5200,1.4800,0.6017,0,0.0000
47.0,AP,5.00,27.2037,25.8338,25.6074,3.5254,1.4746,0.6017,0,0.0000
48.0,AP,5.00,27.2308,25.8481,25.6200,3.5380,1.4620,0.6017,0,0.0000
49.0,AP,5.00,27.2616,25.8648,25.6367,3.5547,1.4453,0.6017,0,0.0000
50.0,AP,5.00,27.2928,25.8816,25.6443,3.5623,1.4377,0.5887,0,0.0000
51.0,AP,5.00,27.3333,25.8950,25.6527,3.5707,1.4293,0.5887,0,0.0000
52.0,AP,5.00,27.3700,25.9113,25.6592,3.5772,1.4228,0.5887,0,0.0000
53.0,AP,5.00,27.3999,25.9299,25.6701,3.5881,1.4119,0.5887,0,0.0000
54.0,AP,5.00,27.4344,25.9455,25.6803,3.5983,1.4017,0.5887,0,0.0000
55.0,AP,5.00,27.4600,25.9631,25.6917,3.6097,1.3903,0.5887,0,0.0000
56.0,AP,5.00,27.4887,25.9819,25.7009,3.6189,1.3811,0.5887,0,0.0000
57.0,AP,5.00,27.5192,25.9991,25.7125,3.6305,1.3695,0.5887,0,0.0000
58.0,AP,5.00,27.5479,26.0128,25.7231,3.6411,1.3589,0.5887,0,0.0000
59.0,AP,5.00,27.5739,26.0336,25.7320,3.6500,1.3500,0.5887,0,0.0000
60.0,AP,5.00,27.5974,26.0504,25.7498,3.6678,1.3322,0.5676,0,0.0000
61.0,AP,5.00,27.6234,26.0686,25.7631,3.6811,1.3189,0.5676,0,0.0000
62.0,AP,5.00,27.6482,26.0866,25.7746,3.6926,1.3074,0.5676,0,0.0000
63.0,AP,5.00,27.6734,26.1038,25.7872,3.7052,1.2948,0.5676,0,0.0000
64.0,AP,5.00,27.6991,26.1226,25.7999,3.7179,1.2821,0.5676,0,0.0000
65.0,AP,5.00,27.7228,26.1380,25.8132,3.7312,1.2688,0.5676,0,0.0000
66.0,AP,5.00,27.7480,26.1583,25.8264,3.7444,1.2556,0.5676,0,0.0000
67.0,AP,5.00,27.7740,26.1778,25.8405,3.7585,1.2415,0.5676,0,0.0000
68.0,AP,5.00,27.8014,26.1955,25.8541,3.7721,1.2279,0.5676,0,0.0000
69.0,AP,5.00,27.8297,26.2142,25.8701,3.7881,1.2119,0.5676,0,0.0000
70.0,AP,5.00,27.8571,26.2336,25.8824,3.8004,1.1996,0.5411,0,0.0000
71.0,AP,5.00,27.8884,26.2540,25.8991,3.8171,1.1829,0.5411,0,0.0000
72.0,AP,5.00,27.9175,26.2734,25.9154,3.8334,1.1666,0.5411,0,0.0000
73.0,AP,5.00,27.9411,26.2927,25.9349,3.8529,1.1471,0.5411,0,0.0000
74.0,AP,5.00,27.9604,26.3098,25.9615,3.8795,1.1205,0.5411,0,0.0000
75.0,AP,5.00,27.9767,26.3251,25.9724,3.8904,1.1096,0.5411,0,0.0000
76.0,AP,5.00,27.9931,26.3391,25.9850,3.9030,1.0970,0.5411,0,0.0000
77.0,AP,5.00,28.0150,26.3570,25.9957,3.9137,1.0863,0.5411,0,0.0000
78.0,AP,5.00,28.0334,26.3757,26.0075,3.9255,1.0745,0.5411,0,0.0000
79.0,AP,5.00,28.0518,26.3896,26.0211,3.9391,1.0609,0.5411,0,0.0000
80.0,AP,5.00,28.0736,26.4070,26.0359,3.9539,1.0461,0.5104,0,0.0000
81.0,AP,5.00,28.0953,26.4250,26.0485,3.9665,1.0335,0.5104,0,0.0000
82.0,AP,5.00,28.1154,26.4442,26.0638,3.9818,1.0182,0.5104,0,0.0000
83.0,AP,5.00,28.1335,26.4614,26.0792,3.9972,1.0028,0.5104,0,0.0000
84.0,AP,5.00,28.1548,26.4831,26.0939,4.0119,0.9881,0.5104,0,0.0000
85.0,AP,5.00,28.1723,26.4997,26.1085,4.0265,0.9735,0.5104,0,0.0000
86.0,AP,5.00,28.1968,26.5168,26.1258,4.0438,0.9562,0.5104,0,0.0000
87.0,AP,5.00,28.2145,26.5361,26.1401,4.0581,0.9419,0.5104,0,0.0000
88.0,AP,5.00,28.2348,26.5546,26.1599,4.0779,0.9221,0.5104,0,0.0000
89.0,AP,5.00,28.2495,26.5714,26.1787,4.0967,0.9033,0.5104,0,0.0000
90.0,AP,5.00,28.2655,26.5866,26.1986,4.1166,0.8834,0.4779,0,0.0000
91.0,AP,5.00,28.2930,26.6022,26.2086,4.1266,0.8734,0.4779,0,0.0000
92.0,AP,5.00,28.3128,26.6191,26.2123,4.1303,0.8697,0.4779,0,0.0000
93.0,AP,5.00,28.3288,26.6332,26.2266,4.1446,0.8554,0.4779,0,0.0000
94.0,AP,5.00,28.3455,26.6492,26.2402,4.1582,0.8418,0.4779,0,0.0000
95.0,AP,5.00,28.3602,26.6639,26.2591,4.1771,0.8229,0.4779,0,0.0000
96.0,AP,5.00,28.3726,26.6787,26.2722,4.1902,0.8098,0.4779,0,0.0000
97.0,AP,5.00,28.3904,26.6912,26.2890,4.2070,0.7930,0.4779,0,0.0000
98.0,AP,5.00,28.4030,26.7033,26.3039,4.2219,0.7781,0.4779,0,0.0000
99.0,AP,5.00,28.4145,26.7141,26.3180,4.2360,0.7640,0.4779,0,0.0000
100.0,AP,5.00,28.4255,26.7317,26.3359,4.2539,0.7461,0.4504,0,0.0000
101.0,AP,5.00,28.4432,26.7475,26.3504,4.2684,0.7316,0.4504,0,0.0000
102.0,AP,5.00,28.4585,26.7652,26.3664,4.2844,0.7156,0.4504,0,0.0000
103.0,AP,5.00,28.4746,26.7856,26.3838,4.3018,0.6982,0.4504,0,0.0000
104.0,AP,5.00,28.4924,26.8017,26.4004,4.3184,0.6816,0.4504,0,0.0000
105.0,AP,5.00,28.5058,26.8185,26.4174,4.3354,0.6646,0.4504,0,0.0000
106.0,AP,5.00,28.5189,26.8338,26.4332,4.3512,0.6488,0.4504,0,0.0000
107.0,AP,5.00,28.5298,26.8477,26.4499,4.3679,0.6321,0.4504,0,0.0000
108.0,AP,5.00,28.5350,26.8619,26.4643,4.3823,0.6177,0.4504,0,0.0000
109.0,AP,5.00,28.5448,26.8748,26.4765,4.3945,0.6055,0.4504,0,0.0000
110.0,AP,5.00,28.5515,26.8857,26.4903,4.4083,0.5917,0.4195,0,0.0000
111.0,AP,5.00,28.5561,26.8976,26.5004,4.4184,0.5816,0.4195,0,0.0000
112.0,AP,5.00,28.5602,26.9108,26.5150,4.4330,0.5670,0.4195,0,0.0000
113.0,AP,5.00,28.5685,26.9205,26.5285,4.4465,0.5535,0.4195,0,0.0000
114.0,AP,5.00,28.5730,26.9341,26.5422,4.4602,0.5398,0.4195,0,0.0000
115.0,AP,5.00,28.5808,26.9522,26.5578,4.4758,0.5242,0.4195,0,0.0000
116.0,AP,5.00,28.5849,26.9678,26.5743,4.4923,0.5077,0.4195,0,0.0000
117.0,AP,5.00,28.6028,26.9872,26.5970,4.5150,0.4850,0.4195,0,0.0000
118.0,AP,5.00,28.6224,27.0060,26.6157,4.5337,0.4663,0.4195,0,0.0000
119.0,AP,5.00,28.6389,27.0238,26.6332,4.5512,0.4488,0.4195,0,0.0000
120.0,AP,5.00,28.6511,27.0396,26.6501,4.5681,0.4319,0.3876,0,0.0000
121.0,AP,5.00,28.6637,27.0549,26.6704,4.5884,0.4116,0.3876,0,0.0000
122.0,AP,5.00,28.6749,27.0690,26.6886,4.6066,0.3934,0.3876,0,0.0000
123.0,AP,5.00,28.6785,27.0809,26.7049,4.6229,0.3771,0.3876,0,0.0000
124.0,AP,5.00,28.6830,27.0923,26.7178,4.6358,0.3642,0.3876,0,0.0000
125.0,AP,5.00,28.6855,27.1021,26.7332,4.6512,0.3488,0.3876,0,0.0000
126.0,AP,5.00,28.6929,27.1103,26.7453,4.6633,0.3367,0.3876,0,0.0000
127.0,AP,5.00,28.6987,27.1187,26.7575,4.6755,0.3245,0.3876,0,0.0000
128.0,AP,5.00,28.7025,27.1291,26.7695,4.6875,0.3125,0.3876,0,0.0000
129.0,AP,5.00,28.7067,27.1370,26.7838,4.7018,0.2982,0.3876,0,0.0000
130.0,AP,5.00,28.7083,27.1444,26.7958,4.7138,0.2862,0.3584,0,0.0000
131.0,AP,5.00,28.7076,27.1551,26.8061,4.7241,0.2759,0.3584,0,0.0000
132.0,AP,5.00,28.7120,27.1675,26.8194,4.7374,0.2626,0.3584,0,0.0000
133.0,AP,5.00,28.7168,27.1756,26.8344,4.7524,0.2476,0.3584,0,0.0000
134.0,AP,5.00,28.7231,27.1867,26.8493,4.7673,0.2327,0.3584,0,0.0000
135.0,AP,5.00,28.7292,27.1954,26.8606,4.7786,0.2214,0.3584,0,0.0000
136.0,AP,5.00,28.7349,27.2074,26.8748,4.7928,0.2072,0.3584,0,0.0000
137.0,AP,5.00,28.7346,27.2181,26.8869,4.8049,0.1951,0.3584,0,0.0000
138.0,AP,5.00,28.7397,27.2277,26.9013,4.8193,0.1807,0.3584,0,0.0000
139.0,AP,5.00,28.7420,27.2349,26.9098,4.8278,0.1722,0.3584,0,0.0000
# APPROACH done at t_s=140
140.0,F0,5.00,28.7498,27.2436,26.9240,4.8420,0.1580,0.3328,0,0.0000
141.0,F0,5.00,28.7547,27.2543,26.9355,4.8535,0.1465,0.3328,0,0.0000
142.0,F0,5.00,28.7581,27.2630,26.9490,4.8670,0.1330,0.3328,0,0.0000
143.0,F0,5.00,28.7600,27.2741,26.9624,4.8804,0.1196,0.3328,0,0.0000
144.0,F0,5.00,28.7589,27.2841,26.9744,4.8924,0.1076,0.3328,0,0.0000
145.0,F0,5.00,28.7609,27.2897,26.9851,4.9031,0.0969,0.3328,0,0.0000
146.0,F0,5.00,28.7613,27.2963,26.9942,4.9122,0.0878,0.3328,0,0.0000
147.0,F0,5.00,28.7625,27.3025,27.0062,4.9242,0.0758,0.3328,0,0.0000
148.0,F0,5.00,28.7701,27.3061,27.0144,4.9324,0.0676,0.3328,0,0.0000
149.0,F0,5.00,28.7735,27.3145,27.0248,4.9428,0.0572,0.3328,0,0.0000
150.0,F0,5.00,28.7722,27.3206,27.0334,4.9514,0.0486,0.3109,0,0.0000
151.0,F0,5.00,28.7709,27.3262,27.0443,4.9623,0.0377,0.3109,0,0.0000
152.0,F0,5.00,28.7705,27.3314,27.0522,4.9702,0.0298,0.3109,0,0.0000
153.0,F0,5.00,28.7651,27.3369,27.0641,4.9821,0.0179,0.3109,0,0.0000
154.0,F0,5.00,28.7633,27.3418,27.0714,4.9893,0.0107,0.3109,0,0.0000
155.0,F0,5.00,28.7620,27.3497,27.0775,4.9955,0.0045,0.3109,0,0.0000
156.0,F0,5.00,28.7659,27.3562,27.0874,5.0054,-0.0054,0.3109,0,0.0000
157.0,F0,5.00,28.7668,27.3627,27.0974,5.0154,-0.0154,0.3109,0,0.0000
158.0,F0,5.00,28.7681,27.3738,27.1058,5.0238,-0.0238,0.3109,0,0.0000
159.0,F0,5.00,28.7669,27.3865,27.1171,5.0351,-0.0351,0.3109,0,0.0000
160.0,F0,5.00,28.7651,27.3952,27.1265,5.0445,-0.0445,0.2923,0,0.0000
161.0,F0,5.00,28.7597,27.4067,27.1345,5.0525,-0.0525,0.2923,0,0.0000
162.0,F0,5.00,28.7617,27.4095,27.1430,5.0610,-0.0610,0.2923,0,0.0000
163.0,F0,5.00,28.7619,27.4154,27.1515,5.0695,-0.0695,0.2923,0,0.0000
164.0,F0,5.00,28.7636,27.4204,27.1585,5.0765,-0.0765,0.2923,0,0.0000
165.0,F0,5.00,28.7621,27.4250,27.1640,5.0820,-0.0820,0.2923,0,0.0000
166.0,F0,5.00,28.7599,27.4292,27.1707,5.0887,-0.0887,0.2923,0,0.0000
167.0,F0,5.00,28.7557,27.4316,27.1769,5.0949,-0.0949,0.2923,0,0.0000
168.0,F0,5.00,28.7508,27.4290,27.1833,5.1013,-0.1013,0.2923,0,0.0000
169.0,F0,5.00,28.7426,27.4285,27.1870,5.1049,-0.1049,0.2923,1,0.0000
170.0,F0,5.00,28.7350,27.4330,27.1934,5.1114,-0.1114,0.2789,0,0.0000
171.0,F0,5.00,28.7327,27.4300,27.1971,5.1151,-0.1151,0.2789,1,0.0000
172.0,F0,5.00,28.7215,27.4303,27.1982,5.1161,-0.1161,0.2789,1,0.0000
173.0,F0,5.00,28.7156,27.4316,27.2001,5.1181,-0.1181,0.2789,1,0.0000
174.0,F0,5.00,28.7058,27.4289,27.2026,5.1206,-0.1206,0.2789,1,0.0000
175.0,F0,5.00,28.6968,27.4283,27.2030,5.1210,-0.1210,0.2789,1,0.0000
176.0,F0,5.00,28.6906,27.4297,27.2067,5.1247,-0.1247,0.2789,1,0.0000
177.0,F0,5.00,28.6860,27.4298,27.2122,5.1302,-0.1302,0.2789,1,0.0000
178.0,F0,5.00,28.6830,27.4301,27.2172,5.1352,-0.1352,0.2789,1,0.0000
179.0,F0,5.00,28.6808,27.4341,27.2234,5.1414,-0.1414,0.2789,1,0.0000
180.0,F0,5.00,28.6747,27.4332,27.2269,5.1449,-0.1449,0.2722,1,0.0000
181.0,F0,5.00,28.6690,27.4353,27.2275,5.1455,-0.1455,0.2722,1,0.0000
182.0,F0,5.00,28.6637,27.4367,27.2300,5.1480,-0.1480,0.2722,1,0.0000
183.0,F0,5.00,28.6582,27.4352,27.2309,5.1489,-0.1489,0.2722,1,0.0000
184.0,F0,5.00,28.6542,27.4367,27.2305,5.1485,-0.1485,0.2722,1,0.0000
185.0,F0,5.00,28.6487,27.4341,27.2323,5.1503,-0.1503,0.2722,1,0.0000
186.0,F0,5.00,28.6422,27.4301,27.2340,5.1520,-0.1520,0.2722,1,0.0000
187.0,F0,5.00,28.6372,27.4310,27.2387,5.1567,-0.1567,0.2722,1,0.0000
188.0,F0,5.00,28.6331,27.4282,27.2434,5.1614,-0.1614,0.2722,1,0.0000
189.0,F0,5.00,28.6291,27.4242,27.2448,5.1628,-0.1628,0.2722,1,0.0000
190.0,F0,5.00,28.6213,27.4247,27.2471,5.1651,-0.1651,0.2682,1,0.0000
191.0,F0,5.00,28.6128,27.4231,27.2489,5.1669,-0.1669,0.2682,1,0.0000
192.0,F0,5.00,28.6054,27.4212,27.2522,5.1702,-0.1702,0.2682,1,0.0000
193.0,F0,5.00,28.5928,27.4186,27.2565,5.1745,-0.1745,0.2682,1,0.0000
194.0,F0,5.00,28.5807,27.4148,27.2574,5.1754,-0.1754,0.2682,1,0.0000
195.0,F0,5.00,28.5768,27.4148,27.2622,5.1802,-0.1802,0.2682,1,0.0000
196.0,F0,5.00,28.5771,27.4200,27.2666,5.1846,-0.1846,0.2682,1,0.0000
197.0,F0,5.00,28.5739,27.4250,27.2745,5.1925,-0.1925,0.2682,1,0.0000
198.0,F0,5.00,28.5750,27.4305,27.2827,5.2007,-0.2007,0.2682,1,0.0000
199.0,F0,5.00,28.5764,27.4347,27.2845,5.2025,-0.2025,0.2682,1,0.0000
200.0,F0,5.00,28.5740,27.4360,27.2904,5.2084,-0.2084,0.2595,1,0.0000
201.0,F0,5.00,28.5757,27.4406,27.2997,5.2177,-0.2177,0.2595,1,0.0000
202.0,F0,5.00,28.5754,27.4435,27.3055,5.2235,-0.2235,0.2595,1,0.0000
203.0,F0,5.00,28.5757,27.4474,27.3113,5.2293,-0.2293,0.2595,1,0.0000
204.0,F0,5.00,28.5720,27.4494,27.3187,5.2367,-0.2367,0.2595,1,0.0000
205.0,F0,5.00,28.5707,27.4495,27.3222,5.2402,-0.2402,0.2595,1,0.0000
206.0,F0,5.00,28.5659,27.4505,27.3258,5.2438,-0.2438,0.2595,1,0.0000
207.0,F0,5.00,28.5655,27.4496,27.3290,5.2470,-0.2470,0.2595,1,0.0000
208.0,F0,5.00,28.5629,27.4475,27.3279,5.2458,-0.2458,0.2595,1,0.0000
209.0,F0,5.00,28.5571,27.4480,27.3284,5.2464,-0.2464,0.2595,1,0.0000
210.0,F0,5.00,28.5490,27.4444,27.3247,5.2427,-0.2427,0.2527,1,0.0000
211.0,F0,5.00,28.5389,27.4413,27.3236,5.2416,-0.2416,0.2527,1,0.0000
212.0,F0,5.00,28.5315,27.4402,27.3204,5.2384,-0.2384,0.2527,1,0.0000
213.0,F0,5.00,28.5257,27.4405,27.3207,5.2387,-0.2387,0.2527,1,0.0000
214.0,F0,5.00,28.5204,27.4377,27.3216,5.2396,-0.2396,0.2527,1,0.0000
215.0,F0,5.00,28.5143,27.4382,27.3232,5.2411,-0.2411,0.2527,1,0.0000
216.0,F0,5.00,28.5107,27.4365,27.3248,5.2428,-0.2428,0.2527,1,0.0000
217.0,F0,5.00,28.5065,27.4369,27.3256,5.2436,-0.2436,0.2527,1,0.0000
218.0,F0,5.00,28.5048,27.4347,27.3213,5.2393,-0.2393,0.2527,1,0.0000
219.0,F0,5.00,28.5004,27.4336,27.3203,5.2383,-0.2383,0.2527,1,0.0000
220.0,F0,5.00,28.4979,27.4339,27.3195,5.2375,-0.2375,0.2537,1,0.0000
221.0,F0,5.00,28.4931,27.4307,27.3185,5.2365,-0.2365,0.2537,1,0.0000
222.0,F0,5.00,28.4850,27.4258,27.3173,5.2353,-0.2353,0.2537,1,0.0000
223.0,F0,5.00,28.4798,27.4207,27.3176,5.2356,-0.2356,0.2537,1,0.0000
224.0,F0,5.00,28.4733,27.4178,27.3123,5.2303,-0.2303,0.2537,1,0.0000
225.0,F0,5.00,28.4678,27.4113,27.3102,5.2282,-0.2282,0.2537,1,0.0000
226.0,F0,5.00,28.4619,27.4089,27.3092,5.2272,-0.2272,0.2537,1,0.0000
227.0,F0,5.00,28.4572,27.4071,27.3070,5.2250,-0.2250,0.2537,0,0.0000
228.0,F0,5.00,28.4460,27.3996,27.3059,5.2239,-0.2239,0.2537,0,0.0000
229.0,F0,5.00,28.4391,27.4002,27.3091,5.2271,-0.2271,0.2537,0,0.0000
230.0,F0,5.00,28.4334,27.3995,27.3082,5.2262,-0.2262,0.2560,0,0.0000
231.0,F0,5.00,28.4210,27.3953,27.3065,5.2245,-0.2245,0.2560,0,0.0000
232.0,F0,5.00,28.4103,27.3878,27.3057,5.2237,-0.2237,0.2560,0,0.0000
233.0,F0,5.00,28.4036,27.3843,27.3043,5.2223,-0.2223,0.2560,0,0.0000
234.0,F0,5.00,28.3918,27.3789,27.3052,5.2232,-0.2232,0.2560,0,0.0000
235.0,F0,5.00,28.3887,27.3761,27.3046,5.2226,-0.2226,0.2560,0,0.0000
236.0,F0,5.00,28.3760,27.3695,27.3023,5.2203,-0.2203,0.2560,0,0.0000
237.0,F0,5.00,28.3665,27.3590,27.2973,5.2153,-0.2153,0.2560,0,0.0000
238.0,F0,5.00,28.3606,27.3562,27.2965,5.2145,-0.2145,0.2560,0,0.0000
239.0,F0,5.00,28.3536,27.3532,27.2914,5.2094,-0.2094,0.2560,0,0.0000
240.0,F0,5.00,28.3458,27.3484,27.2885,5.2065,-0.2065,0.2599,0,0.0000
241.0,F0,5.00,28.3380,27.3458,27.2878,5.2058,-0.2058,0.2599,0,0.0000
242.0,F0,5.00,28.3345,27.3413,27.2855,5.2035,-0.2035,0.2599,0,0.0000
243.0,F0,5.00,28.3268,27.3373,27.2817,5.1997,-0.1997,0.2599,0,0.0000
244.0,F0,5.00,28.3188,27.3343,27.2809,5.1989,-0.1989,0.2599,0,0.0000
245.0,F0,5.00,28.3163,27.3310,27.2757,5.1937,-0.1937,0.2599,0,0.0000
246.0,F0,5.00,28.3135,27.3285,27.2771,5.1951,-0.1951,0.2599,0,0.0000
247.0,F0,5.00,28.3114,27.3271,27.2783,5.1963,-0.1963,0.2599,0,0.0000
248.0,F0,5.00,28.3097,27.3255,27.2773,5.1953,-0.1953,0.2599,0,0.0000
249.0,F0,5.00,28.3088,27.3247,27.2809,5.1989,-0.1989,0.2599,0,0.0000
250.0,F0,5.00,28.3055,27.3226,27.2845,5.2025,-0.2025,0.2607,0,0.0000
251.0,F0,5.00,28.3021,27.3217,27.2852,5.2032,-0.2032,0.2607,0,0.0000
252.0,F0,5.00,28.2975,27.3199,27.2790,5.1970,-0.1970,0.2607,0,0.0000
253.0,F0,5.00,28.2963,27.3155,27.2742,5.1922,-0.1922,0.2607,0,0.0000
254.0,F0,5.00,28.2957,27.3130,27.2654,5.1834,-0.1834,0.2607,0,0.0000
255.0,F0,5.00,28.2916,27.3106,27.2683,5.1863,-0.1863,0.2607,0,0.0000
256.0,F0,5.00,28.2897,27.3093,27.2659,5.1839,-0.1839,0.2607,0,0.0000
257.0,F0,5.00,28.2869,27.3074,27.2664,5.1844,-0.1844,0.2607,0,0.0000
258.0,F0,5.00,28.2823,27.3077,27.2630,5.1810,-0.1810,0.2607,0,0.0000
259.0,F0,5.00,28.2810,27.3082,27.2630,5.1810,-0.1810,0.2607,0,0.0000
260.0,F0,5.00,28.2805,27.3082,27.2641,5.1821,-0.1821,0.2648,0,0.0000
261.0,F0,5.00,28.2798,27.3090,27.2649,5.1829,-0.1829,0.2648,0,0.0000
262.0,F0,5.00,28.2763,27.3067,27.2653,5.1833,-0.1833,0.2648,0,0.0000
263.0,F0,5.00,28.2721,27.3064,27.2634,5.1814,-0.1814,0.2648,0,0.0000
264.0,F0,5.00,28.2726,27.3047,27.2637,5.1817,-0.1817,0.2648,0,0.0000
265.0,F0,5.00,28.2673,27.3046,27.2622,5.1802,-0.1802,0.2648,0,0.0000
266.0,F0,5.00,28.2625,27.3026,27.2616,5.1796,-0.1796,0.2648,0,0.0000
267.0,F0,5.00,28.2552,27.3004,27.2595,5.1775,-0.1775,0.2648,0,0.0000
268.0,F0,5.00,28.2509,27.2987,27.2565,5.1745,-0.1745,0.2648,0,0.0000
269.0,F0,5.00,28.2437,27.2951,27.2561,5.1741,-0.1741,0.2648,0,0.0000
270.0,F0,5.00,28.2401,27.2915,27.2515,5.1695,-0.1695,0.2673,0,0.0000
271.0,F0,5.00,28.2361,27.2859,27.2489,5.1669,-0.1669,0.2673,0,0.0000
272.0,F0,5.00,28.2314,27.2811,27.2461,5.1641,-0.1641,0.2673,0,0.0000
273.0,F0,5.00,28.2255,27.2783,27.2400,5.1580,-0.1580,0.2673,0,0.0000
274.0,F0,5.00,28.2176,27.2726,27.2323,5.1503,-0.1503,0.2673,0,0.0000
275.0,F0,5.00,28.2115,27.2665,27.2278,5.1458,-0.1458,0.2673,0,0.0000
276.0,F0,5.00,28.2056,27.2625,27.2226,5.1406,-0.1406,0.2673,0,0.0000
277.0,F0,5.00,28.1987,27.2595,27.2206,5.1386,-0.1386,0.2673,0,0.0000
278.0,F0,5.00,28.1989,27.2541,27.2205,5.1385,-0.1385,0.2673,0,0.0000
279.0,F0,5.00,28.2024,27.2534,27.2218,5.1398,-0.1398,0.2673,0,0.0000
280.0,F0,5.00,28.2022,27.2544,27.2196,5.1376,-0.1376,0.2737,0,0.0000
281.0,F0,5.00,28.1976,27.2465,27.2163,5.1343,-0.1343,0.2737,0,0.0000
282.0,F0,5.00,28.1939,27.2475,27.2109,5.1289,-0.1289,0.2737,0,0.0000
283.0,F0,5.00,28.1873,27.2425,27.2082,5.1262,-0.1262,0.2737,0,0.0000
284.0,F0,5.00,28.1864,27.2365,27.2043,5.1223,-0.1223,0.2737,0,0.0000
285.0,F0,5.00,28.1821,27.2324,27.1956,5.1136,-0.1136,0.2737,0,0.0000
286.0,F0,5.00,28.1791,27.2290,27.1911,5.1091,-0.1091,0.2737,0,0.0000
287.0,F0,5.00,28.1710,27.2227,27.1826,5.1006,-0.1006,0.2737,0,0.0000
288.0,F0,5.00,28.1641,27.2171,27.1793,5.0973,-0.0973,0.2737,0,0.0000
289.0,F0,5.00,28.1597,27.2123,27.1745,5.0925,-0.0925,0.2737,0,0.0000
290.0,F0,5.00,28.1587,27.2113,27.1718,5.0898,-0.0898,0.2832,0,0.0000
291.0,F0,5.00,28.1607,27.2120,27.1716,5.0896,-0.0896,0.2832,0,0.0000
292.0,F0,5.00,28.1585,27.2085,27.1712,5.0892,-0.0892,0.2832,0,0.0000
293.0,F0,5.00,28.1547,27.2061,27.1710,5.0890,-0.0890,0.2832,0,0.0000
294.0,F0,5.00,28.1530,27.2055,27.1713,5.0893,-0.0893,0.2832,0,0.0000
295.0,F0,5.00,28.1543,27.2038,27.1726,5.0906,-0.0906,0.2832,0,0.0000
296.0,F0,5.00,28.1603,27.2046,27.1748,5.0928,-0.0928,0.2832,0,0.0000
297.0,F0,5.00,28.1611,27.2048,27.1766,5.0946,-0.0946,0.2832,0,0.0000
298.0,F0,5.00,28.1621,27.2034,27.1769,5.0949,-0.0949,0.2832,0,0.0000
299.0,F0,5.00,28.1675,27.2050,27.1778,5.0958,-0.0958,0.2832,0,0.0000
300.0,F0,5.00,28.1668,27.2062,27.1799,5.0979,-0.0979,0.2816,0,0.0000
301.0,F0,5.00,28.1741,27.2086,27.1801,5.0981,-0.0981,0.2816,0,0.0000
302.0,F0,5.00,28.1784,27.2090,27.1813,5.0993,-0.0993,0.2816,0,0.0000
303.0,F0,5.00,28.1842,27.2098,27.1770,5.0950,-0.0950,0.2816,0,0.0000
304.0,F0,5.00,28.1891,27.2100,27.1700,5.0880,-0.0880,0.2816,0,0.0000
305.0,F0,5.00,28.1952,27.2116,27.1679,5.0859,-0.0859,0.2816,0,0.0000
306.0,F0,5.00,28.1978,27.2115,27.1674,5.0854,-0.0854,0.2816,0,0.0000
307.0,F0,5.00,28.2010,27.2149,27.1690,5.0870,-0.0870,0.2816,0,0.0000
308.0,F0,5.00,28.2066,27.2137,27.1711,5.0891,-0.0891,0.2816,0,0.0000
309.0,F0,5.00,28.2093,27.2148,27.1721,5.0901,-0.0901,0.2816,0,0.0000
310.0,F0,5.00,28.2122,27.2175,27.1716,5.0896,-0.0896,0.2833,0,0.0000
311.0,F0,5.00,28.2117,27.2162,27.1703,5.0883,-0.0883,0.2833,0,0.0000
312.0,F0,5.00,28.2141,27.2136,27.1684,5.0864,-0.0864,0.2833,0,0.0000
313.0,F0,5.00,28.2108,27.2121,27.1659,5.0839,-0.0839,0.2833,0,0.0000
314.0,F0,5.00,28.2089,27.2115,27.1659,5.0839,-0.0839,0.2833,0,0.0000
315.0,F0,5.00,28.2079,27.2113,27.1642,5.0822,-0.0822,0.2833,0,0.0000
316.0,F0,5.00,28.2070,27.2099,27.1610,5.0790,-0.0790,0.2833,0,0.0000
317.0,F0,5.00,28.2089,27.2101,27.1589,5.0769,-0.0769,0.2833,0,0.0000
318.0,F0,5.00,28.2104,27.2091,27.1582,5.0762,-0.0762,0.2833,0,0.0000
319.0,F0,5.00,28.2148,27.2121,27.1598,5.0778,-0.0778,0.2833,0,0.0000
320.0,F0,5.00,28.2160,27.2100,27.1622,5.0802,-0.0802,0.2852,0,0.0000
321.0,F0,5.00,28.2144,27.2152,27.1658,5.0838,-0.0838,0.2852,0,0.0000
322.0,F0,5.00,28.2054,27.2112,27.1623,5.0803,-0.0803,0.2852,0,0.0000
323.0,F0,5.00,28.1938,27.2035,27.1548,5.0728,-0.0728,0.2852,0,0.0000
324.0,F0,5.00,28.1892,27.1968,27.1558,5.0738,-0.0738,0.2852,0,0.0000
325.0,F0,5.00,28.1881,27.1974,27.1586,5.0766,-0.0766,0.2852,0,0.0000
326.0,F0,5.00,28.1933,27.2003,27.1623,5.0803,-0.0803,0.2852,0,0.0000
327.0,F0,5.00,28.1978,27.2029,27.1631,5.0811,-0.0811,0.2852,0,0.0000
328.0,F0,5.00,28.2012,27.2046,27.1614,5.0794,-0.0794,0.2852,0,0.0000
329.0,F0,5.00,28.2074,27.2057,27.1592,5.0772,-0.0772,0.2852,0,0.0000
330.0,F0,5.00,28.2114,27.2028,27.1531,5.0711,-0.0711,0.2870,0,0.0000
331.0,F0,5.00,28.2166,27.2035,27.1537,5.0717,-0.0717,0.2870,0,0.0000
332.0,F0,5.00,28.2149,27.2002,27.1531,5.0711,-0.0711,0.2870,0,0.0000
333.0,F0,5.00,28.2132,27.2019,27.1491,5.0671,-0.0671,0.2870,0,0.0000
334.0,F0,5.00,28.2110,27.2023,27.1491,5.0671,-0.0671,0.2870,0,0.0000
335.0,F0,5.00,28.2079,27.2009,27.1474,5.0654,-0.0654,0.2870,0,0.0000
336.0,F0,5.00,28.2045,27.1984,27.1469,5.0649,-0.0649,0.2870,0,0.0000
337.0,F0,5.00,28.2051,27.1996,27.1463,5.0643,-0.0643,0.2870,0,0.0000
338.0,F0,5.00,28.2059,27.1969,27.1419,5.0599,-0.0599,0.2870,0,0.0000
339.0,F0,5.00,28.2039,27.1923,27.1353,5.0533,-0.0533,0.2870,0,0.0000
340.0,F0,5.00,28.1987,27.1886,27.1308,5.0488,-0.0488,0.2914,0,0.0000
341.0,F0,5.00,28.1898,27.1848,27.1297,5.0477,-0.0477,0.2914,0,0.0000
342.0,F0,5.00,28.1844,27.1814,27.1294,5.0474,-0.0474,0.2914,0,0.0000
343.0,F0,5.00,28.1830,27.1766,27.1271,5.0451,-0.0451,0.2914,0,0.0000
344.0,F0,5.00,28.1865,27.1753,27.1275,5.0455,-0.0455,0.2914,0,0.0000
345.0,F0,5.00,28.1890,27.1753,27.1250,5.0430,-0.0430,0.2914,0,0.0000
346.0,F0,5.00,28.1914,27.1747,27.1254,5.0434,-0.0434,0.2914,0,0.0000
347.0,F0,5.00,28.1947,27.1765,27.1227,5.0407,-0.0407,0.2914,0,0.0000
348.0,F0,5.00,28.1953,27.1812,27.1220,5.0400,-0.0400,0.2914,0,0.0000
349.0,F0,5.00,28.1897,27.1704,27.1181,5.0361,-0.0361,0.2914,0,0.0000
350.0,F0,5.00,28.1755,27.1541,27.1117,5.0297,-0.0297,0.2953,0,0.0000
351.0,F0,5.00,28.1669,27.1437,27.1044,5.0224,-0.0224,0.2953,0,0.0000
352.0,F0,5.00,28.1685,27.1431,27.1024,5.0204,-0.0204,0.2953,0,0.0000
353.0,F0,5.00,28.1708,27.1450,27.1005,5.0185,-0.0185,0.2953,0,0.0000
354.0,F0,5.00,28.1767,27.1473,27.1006,5.0186,-0.0186,0.2953,0,0.0000
355.0,F0,5.00,28.1764,27.1478,27.0977,5.0157,-0.0157,0.2953,0,0.0000
356.0,F0,5.00,28.1717,27.1475,27.0967,5.0147,-0.0147,0.2953,0,0.0000
357.0,F0,5.00,28.1769,27.1481,27.0981,5.0161,-0.0161,0.2953,0,0.0000
358.0,F0,5.00,28.1776,27.1511,27.0981,5.0161,-0.0161,0.2953,0,0.0000
359.0,F0,5.00,28.1781,27.1506,27.0999,5.0179,-0.0179,0.2953,0,0.0000
360.0,F0,5.00,28.1832,27.1530,27.1013,5.0193,-0.0193,0.2973,0,0.0000
361.0,F0,5.00,28.1875,27.1532,27.1068,5.0248,-0.0248,0.2973,0,0.0000
362.0,F0,5.00,28.1944,27.1606,27.1076,5.0256,-0.0256,0.2973,0,0.0000
363.0,F0,5.00,28.2019,27.1642,27.1067,5.0247,-0.0247,0.2973,0,0.0000
364.0,F0,5.00,28.1984,27.1560,27.1012,5.0192,-0.0192,0.2973,0,0.0000
365.0,F0,5.00,28.1949,27.1462,27.0996,5.0176,-0.0176,0.2973,0,0.0000
366.0,F0,5.00,28.1930,27.1465,27.1039,5.0219,-0.0219,0.2973,0,0.0000
367.0,F0,5.00,28.2012,27.1524,27.1050,5.0230,-0.0230,0.2973,0,0.0000
368.0,F0,5.00,28.2074,27.1570,27.1082,5.0262,-0.0262,0.2973,0,0.0000
369.0,F0,5.00,28.2170,27.1653,27.1137,5.0317,-0.0317,0.2973,0,0.0000
370.0,F0,5.00,28.2231,27.1719,27.1142,5.0322,-0.0322,0.2948,0,0.0000
371.0,F0,5.00,28.2243,27.1745,27.1158,5.0338,-0.0338,0.2948,0,0.0000
372.0,F0,5.00,28.2287,27.1794,27.1192,5.0372,-0.0372,0.2948,0,0.0000
373.0,F0,5.00,28.2295,27.1803,27.1189,5.0369,-0.0369,0.2948,0,0.0000
374.0,F0,5.00,28.2312,27.1827,27.1203,5.0383,-0.0383,0.2948,0,0.0000
375.0,F0,5.00,28.2379,27.1831,27.1210,5.0390,-0.0390,0.2948,0,0.0000
376.0,F0,5.00,28.2386,27.1888,27.1240,5.0420,-0.0420,0.2948,0,0.0000
377.0,F0,5.00,28.2450,27.1910,27.1249,5.0429,-0.0429,0.2948,0,0.0000
378.0,F0,5.00,28.2497,27.1946,27.1263,5.0443,-0.0443,0.2948,0,0.0000
379.0,F0,5.00,28.2518,27.1996,27.1310,5.0490,-0.0490,0.2948,0,0.0000
380.0,F0,5.00,28.2550,27.2007,27.1337,5.0517,-0.0517,0.2909,0,0.0000
381.0,F0,5.00,28.2538,27.1988,27.1344,5.0524,-0.0524,0.2909,0,0.0000
382.0,F0,5.00,28.2479,27.1981,27.1302,5.0482,-0.0482,0.2909,0,0.0000
383.0,F0,5.00,28.2405,27.1965,27.1265,5.0445,-0.0445,0.2909,0,0.0000
384.0,F0,5.00,28.2355,27.1918,27.1248,5.0428,-0.0428,0.2909,0,0.0000
385.0,F0,5.00,28.2322,27.1901,27.1243,5.0423,-0.0423,0.2909,0,0.0000
386.0,F0,5.00,28.2310,27.1866,27.1212,5.0392,-0.0392,0.2909,0,0.0000
387.0,F0,5.00,28.2302,27.1839,27.1212,5.0392,-0.0392,0.2909,1,0.0000
388.0,F0,5.00,28.2314,27.1848,27.1235,5.0415,-0.0415,0.2909,1,0.0000
389.0,F0,5.00,28.2335,27.1877,27.1218,5.0398,-0.0398,0.2909,1,0.0000
390.0,F0,5.00,28.2367,27.1895,27.1190,5.0370,-0.0370,0.2938,1,0.0000
391.0,F0,5.00,28.2430,27.1944,27.1218,5.0398,-0.0398,0.2938,1,0.0000
392.0,F0,5.00,28.2508,27.2004,27.1250,5.0430,-0.0430,0.2938,1,0.0000
393.0,F0,5.00,28.2575,27.2056,27.1273,5.0453,-0.0453,0.2938,1,0.0000
394.0,F0,5.00,28.2621,27.2099,27.1270,5.0450,-0.0450,0.2938,1,0.0000
395.0,F0,5.00,28.2659,27.2111,27.1259,5.0439,-0.0439,0.2938,1,0.0000
396.0,F0,5.00,28.2695,27.2155,27.1259,5.0439,-0.0439,0.2938,1,0.0000
397.0,F0,5.00,28.2705,27.2158,27.1247,5.0427,-0.0427,0.2938,1,0.0000
398.0,F0,5.00,28.2679,27.2186,27.1234,5.0414,-0.0414,0.2938,1,0.0000
399.0,F0,5.00,28.2680,27.2161,27.1220,5.0400,-0.0400,0.2938,1,0.0000
400.0,F0,5.00,28.2653,27.2113,27.1192,5.0372,-0.0372,0.2938,1,0.0000
401.0,F0,5.00,28.2597,27.2029,27.1141,5.0321,-0.0321,0.2938,1,0.0000
402.0,F0,5.00,28.2540,27.1938,27.1100,5.0280,-0.0280,0.2938,1,0.0000
403.0,F0,5.00,28.2441,27.1899,27.1072,5.0252,-0.0252,0.2938,1,0.0000
404.0,F0,5.00,28.2376,27.1834,27.1085,5.0265,-0.0265,0.2938,1,0.0000
405.0,F0,5.00,28.2356,27.1856,27.1095,5.0275,-0.0275,0.2938,1,0.0000
406.0,F0,5.00,28.2314,27.1869,27.1106,5.0286,-0.0286,0.2938,1,0.0000
407.0,F0,5.00,28.2316,27.1872,27.1124,5.0304,-0.0304,0.2938,1,0.0000
408.0,F0,5.00,28.2350,27.1935,27.1133,5.0313,-0.0313,0.2938,1,0.0000
409.0,F0,5.00,28.2432,27.1926,27.1151,5.0331,-0.0331,0.2938,1,0.0000
410.0,F0,5.00,28.2444,27.1992,27.1172,5.0352,-0.0352,0.2942,1,0.0000
411.0,F0,5.00,28.2457,27.1988,27.1179,5.0359,-0.0359,0.2942,1,0.0000
412.0,F0,5.00,28.2434,27.2007,27.1203,5.0383,-0.0383,0.2942,1,0.0000
413.0,F0,5.00,28.2430,27.2029,27.1230,5.0410,-0.0410,0.2942,1,0.0000
414.0,F0,5.00,28.2390,27.2077,27.1245,5.0424,-0.0424,0.2942,1,0.0000
415.0,F0,5.00,28.2404,27.2112,27.1274,5.0454,-0.0454,0.2942,1,0.0000
416.0,F0,5.00,28.2370,27.2106,27.1268,5.0448,-0.0448,0.2942,1,0.0000
417.0,F0,5.00,28.2331,27.2076,27.1321,5.0501,-0.0501,0.2942,1,0.0000
418.0,F0,5.00,28.2345,27.2114,27.1374,5.0554,-0.0554,0.2942,1,0.0000
419.0,F0,5.00,28.2371,27.2135,27.1406,5.0586,-0.0586,0.2942,1,0.0000
420.0,F0,5.00,28.2388,27.2141,27.1391,5.0571,-0.0571,0.2898,1,0.0000
421.0,F0,5.00,28.2390,27.2157,27.1413,5.0593,-0.0593,0.2898,1,0.0000
422.0,F0,5.00,28.2382,27.2118,27.1378,5.0558,-0.0558,0.2898,1,0.0000
423.0,F0,5.00,28.2422,27.2117,27.1367,5.0547,-0.0547,0.2898,1,0.0000
424.0,F0,5.00,28.2457,27.2114,27.1380,5.0560,-0.0560,0.2898,1,0.0000
425.0,F0,5.00,28.2467,27.2130,27.1375,5.0555,-0.0555,0.2898,1,0.0000
426.0,F0,5.00,28.2462,27.2124,27.1353,5.0533,-0.0533,0.2898,1,0.0000
427.0,F0,5.00,28.2451,27.2121,27.1371,5.0551,-0.0551,0.2898,1,0.0000
428.0,F0,5.00,28.2438,27.2081,27.1354,5.0534,-0.0534,0.2898,1,0.0000
429.0,F0,5.00,28.2407,27.2050,27.1297,5.0477,-0.0477,0.2898,1,0.0000
430.0,F0,5.00,28.2406,27.2026,27.1307,5.0487,-0.0487,0.2915,1,0.0000
431.0,F0,5.00,28.2415,27.2031,27.1306,5.0486,-0.0486,0.2915,1,0.0000
432.0,F0,5.00,28.2389,27.2007,27.1281,5.0461,-0.0461,0.2915,1,0.0000
433.0,F0,5.00,28.2349,27.1939,27.1225,5.0405,-0.0405,0.2915,1,0.0000
434.0,F0,5.00,28.2370,27.1884,27.1205,5.0385,-0.0385,0.2915,1,0.0000
435.0,F0,5.00,28.2344,27.1896,27.1165,5.0345,-0.0345,0.2915,1,0.0000
436.0,F0,5.00,28.2365,27.1827,27.1174,5.0354,-0.0354,0.2915,1,0.0000
437.0,F0,5.00,28.2314,27.1776,27.1157,5.0337,-0.0337,0.2915,1,0.0000
438.0,F0,5.00,28.2304,27.1802,27.1151,5.0331,-0.0331,0.2915,1,0.0000
439.0,F0,5.00,28.2305,27.1795,27.1144,5.0324,-0.0324,0.2915,1,0.0000
440.0,F0,5.00,28.2267,27.1759,27.1123,5.0303,-0.0303,0.2952,1,0.0000
441.0,F1,10.00,28.2257,27.1757,27.1114,5.0294,4.9706,0.2952,1,0.0000
442.0,F1,10.00,28.2308,27.1761,27.1101,5.0281,4.9719,0.2952,1,0.0000
443.0,F1,10.00,28.2333,27.1742,27.1114,5.0294,4.9706,0.2952,1,0.0000
444.0,F1,10.00,28.2323,27.1780,27.1125,5.0305,4.9695,0.2952,1,0.0000
445.0,F1,10.00,28.2335,27.1788,27.1136,5.0316,4.9684,0.2952,1,0.0000
446.0,F1,10.00,28.2337,27.1820,27.1148,5.0328,4.9672,0.2952,1,0.0000
447.0,F1,10.00,28.2348,27.1867,27.1170,5.0350,4.9650,0.2952,1,0.0000
448.0,F1,10.00,28.2402,27.1949,27.1203,5.0383,4.9617,0.2952,1,0.0000
449.0,F1,10.00,28.2453,27.2012,27.1238,5.0418,4.9582,0.2952,1,0.0000
450.0,F1,10.00,28.2522,27.2051,27.1262,5.0442,4.9558,1.0000,1,0.0000
451.0,F1,10.00,28.2584,27.2057,27.1294,5.0474,4.9526,1.0000,1,0.0000
452.0,F1,10.00,28.2608,27.2074,27.1292,5.0472,4.9528,1.0000,1,0.0000
453.0,F1,10.00,28.2566,27.1989,27.1275,5.0455,4.9545,1.0000,1,0.0000
454.0,F1,10.00,28.2499,27.1943,27.1291,5.0471,4.9529,1.0000,1,0.0000
455.0,F1,10.00,28.2530,27.1903,27.1262,5.0442,4.9558,1.0000,1,0.0000
456.0,F1,10.00,28.2649,27.1852,27.1191,5.0371,4.9629,1.0000,1,0.0000
457.0,F1,10.00,28.2879,27.1871,27.1166,5.0346,4.9654,1.0000,1,0.0000
458.0,F1,10.00,28.3192,27.1810,27.1026,5.0206,4.9794,1.0000,1,0.0000
459.0,F1,10.00,28.3565,27.1886,27.1022,5.0202,4.9798,1.0000,1,0.0000
460.0,F1,10.00,28.4001,27.1970,27.1068,5.0248,4.9752,1.0000,1,0.0000
461.0,F1,10.00,28.4441,27.2057,27.1122,5.0302,4.9698,1.0000,1,0.0000
462.0,F1,10.00,28.4909,27.2181,27.1135,5.0315,4.9685,1.0000,1,0.0000
463.0,F1,10.00,28.5310,27.2213,27.1139,5.0319,4.9681,1.0000,1,0.0000
464.0,F1,10.00,28.5758,27.2300,27.1162,5.0342,4.9658,1.0000,1,0.0000
465.0,F1,10.00,28.6194,27.2379,27.1190,5.0370,4.9630,1.0000,1,0.0000
466.0,F1,10.00,28.6707,27.2502,27.1320,5.0500,4.9500,1.0000,1,0.0000
467.0,F1,10.00,28.7314,27.2667,27.1405,5.0585,4.9415,1.0000,1,0.0000
468.0,F1,10.00,28.7912,27.2824,27.1428,5.0608,4.9392,1.0000,1,0.0000
469.0,F1,10.00,28.8480,27.2947,27.1431,5.0611,4.9389,1.0000,1,0.0000
470.0,F1,10.00,28.9121,27.3080,27.1465,5.0645,4.9355,1.0000,1,0.0000
471.0,F1,10.00,28.9718,27.3241,27.1505,5.0685,4.9315,1.0000,1,0.0000
472.0,F1,10.00,29.0255,27.3441,27.1636,5.0816,4.9184,1.0000,1,0.0000
473.0,F1,10.00,29.0800,27.3679,27.1735,5.0915,4.9085,1.0000,1,0.0000
474.0,F1,10.00,29.1449,27.3925,27.1832,5.1012,4.8988,1.0000,1,0.0000
475.0,F1,10.00,29.2070,27.4200,27.1947,5.1127,4.8873,1.0000,1,0.0000
476.0,F1,10.00,29.2716,27.4497,27.2103,5.1283,4.8717,1.0000,1,0.0000
477.0,F1,10.00,29.3298,27.4761,27.2195,5.1375,4.8625,1.0000,1,0.0000
478.0,F1,10.00,29.3799,27.4935,27.2290,5.1470,4.8530,1.0000,1,0.0000
479.0,F1,10.00,29.4296,27.5140,27.2391,5.1571,4.8429,1.0000,1,0.0000
480.0,F1,10.00,29.4837,27.5343,27.2438,5.1618,4.8382,1.0000,1,0.0000
481.0,F1,10.00,29.5404,27.5594,27.2523,5.1703,4.8297,1.0000,1,0.0000
482.0,F1,10.00,29.6021,27.5848,27.2611,5.1791,4.8209,1.0000,1,0.0000
483.0,F1,10.00,29.6578,27.6096,27.2711,5.1891,4.8109,1.0000,1,0.0000
484.0,F1,10.00,29.7151,27.6399,27.2861,5.2041,4.7959,1.0000,1,0.0000
485.0,F1,10.00,29.7821,27.6693,27.3145,5.2325,4.7675,1.0000,1,0.0000
486.0,F1,10.00,29.8541,27.7010,27.3315,5.2495,4.7505,1.0000,1,0.0000
487.0,F1,10.00,29.9242,27.7357,27.3510,5.2690,4.7310,1.0000,1,0.0000
488.0,F1,10.00,29.9859,27.7685,27.3689,5.2869,4.7131,1.0000,1,0.0000
489.0,F1,10.00,30.0471,27.7964,27.3836,5.3016,4.6984,1.0000,1,0.0000
490.0,F1,10.00,30.1024,27.8272,27.4007,5.3187,4.6813,1.0000,1,0.0000
491.0,F1,10.00,30.1537,27.8561,27.4279,5.3459,4.6541,1.0000,1,0.0000
492.0,F1,10.00,30.2039,27.8864,27.4433,5.3613,4.6387,1.0000,1,0.0000
493.0,F1,10.00,30.2589,27.9158,27.4610,5.3790,4.6210,1.0000,1,0.0000
494.0,F1,10.00,30.3126,27.9454,27.4754,5.3934,4.6066,1.0000,1,0.0000
495.0,F1,10.00,30.3665,27.9769,27.4921,5.4101,4.5899,1.0000,1,0.0000
496.0,F1,10.00,30.4192,28.0068,27.5116,5.4296,4.5704,1.0000,1,0.0000
497.0,F1,10.00,30.4802,28.0401,27.5398,5.4578,4.5422,1.0000,1,0.0000
498.0,F1,10.00,30.5294,28.0707,27.5603,5.4783,4.5217,1.0000,1,0.0000
499.0,F1,10.00,30.5741,28.1018,27.5796,5.4976,4.5024,1.0000,1,0.0000
500.0,F1,10.00,30.6242,28.1345,27.6004,5.5184,4.4816,1.0000,1,0.0000
501.0,F1,10.00,30.6766,28.1671,27.6222,5.5402,4.4598,1.0000,1,0.0000
502.0,F1,10.00,30.7269,28.2009,27.6426,5.5606,4.4394,1.0000,1,0.0000
503.0,F1,10.00,30.7746,28.2335,27.6655,5.5835,4.4165,1.0000,1,0.0000
504.0,F1,10.00,30.8277,28.2670,27.6903,5.6083,4.3917,1.0000,1,0.0000
505.0,F1,10.00,30.8809,28.2988,27.7261,5.6441,4.3559,1.0000,1,0.0000
506.0,F1,10.00,30.9304,28.3316,27.7508,5.6688,4.3312,1.0000,1,0.0000
507.0,F1,10.00,30.9740,28.3636,27.7755,5.6935,4.3065,1.0000,1,0.0000
508.0,F1,10.00,31.0264,28.3968,27.7964,5.7144,4.2856,1.0000,1,0.0000
509.0,F1,10.00,31.0682,28.4250,27.8183,5.7363,4.2637,1.0000,1,0.0000
510.0,F1,10.00,31.1171,28.4564,27.8398,5.7578,4.2422,1.0000,1,0.0000
511.0,F1,10.00,31.1624,28.4918,27.8656,5.7836,4.2164,1.0000,1,0.0000
512.0,F1,10.00,31.2111,28.5230,27.8815,5.7995,4.2005,1.0000,1,0.0000
513.0,F1,10.00,31.2597,28.5563,27.8989,5.8169,4.1831,1.0000,1,0.0000
514.0,F1,10.00,31.3052,28.5927,27.9274,5.8454,4.1546,1.0000,1,0.0000
515.0,F1,10.00,31.3539,28.6280,27.9563,5.8743,4.1257,1.0000,1,0.0000
516.0,F1,10.00,31.4004,28.6635,27.9851,5.9031,4.0969,1.0000,1,0.0000
517.0,F1,10.00,31.4432,28.6957,28.0107,5.9287,4.0713,1.0000,1,0.0000
518.0,F1,10.00,31.4928,28.7302,28.0386,5.9566,4.0434,1.0000,1,0.0000
519.0,F1,10.00,31.5493,28.7620,28.0668,5.9848,4.0152,1.0000,1,0.0000
520.0,F1,10.00,31.5928,28.7971,28.1088,6.0268,3.9732,1.0000,1,0.0000
521.0,F1,10.00,31.6366,28.8325,28.1392,6.0572,3.9428,1.0000,1,0.0000
522.0,F1,10.00,31.6819,28.8643,28.1660,6.0840,3.9160,1.0000,1,0.0000
523.0,F1,10.00,31.7312,28.8994,28.1987,6.1167,3.8833,1.0000,1,0.0000
524.0,F1,10.00,31.7779,28.9365,28.2298,6.1478,3.8522,1.0000,1,0.0000
525.0,F1,10.00,31.8218,28.9691,28.2582,6.1762,3.8238,1.0000,1,0.0000
526.0,F1,10.00,31.8643,29.0024,28.2821,6.2001,3.7999,1.0000,1,0.0000
527.0,F1,10.00,31.9005,29.0302,28.3073,6.2253,3.7747,1.0000,1,0.0000
528.0,F1,10.00,31.9427,29.0611,28.3347,6.2527,3.7473,1.0000,1,0.0000
529.0,F1,10.00,31.9773,29.0955,28.3673,6.2853,3.7147,1.0000,1,0.0000
530.0,F1,10.00,32.0193,29.1264,28.3948,6.3128,3.6872,1.0000,1,0.0000
531.0,F1,10.00,32.0525,29.1560,28.4229,6.3409,3.6591,1.0000,1,0.0000
532.0,F1,10.00,32.0872,29.1852,28.4470,6.3650,3.6350,1.0000,1,0.0000
533.0,F1,10.00,32.1236,29.2123,28.4753,6.3933,3.6067,1.0000,1,0.0000
534.0,F1,10.00,32.1609,29.2429,28.5001,6.4181,3.5819,1.0000,1,0.0000
535.0,F1,10.00,32.2043,29.2752,28.5295,6.4475,3.5525,1.0000,1,0.0000
536.0,F1,10.00,32.2414,29.3049,28.5534,6.4714,3.5286,1.0000,1,0.0000
537.0,F1,10.00,32.2819,29.3382,28.5840,6.5020,3.4980,1.0000,1,0.0000
538.0,F1,10.00,32.3231,29.3705,28.6223,6.5403,3.4597,1.0000,1,0.0000
539.0,F1,10.00,32.3635,29.4036,28.6630,6.5810,3.4190,1.0000,1,0.0000
540.0,F1,10.00,32.4055,29.4384,28.6937,6.6117,3.3883,1.0000,1,0.0000
541.0,F1,10.00,32.4567,29.4727,28.7262,6.6442,3.3558,1.0000,1,0.0000
542.0,F1,10.00,32.5080,29.5092,28.7596,6.6776,3.3224,1.0000,1,0.0000
543.0,F1,10.00,32.5492,29.5452,28.7925,6.7105,3.2895,1.0000,1,0.0000
544.0,F1,10.00,32.5866,29.5832,28.8238,6.7418,3.2582,1.0000,1,0.0000
545.0,F1,10.00,32.6212,29.6169,28.8557,6.7737,3.2263,1.0000,1,0.0000
546.0,F1,10.00,32.6532,29.6517,28.8846,6.8026,3.1974,1.0000,1,0.0000
547.0,F1,10.00,32.6880,29.6852,28.9131,6.8311,3.1689,1.0000,1,0.0000
548.0,F1,10.00,32.7288,29.7179,28.9500,6.8680,3.1320,1.0000,1,0.0000
549.0,F1,10.00,32.7672,29.7491,28.9842,6.9022,3.0978,1.0000,1,0.0000
550.0,F1,10.00,32.8013,29.7809,29.0188,6.9368,3.0632,1.0000,1,0.0000
551.0,F1,10.00,32.8359,29.8139,29.0500,6.9680,3.0320,1.0000,1,0.0000
552.0,F1,10.00,32.8512,29.8422,29.0795,6.9975,3.0025,1.0000,1,0.0000
553.0,F1,10.00,32.8809,29.8716,29.1074,7.0254,2.9746,1.0000,1,0.0000
554.0,F1,10.00,32.9136,29.9012,29.1387,7.0567,2.9433,1.0000,1,0.0000
555.0,F1,10.00,32.9474,29.9254,29.1634,7.0814,2.9186,1.0000,1,0.0000
556.0,F1,10.00,32.9585,29.9399,29.1812,7.0992,2.9008,1.0000,1,0.0000
557.0,F1,10.00,32.9749,29.9616,29.1991,7.1171,2.8829,1.0000,1,0.0000
558.0,F1,10.00,33.0060,29.9883,29.2244,7.1424,2.8576,1.0000,1,0.0000
559.0,F1,10.00,33.0363,30.0178,29.2556,7.1736,2.8264,1.0000,1,0.0000
560.0,F1,10.00,33.0630,30.0433,29.2831,7.2011,2.7989,1.0000,1,0.0000
561.0,F1,10.00,33.0918,30.0728,29.3187,7.2367,2.7633,1.0000,1,0.0000
562.0,F1,10.00,33.1205,30.0962,29.3373,7.2553,2.7447,1.0000,1,0.0000
563.0,F1,10.00,33.1496,30.1155,29.3563,7.2743,2.7257,1.0000,1,0.0000
564.0,F1,10.00,33.1797,30.1371,29.3763,7.2943,2.7057,1.0000,1,0.0000
565.0,F1,10.00,33.2148,30.1626,29.3964,7.3144,2.6856,1.0000,1,0.0000
566.0,F1,10.00,33.2529,30.1924,29.4194,7.3374,2.6626,1.0000,1,0.0000
567.0,F1,10.00,33.3008,30.2193,29.4420,7.3600,2.6400,1.0000,1,0.0000
568.0,F1,10.00,33.3384,30.2509,29.4695,7.3875,2.6125,1.0000,1,0.0000
569.0,F1,10.00,33.3730,30.2809,29.4950,7.4130,2.5870,1.0000,1,0.0000
570.0,F1,10.00,33.4094,30.3074,29.5214,7.4394,2.5606,1.0000,1,0.0000
571.0,F1,10.00,33.4365,30.3330,29.5502,7.4682,2.5318,1.0000,1,0.0000
572.0,F1,10.00,33.4668,30.3615,29.5847,7.5027,2.4973,1.0000,1,0.0000
573.0,F1,10.00,33.4913,30.3893,29.6104,7.5284,2.4716,1.0000,1,0.0000
574.0,F1,10.00,33.5229,30.4191,29.6408,7.5588,2.4412,1.0000,1,0.0000
575.0,F1,10.00,33.5525,30.4465,29.6677,7.5857,2.4143,1.0000,1,0.0000
576.0,F1,10.00,33.5862,30.4745,29.6978,7.6158,2.3842,1.0000,1,0.0000
577.0,F1,10.00,33.6173,30.5010,29.7262,7.6442,2.3558,1.0000,1,0.0000
578.0,F1,10.00,33.6486,30.5291,29.7551,7.6731,2.3269,1.0000,1,0.0000
579.0,F1,10.00,33.6890,30.5552,29.7839,7.7019,2.2981,1.0000,1,0.0000
580.0,F1,10.00,33.7264,30.5851,29.8159,7.7339,2.2661,1.0000,1,0.0000
581.0,F1,10.00,33.7600,30.6132,29.8477,7.7657,2.2343,1.0000,1,0.0000
582.0,F1,10.00,33.7950,30.6415,29.8778,7.7958,2.2042,1.0000,1,0.0000
583.0,F1,10.00,33.8247,30.6717,29.9101,7.8281,2.1719,1.0000,1,0.0000
584.0,F1,10.00,33.8522,30.7063,29.9515,7.8695,2.1305,1.0000,1,0.0000
585.0,F1,10.00,33.8758,30.7337,29.9726,7.8906,2.1094,1.0000,1,0.0000
586.0,F1,10.00,33.8953,30.7577,29.9953,7.9133,2.0867,1.0000,1,0.0000
587.0,F1,10.00,33.9151,30.7772,30.0188,7.9368,2.0632,1.0000,1,0.0000
588.0,F1,10.00,33.9273,30.8043,30.0405,7.9585,2.0415,1.0000,1,0.0000
589.0,F1,10.00,33.9474,30.8266,30.0654,7.9834,2.0166,1.0000,1,0.0000
590.0,F1,10.00,33.9686,30.8521,30.0921,8.0101,1.9899,0.8815,1,0.0000
591.0,F1,10.00,33.9880,30.8775,30.1201,8.0381,1.9619,0.8815,1,0.0000
592.0,F1,10.00,34.0155,30.9013,30.1463,8.0643,1.9357,0.8815,1,0.0000
593.0,F1,10.00,34.0428,30.9222,30.1681,8.0861,1.9139,0.8815,1,0.0000
594.0,F1,10.00,34.0779,30.9427,30.1875,8.1055,1.8945,0.8815,1,0.0000
595.0,F1,10.00,34.1027,30.9644,30.2097,8.1277,1.8723,0.8815,1,0.0000
596.0,F1,10.00,34.1256,30.9878,30.2380,8.1560,1.8440,0.8815,1,0.0000
597.0,F1,10.00,34.1513,31.0132,30.2656,8.1836,1.8164,0.8815,1,0.0000
598.0,F1,10.00,34.1801,31.0411,30.2933,8.2113,1.7887,0.8815,1,0.0000
599.0,F1,10.00,34.2095,31.0682,30.3183,8.2363,1.7637,0.8815,1,0.0000
600.0,F1,10.00,34.2422,31.0840,30.3352,8.2532,1.7468,0.7738,1,0.0000
601.0,F1,10.00,34.2696,31.1109,30.3588,8.2768,1.7232,0.7738,1,0.0000
602.0,F1,10.00,34.2966,31.1356,30.3857,8.3037,1.6963,0.7738,1,0.0000
603.0,F1,10.00,34.3112,31.1566,30.4066,8.3246,1.6754,0.7738,1,0.0000
604.0,F1,10.00,34.3284,31.1827,30.4272,8.3452,1.6548,0.7738,1,0.0000
605.0,F1,10.00,34.3522,31.2121,30.4586,8.3766,1.6234,0.7738,1,0.0000
606.0,F1,10.00,34.3784,31.2484,30.4947,8.4127,1.5873,0.7738,1,0.0000
607.0,F1,10.00,34.4096,31.2820,30.5255,8.4435,1.5565,0.7738,1,0.0000
608.0,F1,10.00,34.4407,31.3146,30.5607,8.4787,1.5213,0.7738,1,0.0000
609.0,F1,10.00,34.4695,31.3428,30.5990,8.5170,1.4830,0.7738,1,0.0000
610.0,F1,10.00,34.4958,31.3738,30.6343,8.5523,1.4477,0.6413,1,0.0000
611.0,F1,10.00,34.5165,31.4041,30.6684,8.5864,1.4136,0.6413,1,0.0000
612.0,F1,10.00,34.5374,31.4303,30.7020,8.6200,1.3800,0.6413,1,0.0000
613.0,F1,10.00,34.5544,31.4372,30.7279,8.6459,1.3541,0.6413,1,0.0000
614.0,F1,10.00,34.5696,31.4617,30.7532,8.6712,1.3288,0.6413,1,0.0000
615.0,F1,10.00,34.5790,31.4878,30.7828,8.7008,1.2992,0.6413,1,0.0000
616.0,F1,10.00,34.5857,31.5068,30.8094,8.7274,1.2726,0.6413,1,0.0000
617.0,F1,10.00,34.5970,31.5330,30.8409,8.7589,1.2411,0.6413,1,0.0000
618.0,F1,10.00,34.6078,31.5610,30.8809,8.7989,1.2011,0.6413,1,0.0000
619.0,F1,10.00,34.6185,31.5907,30.9213,8.8393,1.1607,0.6413,1,0.0000
620.0,F1,10.00,34.6174,31.6198,30.9512,8.8692,1.1308,0.5009,1,0.0000
621.0,F1,10.00,34.6138,31.6460,30.9784,8.8964,1.1036,0.5009,1,0.0000
622.0,F1,10.00,34.6077,31.6666,31.0024,8.9204,1.0796,0.5009,1,0.0000
623.0,F1,10.00,34.6160,31.6862,31.0283,8.9463,1.0537,0.5009,1,0.0000
624.0,F1,10.00,34.6259,31.7071,31.0570,8.9750,1.0250,0.5009,1,0.0000
625.0,F1,10.00,34.6317,31.7389,31.0868,9.0048,0.9952,0.5009,1,0.0000
626.0,F1,10.00,34.6429,31.7683,31.1165,9.0345,0.9655,0.5009,1,0.0000
627.0,F1,10.00,34.6462,31.7912,31.1474,9.0654,0.9346,0.5009,1,0.0000
628.0,F1,10.00,34.6385,31.8113,31.1763,9.0943,0.9057,0.5009,1,0.0000
629.0,F1,10.00,34.6349,31.8283,31.2029,9.1209,0.8791,0.5009,1,0.0000
630.0,F1,10.00,34.6258,31.8419,31.2252,9.1432,0.8568,0.3796,0,0.0000
631.0,F1,10.00,34.6099,31.8510,31.2385,9.1565,0.8435,0.3796,0,0.0000
632.0,F1,10.00,34.5885,31.8600,31.2498,9.1678,0.8322,0.3796,0,0.0000
633.0,F1,10.00,34.5657,31.8683,31.2700,9.1880,0.8120,0.3796,0,0.0000
634.0,F1,10.00,34.5404,31.8681,31.2836,9.2016,0.7984,0.3796,0,0.0000
635.0,F1,10.00,34.5217,31.8749,31.3004,9.2184,0.7816,0.3796,0,0.0000
636.0,F1,10.00,34.5021,31.8834,31.3179,9.2359,0.7641,0.3796,0,0.0000
637.0,F1,10.00,34.4844,31.8938,31.3386,9.2566,0.7434,0.3796,0,0.0000
638.0,F1,10.00,34.4681,31.9011,31.3553,9.2733,0.7267,0.3796,0,0.0000
639.0,F1,10.00,34.4504,31.9102,31.3757,9.2937,0.7063,0.3796,0,0.0000
640.0,F1,10.00,34.4335,31.9200,31.3916,9.3096,0.6904,0.3059,0,0.0000
641.0,F1,10.00,34.4208,31.9297,31.4131,9.3311,0.6689,0.3059,0,0.0000
642.0,F1,10.00,34.4103,31.9372,31.4321,9.3501,0.6499,0.3059,0,0.0000
643.0,F1,10.00,34.3884,31.9414,31.4498,9.3678,0.6322,0.3059,0,0.0000
644.0,F1,10.00,34.3730,31.9381,31.4662,9.3842,0.6158,0.3059,0,0.0000
645.0,F1,10.00,34.3601,31.9429,31.4829,9.4009,0.5991,0.3059,0,0.0000
646.0,F1,10.00,34.3400,31.9487,31.4974,9.4154,0.5846,0.3059,0,0.0000
647.0,F1,10.00,34.3254,31.9540,31.5127,9.4307,0.5693,0.3059,0,0.0000
648.0,F1,10.00,34.3049,31.9592,31.5271,9.4451,0.5549,0.3059,0,0.0000
649.0,F1,10.00,34.2793,31.9619,31.5406,9.4586,0.5414,0.3059,0,0.0000
650.0,F1,10.00,34.2491,31.9648,31.5542,9.4722,0.5278,0.2338,0,0.0000
651.0,F1,10.00,34.2215,31.9624,31.5667,9.4847,0.5153,0.2338,0,0.0000
652.0,F1,10.00,34.1960,31.9621,31.5810,9.4990,0.5010,0.2338,0,0.0000
653.0,F1,10.00,34.1803,31.9662,31.5947,9.5127,0.4873,0.2338,0,0.0000
654.0,F1,10.00,34.1565,31.9674,31.6079,9.5259,0.4741,0.2338,0,0.0000
655.0,F1,10.00,34.1322,31.9647,31.6209,9.5389,0.4611,0.2338,0,0.0000
656.0,F1,10.00,34.1083,31.9641,31.6342,9.5522,0.4478,0.2338,0,0.0000
657.0,F1,10.00,34.0909,31.9614,31.6454,9.5634,0.4366,0.2338,0,0.0000
658.0,F1,10.00,34.0625,31.9614,31.6582,9.5762,0.4238,0.2338,0,0.0000
659.0,F1,10.00,34.0349,31.9607,31.6662,9.5842,0.4158,0.2338,0,0.0000
660.0,F1,10.00,34.0099,31.9541,31.6766,9.5946,0.4054,0.1796,0,0.0000
661.0,F1,10.00,33.9814,31.9486,31.6829,9.6009,0.3991,0.1796,0,0.0000
662.0,F1,10.00,33.9469,31.9399,31.6892,9.6072,0.3928,0.1796,0,0.0000
663.0,F1,10.00,33.9075,31.9250,31.6868,9.6048,0.3952,0.1796,0,0.0000
664.0,F1,10.00,33.8626,31.9039,31.6756,9.5936,0.4064,0.1796,0,0.0000
665.0,F1,10.00,33.8134,31.8784,31.6480,9.5660,0.4340,0.1796,0,0.0000
666.0,F1,10.00,33.7688,31.8599,31.6391,9.5571,0.4429,0.1796,0,0.0000
667.0,F1,10.00,33.7221,31.8430,31.6344,9.5524,0.4476,0.1796,0,0.0000
668.0,F1,10.00,33.6804,31.8283,31.6306,9.5486,0.4514,0.1796,0,0.0000
669.0,F1,10.00,33.6394,31.8152,31.6266,9.5446,0.4554,0.1796,0,0.0000
670.0,F1,10.00,33.5992,31.7969,31.6238,9.5418,0.4582,0.2030,0,0.0000
671.0,F1,10.00,33.5635,31.7813,31.6218,9.5398,0.4602,0.2030,0,0.0000
672.0,F1,10.00,33.5290,31.7661,31.6183,9.5363,0.4637,0.2030,0,0.0000
673.0,F1,10.00,33.4943,31.7531,31.6137,9.5317,0.4683,0.2030,0,0.0000
674.0,F1,10.00,33.4609,31.7391,31.6077,9.5257,0.4743,0.2030,0,0.0000
675.0,F1,10.00,33.4315,31.7300,31.6010,9.5190,0.4810,0.2030,0,0.0000
676.0,F1,10.00,33.3965,31.7171,31.5975,9.5155,0.4845,0.2030,0,0.0000
677.0,F1,10.00,33.3603,31.7018,31.5920,9.5100,0.4900,0.2030,0,0.0000
678.0,F1,10.00,33.3289,31.6888,31.5840,9.5020,0.4980,0.2030,0,0.0000
679.0,F1,10.00,33.2870,31.6693,31.5724,9.4904,0.5096,0.2030,0,0.0000
680.0,F1,10.00,33.2561,31.6544,31.5625,9.4805,0.5195,0.2301,0,0.0000
681.0,F1,10.00,33.2259,31.6425,31.5588,9.4768,0.5232,0.2301,0,0.0000
682.0,F1,10.00,33.1872,31.6213,31.5450,9.4630,0.5370,0.2301,0,0.0000
683.0,F1,10.00,33.1478,31.6026,31.5398,9.4578,0.5422,0.2301,0,0.0000
684.0,F1,10.00,33.1176,31.5862,31.5411,9.4591,0.5409,0.2301,0,0.0000
685.0,F1,10.00,33.0851,31.5746,31.5434,9.4614,0.5386,0.2301,0,0.0000
686.0,F1,10.00,33.0593,31.5621,31.5287,9.4467,0.5533,0.2301,0,0.0000
687.0,F1,10.00,33.0278,31.5509,31.5221,9.4401,0.5599,0.2301,0,0.0000
688.0,F1,10.00,33.0014,31.5341,31.5169,9.4349,0.5651,0.2301,0,0.0000
689.0,F1,10.00,32.9759,31.5203,31.5126,9.4306,0.5694,0.2301,0,0.0000
690.0,F1,10.00,32.9492,31.5058,31.5078,9.4258,0.5742,0.2544,0,0.0000
691.0,F1,10.00,32.9266,31.4967,31.5004,9.4184,0.5816,0.2544,0,0.0000
692.0,F1,10.00,32.9022,31.4809,31.4984,9.4164,0.5836,0.2544,0,0.0000
693.0,F1,10.00,32.8803,31.4700,31.4942,9.4122,0.5878,0.2544,0,0.0000
694.0,F1,10.00,32.8590,31.4576,31.4936,9.4116,0.5884,0.2544,0,0.0000
695.0,F1,10.00,32.8365,31.4459,31.4932,9.4112,0.5888,0.2544,0,0.0000
696.0,F1,10.00,32.8187,31.4359,31.4931,9.4111,0.5889,0.2544,0,0.0000
697.0,F1,10.00,32.8029,31.4223,31.4926,9.4106,0.5894,0.2544,0,0.0000
698.0,F1,10.00,32.7906,31.4074,31.4934,9.4114,0.5886,0.2544,0,0.0000
699.0,F1,10.00,32.7785,31.3995,31.4914,9.4094,0.5906,0.2544,0,0.0000
700.0,F1,10.00,32.7654,31.3934,31.4893,9.4073,0.5927,0.2626,0,0.0000
701.0,F1,10.00,32.7538,31.3874,31.4889,9.4069,0.5931,0.2626,0,0.0000
702.0,F1,10.00,32.7391,31.3773,31.4839,9.4019,0.5981,0.2626,0,0.0000
703.0,F1,10.00,32.7190,31.3692,31.4793,9.3973,0.6027,0.2626,0,0.0000
704.0,F1,10.00,32.6929,31.3569,31.4652,9.3832,0.6168,0.2626,0,0.0000
705.0,F1,10.00,32.6685,31.3493,31.4575,9.3755,0.6245,0.2626,0,0.0000
706.0,F1,10.00,32.6442,31.3455,31.4494,9.3674,0.6326,0.2626,0,0.0000
707.0,F1,10.00,32.6199,31.3367,31.4392,9.3572,0.6428,0.2626,0,0.0000
708.0,F1,10.00,32.6010,31.3239,31.4312,9.3492,0.6508,0.2626,0,0.0000
709.0,F1,10.00,32.5788,31.3084,31.4209,9.3389,0.6611,0.2626,0,0.0000
710.0,F1,10.00,32.5508,31.2949,31.4086,9.3266,0.6734,0.2983,0,0.0000
711.0,F1,10.00,32.5262,31.2756,31.3926,9.3106,0.6894,0.2983,0,0.0000
712.0,F1,10.00,32.5055,31.2592,31.3761,9.2941,0.7059,0.2983,0,0.0000
713.0,F1,10.00,32.4778,31.2387,31.3592,9.2772,0.7228,0.2983,0,0.0000
714.0,F1,10.00,32.4498,31.2154,31.3364,9.2544,0.7456,0.2983,0,0.0000
715.0,F1,10.00,32.4217,31.1967,31.3170,9.2350,0.7650,0.2983,0,0.0000
716.0,F1,10.00,32.4001,31.1747,31.3008,9.2188,0.7812,0.2983,0,0.0000
717.0,F1,10.00,32.3757,31.1539,31.2852,9.2032,0.7968,0.2983,0,0.0000
718.0,F1,10.00,32.3552,31.1347,31.2701,9.1881,0.8119,0.2983,0,0.0000
719.0,F1,10.00,32.3343,31.1194,31.2499,9.1679,0.8321,0.2983,0,0.0000
720.0,F1,10.00,32.3124,31.0987,31.2237,9.1417,0.8583,0.3802,1,0.0000
721.0,F1,10.00,32.2973,31.0847,31.2053,9.1233,0.8767,0.3802,1,0.0000
722.0,F1,10.00,32.2770,31.0675,31.1876,9.1056,0.8944,0.3802,1,0.0000
723.0,F1,10.00,32.2599,31.0506,31.1721,9.0901,0.9099,0.3802,1,0.0000
724.0,F1,10.00,32.2416,31.0330,31.1566,9.0746,0.9254,0.3802,1,0.0000
725.0,F1,10.00,32.2260,31.0156,31.1390,9.0570,0.9430,0.3802,1,0.0000
726.0,F1,10.00,32.2079,31.0018,31.1266,9.0446,0.9554,0.3802,1,0.0000
727.0,F1,10.00,32.1958,30.9886,31.1132,9.0312,0.9688,0.3802,1,0.0000
728.0,F1,10.00,32.1787,30.9718,31.0984,9.0164,0.9836,0.3802,1,0.0000
729.0,F1,10.00,32.1669,30.9474,31.0829,9.0009,0.9991,0.3802,1,0.0000
730.0,F1,10.00,32.1463,30.9296,31.0702,8.9882,1.0118,0.4482,1,0.0000
731.0,F1,10.00,32.1319,30.9108,31.0555,8.9735,1.0265,0.4482,1,0.0000
732.0,F1,10.00,32.1284,30.8976,31.0406,8.9586,1.0414,0.4482,1,0.0000
733.0,F1,10.00,32.1227,30.8808,31.0208,8.9388,1.0612,0.4482,1,0.0000
734.0,F1,10.00,32.1168,30.8686,31.0005,8.9185,1.0815,0.4482,1,0.0000
735.0,F1,10.00,32.1129,30.8529,30.9791,8.8971,1.1029,0.4482,1,0.0000
736.0,F1,10.00,32.1098,30.8402,30.9610,8.8790,1.1210,0.4482,1,0.0000
737.0,F1,10.00,32.0987,30.8257,30.9406,8.8586,1.1414,0.4482,1,0.0000
738.0,F1,10.00,32.0880,30.8143,30.9249,8.8429,1.1571,0.4482,1,0.0000
739.0,F1,10.00,32.0763,30.7986,30.9106,8.8286,1.1714,0.4482,1,0.0000
740.0,F1,10.00,32.0710,30.7854,30.8965,8.8145,1.1855,0.5252,1,0.0000
741.0,F1,10.00,32.0677,30.7728,30.8842,8.8022,1.1978,0.5252,1,0.0000
742.0,F1,10.00,32.0663,30.7613,30.8723,8.7903,1.2097,0.5252,1,0.0000
743.0,F1,10.00,32.0651,30.7483,30.8600,8.7780,1.2220,0.5252,1,0.0000
744.0,F1,10.00,32.0659,30.7416,30.8483,8.7663,1.2337,0.5252,1,0.0000
745.0,F1,10.00,32.0660,30.7328,30.8363,8.7543,1.2457,0.5252,1,0.0000
746.0,F1,10.00,32.0676,30.7260,30.8263,8.7443,1.2557,0.5252,1,0.0000
747.0,F1,10.00,32.0725,30.7177,30.8148,8.7328,1.2672,0.5252,1,0.0000
748.0,F1,10.00,32.0765,30.7134,30.8074,8.7254,1.2746,0.5252,1,0.0000
749.0,F1,10.00,32.0802,30.7079,30.7986,8.7166,1.2834,0.5252,1,0.0000
750.0,F1,10.00,32.0869,30.7018,30.7910,8.7090,1.2910,0.5719,1,0.0000
751.0,F1,10.00,32.0933,30.6993,30.7840,8.7020,1.2980,0.5719,1,0.0000
752.0,F1,10.00,32.0984,30.6942,30.7742,8.6922,1.3078,0.5719,1,0.0000
753.0,F1,10.00,32.1063,30.6909,30.7678,8.6858,1.3142,0.5719,1,0.0000
754.0,F1,10.00,32.1184,30.6854,30.7615,8.6795,1.3205,0.5719,1,0.0000
755.0,F1,10.00,32.1314,30.6832,30.7568,8.6748,1.3252,0.5719,1,0.0000
756.0,F1,10.00,32.1427,30.6825,30.7507,8.6687,1.3313,0.5719,1,0.0000
757.0,F1,10.00,32.1540,30.6835,30.7460,8.6640,1.3360,0.5719,1,0.0000
758.0,F1,10.00,32.1675,30.6841,30.7409,8.6589,1.3411,0.5719,1,0.0000
759.0,F1,10.00,32.1827,30.6862,30.7377,8.6557,1.3443,0.5719,1,0.0000
760.0,F1,10.00,32.1969,30.6894,30.7344,8.6524,1.3476,0.5970,1,0.0000
761.0,F1,10.00,32.2090,30.6931,30.7303,8.6483,1.3517,0.5970,1,0.0000
762.0,F1,10.00,32.2206,30.6940,30.7283,8.6463,1.3537,0.5970,1,0.0000
763.0,F1,10.00,32.2345,30.6997,30.7239,8.6419,1.3581,0.5970,1,0.0000
764.0,F1,10.00,32.2505,30.7058,30.7220,8.6400,1.3600,0.5970,1,0.0000
765.0,F1,10.00,32.2703,30.7080,30.7185,8.6365,1.3635,0.5970,1,0.0000
766.0,F1,10.00,32.2944,30.7126,30.7136,8.6316,1.3684,0.5970,1,0.0000
767.0,F1,10.00,32.3160,30.7129,30.7138,8.6318,1.3682,0.5970,1,0.0000
768.0,F1,10.00,32.3352,30.7063,30.7182,8.6362,1.3638,0.5970,1,0.0000
769.0,F1,10.00,32.3552,30.7105,30.7170,8.6350,1.3650,0.5970,1,0.0000
770.0,F1,10.00,32.3795,30.7183,30.7168,8.6348,1.3652,0.6048,1,0.0000
771.0,F1,10.00,32.4007,30.7244,30.7172,8.6352,1.3648,0.6048,1,0.0000
772.0,F1,10.00,32.4198,30.7297,30.7186,8.6366,1.3634,0.6048,1,0.0000
773.0,F1,10.00,32.4326,30.7323,30.7189,8.6369,1.3631,0.6048,1,0.0000
774.0,F1,10.00,32.4451,30.7416,30.7192,8.6372,1.3628,0.6048,1,0.0000
775.0,F1,10.00,32.4566,30.7464,30.7189,8.6369,1.3631,0.6048,1,0.0000
776.0,F1,10.00,32.4633,30.7553,30.7186,8.6366,1.3634,0.6048,1,0.0000
777.0,F1,10.00,32.4708,30.7612,30.7153,8.6333,1.3667,0.6048,1,0.0000
778.0,F1,10.00,32.4825,30.7692,30.7141,8.6321,1.3679,0.6048,1,0.0000
779.0,F1,10.00,32.4912,30.7766,30.7131,8.6311,1.3689,0.6048,1,0.0000
780.0,F1,10.00,32.5034,30.7842,30.7078,8.6258,1.3742,0.6088,1,0.0000
781.0,F1,10.00,32.5105,30.7874,30.7054,8.6234,1.3766,0.6088,0,0.0000
782.0,F1,10.00,32.5154,30.7892,30.7003,8.6183,1.3817,0.6088,0,0.0000
783.0,F1,10.00,32.5257,30.7871,30.6947,8.6127,1.3873,0.6088,0,0.0000
784.0,F1,10.00,32.5388,30.7872,30.6880,8.6060,1.3940,0.6088,0,0.0000
785.0,F1,10.00,32.5462,30.7842,30.6815,8.5995,1.4005,0.6088,0,0.0000
786.0,F1,10.00,32.5587,30.7773,30.6734,8.5914,1.4086,0.6088,0,0.0000
787.0,F1,10.00,32.5660,30.7693,30.6637,8.5817,1.4183,0.6088,0,0.0000
788.0,F1,10.00,32.5728,30.7658,30.6558,8.5738,1.4262,0.6088,0,0.0000
789.0,F1,10.00,32.5818,30.7633,30.6525,8.5705,1.4295,0.6088,0,0.0000
790.0,F1,10.00,32.5861,30.7669,30.6458,8.5638,1.4362,0.6362,0,0.0000
791.0,F1,10.00,32.5870,30.7685,30.6403,8.5583,1.4417,0.6362,0,0.0000
792.0,F1,10.00,32.5910,30.7658,30.6359,8.5539,1.4461,0.6362,0,0.0000
793.0,F1,10.00,32.6000,30.7674,30.6300,8.5480,1.4520,0.6362,0,0.0000
794.0,F1,10.00,32.6069,30.7695,30.6271,8.5451,1.4549,0.6362,0,0.0000
795.0,F1,10.00,32.6136,30.7689,30.6208,8.5388,1.4612,0.6362,0,0.0000
796.0,F1,10.00,32.6164,30.7720,30.6178,8.5358,1.4642,0.6362,0,0.0000
797.0,F1,10.00,32.6191,30.7755,30.6129,8.5309,1.4691,0.6362,0,0.0000
798.0,F1,10.00,32.6299,30.7763,30.6084,8.5264,1.4736,0.6362,0,0.0000
799.0,F1,10.00,32.6440,30.7779,30.6119,8.5299,1.4701,0.6362,0,0.0000
800.0,F1,10.00,32.6559,30.7809,30.6115,8.5295,1.4705,0.6514,0,0.0000
801.0,F1,10.00,32.6666,30.7838,30.6124,8.5304,1.4696,0.6514,0,0.0000
802.0,F1,10.00,32.6783,30.7858,30.6128,8.5308,1.4692,0.6514,0,0.0000
803.0,F1,10.00,32.6921,30.7888,30.6136,8.5316,1.4684,0.6514,0,0.0000
804.0,F1,10.00,32.7040,30.7968,30.6197,8.5377,1.4623,0.6514,0,0.0000
805.0,F1,10.00,32.7136,30.8026,30.6218,8.5398,1.4602,0.6514,0,0.0000
806.0,F1,10.00,32.7263,30.8046,30.6230,8.5410,1.4590,0.6514,0,0.0000
807.0,F1,10.00,32.7368,30.8129,30.6240,8.5420,1.4580,0.6514,0,0.0000
808.0,F1,10.00,32.7506,30.8187,30.6256,8.5436,1.4564,0.6514,0,0.0000
809.0,F1,10.00,32.7634,30.8259,30.6281,8.5461,1.4539,0.6514,0,0.0000
810.0,F1,10.00,32.7723,30.8318,30.6296,8.5476,1.4524,0.6434,0,0.0000
811.0,F1,10.00,32.7795,30.8388,30.6337,8.5517,1.4483,0.6434,0,0.0000
812.0,F1,10.00,32.7937,30.8428,30.6360,8.5540,1.4460,0.6434,0,0.0000
813.0,F1,10.00,32.8069,30.8517,30.6401,8.5581,1.4419,0.6434,0,0.0000
814.0,F1,10.00,32.8221,30.8564,30.6433,8.5613,1.4387,0.6434,0,0.0000
815.0,F1,10.00,32.8275,30.8581,30.6396,8.5576,1.4424,0.6434,0,0.0000
816.0,F1,10.00,32.8421,30.8656,30.6396,8.5576,1.4424,0.6434,0,0.0000
817.0,F1,10.00,32.8596,30.8689,30.6450,8.5630,1.4370,0.6434,0,0.0000
818.0,F1,10.00,32.8780,30.8746,30.6476,8.5656,1.4344,0.6434,0,0.0000
819.0,F1,10.00,32.8901,30.8819,30.6501,8.5681,1.4319,0.6434,0,0.0000
820.0,F1,10.00,32.8969,30.8877,30.6495,8.5675,1.4325,0.6346,0,0.0000
821.0,F1,10.00,32.9012,30.8905,30.6501,8.5681,1.4319,0.6346,0,0.0000
822.0,F1,10.00,32.9057,30.8901,30.6493,8.5673,1.4327,0.6346,0,0.0000
823.0,F1,10.00,32.9189,30.8913,30.6526,8.5706,1.4294,0.6346,0,0.0000
824.0,F1,10.00,32.9264,30.8953,30.6545,8.5725,1.4275,0.6346,0,0.0000
825.0,F1,10.00,32.9428,30.9008,30.6606,8.5786,1.4214,0.6346,0,0.0000
826.0,F1,10.00,32.9560,30.9117,30.6665,8.5845,1.4155,0.6346,0,0.0000
827.0,F1,10.00,32.9610,30.9198,30.6737,8.5917,1.4083,0.6346,0,0.0000
828.0,F1,10.00,32.9730,30.9280,30.6821,8.6001,1.3999,0.6346,0,0.0000
829.0,F1,10.00,32.9902,30.9394,30.6890,8.6070,1.3930,0.6346,0,0.0000
830.0,F1,10.00,33.0088,30.9479,30.6996,8.6176,1.3824,0.6124,0,0.0000
831.0,F1,10.00,33.0251,30.9566,30.7109,8.6289,1.3711,0.6124,0,0.0000
832.0,F1,10.00,33.0405,30.9553,30.7204,8.6384,1.3616,0.6124,0,0.0000
833.0,F1,10.00,33.0571,30.9640,30.7307,8.6487,1.3513,0.6124,0,0.0000
834.0,F1,10.00,33.0706,30.9702,30.7404,8.6584,1.3416,0.6124,0,0.0000
835.0,F1,10.00,33.0835,30.9764,30.7480,8.6660,1.3340,0.6124,0,0.0000
836.0,F1,10.00,33.0919,30.9839,30.7527,8.6707,1.3293,0.6124,0,0.0000
837.0,F1,10.00,33.1000,30.9902,30.7593,8.6773,1.3227,0.6124,0,0.0000
838.0,F1,10.00,33.1107,30.9971,30.7642,8.6822,1.3178,0.6124,0,0.0000
839.0,F1,10.00,33.1152,31.0042,30.7751,8.6931,1.3069,0.6124,0,0.0000
840.0,F1,10.00,33.1201,31.0106,30.7802,8.6982,1.3018,0.5767,0,0.0000
# F1,method=6,r=10.00,t_phase=400,e_ss=1.338,IAE=833.70,ISE=2628.93,TV=2.072,n_on=259,n_h=2331.0,t5=not_reached,c_p=-0.405,c_pp=4.570,E=511.4
841.0,F2,7.00,33.1262,31.0138,30.7877,8.7057,-1.7057,0.5767,0,0.0000
842.0,F2,7.00,33.1322,31.0231,30.7942,8.7122,-1.7122,0.5767,0,0.0000
843.0,F2,7.00,33.1432,31.0326,30.8036,8.7216,-1.7216,0.5767,0,0.0000
844.0,F2,7.00,33.1487,31.0410,30.8103,8.7283,-1.7283,0.5767,0,0.0000
845.0,F2,7.00,33.1545,31.0466,30.8157,8.7337,-1.7337,0.5767,0,0.0000
846.0,F2,7.00,33.1594,31.0499,30.8152,8.7332,-1.7332,0.5767,0,0.0000
847.0,F2,7.00,33.1540,31.0466,30.8076,8.7256,-1.7256,0.5767,0,0.0000
848.0,F2,7.00,33.1341,31.0382,30.7984,8.7164,-1.7164,0.5767,0,0.0000
849.0,F2,7.00,33.1232,31.0314,30.7945,8.7125,-1.7125,0.5767,0,0.0000
850.0,F2,7.00,33.1281,31.0335,30.7903,8.7083,-1.7083,0.0000,0,0.0000
851.0,F2,7.00,33.1334,31.0407,30.7918,8.7098,-1.7098,0.0000,0,0.0000
852.0,F2,7.00,33.1375,31.0424,30.8057,8.7237,-1.7237,0.0000,0,0.0000
853.0,F2,7.00,33.1505,31.0508,30.8182,8.7362,-1.7362,0.0000,0,0.0000
854.0,F2,7.00,33.1614,31.0546,30.8279,8.7458,-1.7458,0.0000,0,0.0000
855.0,F2,7.00,33.1639,31.0625,30.8341,8.7521,-1.7521,0.0000,0,0.0000
856.0,F2,7.00,33.1642,31.0656,30.8428,8.7608,-1.7608,0.0000,0,0.0000
857.0,F2,7.00,33.1568,31.0758,30.8519,8.7699,-1.7699,0.0000,0,0.0000
858.0,F2,7.00,33.1351,31.0737,30.8603,8.7783,-1.7783,0.0000,0,0.0000
859.0,F2,7.00,33.1010,31.0693,30.8648,8.7828,-1.7828,0.0000,0,0.0000
860.0,F2,7.00,33.0719,31.0608,30.8549,8.7729,-1.7729,0.0000,0,0.0000
861.0,F2,7.00,33.0337,31.0538,30.8573,8.7753,-1.7753,0.0000,0,0.0000
862.0,F2,7.00,32.9971,31.0509,30.8661,8.7841,-1.7841,0.0000,0,0.0000
863.0,F2,7.00,32.9615,31.0530,30.8751,8.7931,-1.7931,0.0000,0,0.0000
864.0,F2,7.00,32.9381,31.0620,30.8873,8.8053,-1.8053,0.0000,0,0.0000
865.0,F2,7.00,32.9086,31.0668,30.8968,8.8148,-1.8148,0.0000,0,0.0000
866.0,F2,7.00,32.8764,31.0662,30.8958,8.8138,-1.8138,0.0000,0,0.0000
867.0,F2,7.00,32.8409,31.0729,30.9035,8.8215,-1.8215,0.0000,0,0.0000
868.0,F2,7.00,32.8019,31.0769,30.9067,8.8247,-1.8247,0.0000,0,0.0000
869.0,F2,7.00,32.7629,31.0780,30.9182,8.8362,-1.8362,0.0000,0,0.0000
870.0,F2,7.00,32.7231,31.0825,30.9283,8.8463,-1.8463,0.0000,0,0.0000
871.0,F2,7.00,32.6888,31.0864,30.9341,8.8521,-1.8521,0.0000,0,0.0000
872.0,F2,7.00,32.6579,31.0900,30.9446,8.8626,-1.8626,0.0000,0,0.0000
873.0,F2,7.00,32.6314,31.0865,30.9461,8.8641,-1.8641,0.0000,0,0.0000
874.0,F2,7.00,32.5939,31.0756,30.9452,8.8632,-1.8632,0.0000,0,0.0000
875.0,F2,7.00,32.5509,31.0572,30.9378,8.8558,-1.8558,0.0000,0,0.0000
876.0,F2,7.00,32.5012,31.0461,30.9339,8.8519,-1.8519,0.0000,0,0.0000
877.0,F2,7.00,32.4552,31.0273,30.9335,8.8515,-1.8515,0.0000,0,0.0000
878.0,F2,7.00,32.4072,31.0090,30.9280,8.8460,-1.8460,0.0000,0,0.0000
879.0,F2,7.00,32.3583,30.9886,30.9218,8.8398,-1.8398,0.0000,0,0.0000
880.0,F2,7.00,32.3134,30.9739,30.9038,8.8218,-1.8218,0.0000,0,0.0000
881.0,F2,7.00,32.2675,30.9556,30.8941,8.8121,-1.8121,0.0000,0,0.0000
882.0,F2,7.00,32.2186,30.9386,30.8869,8.8049,-1.8049,0.0000,0,0.0000
883.0,F2,7.00,32.1655,30.9196,30.8802,8.7982,-1.7982,0.0000,0,0.0000
884.0,F2,7.00,32.1231,30.9016,30.8716,8.7896,-1.7896,0.0000,0,0.0000
885.0,F2,7.00,32.0823,30.8799,30.8639,8.7819,-1.7819,0.0000,0,0.0000
886.0,F2,7.00,32.0414,30.8628,30.8554,8.7734,-1.7734,0.0000,0,0.0000
887.0,F2,7.00,32.0015,30.8408,30.8436,8.7616,-1.7616,0.0000,0,0.0000
888.0,F2,7.00,31.9645,30.8199,30.8315,8.7495,-1.7495,0.0000,0,0.0000
889.0,F2,7.00,31.9220,30.7953,30.8141,8.7321,-1.7321,0.0000,0,0.0000
890.0,F2,7.00,31.8822,30.7737,30.7994,8.7174,-1.7174,0.0000,0,0.0000
891.0,F2,7.00,31.8384,30.7504,30.7846,8.7026,-1.7026,0.0000,0,0.0000
892.0,F2,7.00,31.8020,30.7254,30.7682,8.6862,-1.6862,0.0000,0,0.0000
893.0,F2,7.00,31.7635,30.7057,30.7631,8.6811,-1.6811,0.0000,0,0.0000
894.0,F2,7.00,31.7246,30.6850,30.7552,8.6732,-1.6732,0.0000,0,0.0000
895.0,F2,7.00,31.6851,30.6664,30.7472,8.6652,-1.6652,0.0000,0,0.0000
896.0,F2,7.00,31.6497,30.6529,30.7416,8.6596,-1.6596,0.0000,0,0.0000
897.0,F2,7.00,31.6144,30.6403,30.7401,8.6581,-1.6581,0.0000,0,0.0000
898.0,F2,7.00,31.5866,30.6226,30.7333,8.6513,-1.6513,0.0000,0,0.0000
899.0,F2,7.00,31.5573,30.6169,30.7196,8.6376,-1.6376,0.0000,0,0.0000
900.0,F2,7.00,31.5244,30.6039,30.7161,8.6341,-1.6341,0.0000,0,0.0000
901.0,F2,7.00,31.4963,30.5873,30.7105,8.6285,-1.6285,0.0000,0,0.0000
902.0,F2,7.00,31.4626,30.5759,30.7066,8.6246,-1.6246,0.0000,0,0.0000
903.0,F2,7.00,31.4242,30.5590,30.6999,8.6179,-1.6179,0.0000,0,0.0000
904.0,F2,7.00,31.3888,30.5463,30.6922,8.6102,-1.6102,0.0000,0,0.0000
905.0,F2,7.00,31.3571,30.5251,30.6830,8.6010,-1.6010,0.0000,0,0.0000
906.0,F2,7.00,31.3259,30.5078,30.6712,8.5892,-1.5892,0.0000,0,0.0000
907.0,F2,7.00,31.2960,30.4887,30.6653,8.5833,-1.5833,0.0000,0,0.0000
908.0,F2,7.00,31.2625,30.4698,30.6551,8.5731,-1.5731,0.0000,0,0.0000
909.0,F2,7.00,31.2361,30.4477,30.6414,8.5594,-1.5594,0.0000,0,0.0000
910.0,F2,7.00,31.2075,30.4298,30.6394,8.5574,-1.5574,0.0000,0,0.0000
911.0,F2,7.00,31.1739,30.4109,30.6397,8.5577,-1.5577,0.0000,0,0.0000
912.0,F2,7.00,31.1430,30.3918,30.6343,8.5523,-1.5523,0.0000,0,0.0000
913.0,F2,7.00,31.1117,30.3713,30.6216,8.5396,-1.5396,0.0000,0,0.0000
914.0,F2,7.00,31.0843,30.3526,30.6139,8.5319,-1.5319,0.0000,0,0.0000
915.0,F2,7.00,31.0574,30.3371,30.6037,8.5217,-1.5217,0.0000,0,0.0000
916.0,F2,7.00,31.0269,30.3170,30.5927,8.5107,-1.5107,0.0000,0,0.0000
917.0,F2,7.00,30.9989,30.2974,30.5824,8.5004,-1.5004,0.0000,0,0.0000
918.0,F2,7.00,30.9724,30.2785,30.5705,8.4885,-1.4885,0.0000,0,0.0000
919.0,F2,7.00,30.9387,30.2592,30.5594,8.4774,-1.4774,0.0000,0,0.0000
920.0,F2,7.00,30.9029,30.2375,30.5442,8.4622,-1.4622,0.0000,0,0.0000
921.0,F2,7.00,30.8655,30.2142,30.5256,8.4436,-1.4436,0.0000,0,0.0000
922.0,F2,7.00,30.8203,30.1873,30.4901,8.4081,-1.4081,0.0000,0,0.0000
923.0,F2,7.00,30.7824,30.1650,30.4643,8.3823,-1.3823,0.0000,0,0.0000
924.0,F2,7.00,30.7507,30.1387,30.4403,8.3583,-1.3583,0.0000,0,0.0000
925.0,F2,7.00,30.7169,30.1144,30.4193,8.3373,-1.3373,0.0000,0,0.0000
926.0,F2,7.00,30.6818,30.0934,30.4019,8.3199,-1.3199,0.0000,0,0.0000
927.0,F2,7.00,30.6478,30.0694,30.3860,8.3040,-1.3040,0.0000,0,0.0000
928.0,F2,7.00,30.6085,30.0466,30.3651,8.2831,-1.2831,0.0000,0,0.0000
929.0,F2,7.00,30.5711,30.0184,30.3440,8.2620,-1.2620,0.0000,0,0.0000
930.0,F2,7.00,30.5414,29.9952,30.3251,8.2431,-1.2431,0.0000,0,0.0000
931.0,F2,7.00,30.5101,29.9714,30.3076,8.2256,-1.2256,0.0000,0,0.0000
932.0,F2,7.00,30.4823,29.9481,30.2838,8.2018,-1.2018,0.0000,0,0.0000
933.0,F2,7.00,30.4509,29.9228,30.2597,8.1777,-1.1777,0.0000,0,0.0000
934.0,F2,7.00,30.4213,29.9020,30.2409,8.1589,-1.1589,0.0000,0,0.0000
935.0,F2,7.00,30.3927,29.8795,30.2266,8.1446,-1.1446,0.0000,0,0.0000
936.0,F2,7.00,30.3620,29.8582,30.2060,8.1240,-1.1240,0.0000,0,0.0000
937.0,F2,7.00,30.3409,29.8337,30.1858,8.1038,-1.1038,0.0000,0,0.0000
938.0,F2,7.00,30.3195,29.8104,30.1680,8.0860,-1.0860,0.0000,0,0.0000
939.0,F2,7.00,30.2882,29.7892,30.1500,8.0680,-1.0680,0.0000,0,0.0000
940.0,F2,7.00,30.2563,29.7657,30.1291,8.0471,-1.0471,0.0000,0,0.0000
941.0,F2,7.00,30.2250,29.7425,30.1096,8.0276,-1.0276,0.0000,0,0.0000
942.0,F2,7.00,30.1982,29.7176,30.0878,8.0058,-1.0058,0.0000,0,0.0000
943.0,F2,7.00,30.1635,29.6940,30.0661,7.9841,-0.9841,0.0000,0,0.0000
944.0,F2,7.00,30.1358,29.6689,30.0437,7.9617,-0.9617,0.0000,0,0.0000
945.0,F2,7.00,30.1098,29.6456,30.0169,7.9349,-0.9349,0.0000,0,0.0000
946.0,F2,7.00,30.0862,29.6227,29.9897,7.9077,-0.9077,0.0000,0,0.0000
947.0,F2,7.00,30.0599,29.6011,29.9699,7.8879,-0.8879,0.0000,0,0.0000
948.0,F2,7.00,30.0356,29.5769,29.9480,7.8660,-0.8660,0.0000,0,0.0000
949.0,F2,7.00,30.0102,29.5539,29.9267,7.8447,-0.8447,0.0000,0,0.0000
950.0,F2,7.00,29.9896,29.5301,29.9081,7.8260,-0.8260,0.0000,0,0.0000
951.0,F2,7.00,29.9648,29.5091,29.8889,7.8069,-0.8069,0.0000,0,0.0000
952.0,F2,7.00,29.9395,29.4885,29.8683,7.7863,-0.7863,0.0000,0,0.0000
953.0,F2,7.00,29.9054,29.4675,29.8471,7.7651,-0.7651,0.0000,0,0.0000
954.0,F2,7.00,29.8682,29.4439,29.8272,7.7452,-0.7452,0.0000,0,0.0000
955.0,F2,7.00,29.8358,29.4180,29.7998,7.7178,-0.7178,0.0000,0,0.0000
956.0,F2,7.00,29.8065,29.3912,29.7753,7.6933,-0.6933,0.0000,0,0.0000
957.0,F2,7.00,29.7751,29.3617,29.7488,7.6668,-0.6668,0.0000,0,0.0000
958.0,F2,7.00,29.7389,29.3338,29.7148,7.6328,-0.6328,0.0000,0,0.0000
959.0,F2,7.00,29.7090,29.3049,29.6846,7.6026,-0.6026,0.0000,0,0.0000
960.0,F2,7.00,29.6744,29.2764,29.6584,7.5764,-0.5764,0.0000,0,0.0000
961.0,F2,7.00,29.6473,29.2505,29.6330,7.5510,-0.5510,0.0000,0,0.0000
962.0,F2,7.00,29.6185,29.2232,29.6060,7.5240,-0.5240,0.0000,0,0.0000
963.0,F2,7.00,29.5949,29.1971,29.5850,7.5030,-0.5030,0.0000,0,0.0000
964.0,F2,7.00,29.5710,29.1738,29.5598,7.4778,-0.4778,0.0000,0,0.0000
965.0,F2,7.00,29.5471,29.1497,29.5379,7.4559,-0.4559,0.0000,0,0.0000
966.0,F2,7.00,29.5216,29.1254,29.5144,7.4324,-0.4324,0.0000,0,0.0000
967.0,F2,7.00,29.4923,29.1018,29.4923,7.4103,-0.4103,0.0000,0,0.0000
968.0,F2,7.00,29.4604,29.0799,29.4716,7.3896,-0.3896,0.0000,0,0.0000
969.0,F2,7.00,29.4302,29.0568,29.4511,7.3691,-0.3691,0.0000,0,0.0000
970.0,F2,7.00,29.4025,29.0297,29.4269,7.3449,-0.3449,0.0000,0,0.0000
971.0,F2,7.00,29.3688,29.0063,29.3881,7.3061,-0.3061,0.0000,0,0.0000
972.0,F2,7.00,29.3367,28.9747,29.3598,7.2778,-0.2778,0.0000,0,0.0000
973.0,F2,7.00,29.3068,28.9468,29.3339,7.2519,-0.2519,0.0000,0,0.0000
974.0,F2,7.00,29.2850,28.9224,29.3085,7.2265,-0.2265,0.0000,0,0.0000
975.0,F2,7.00,29.2625,28.9015,29.2869,7.2049,-0.2049,0.0000,0,0.0000
976.0,F2,7.00,29.2427,28.8804,29.2703,7.1883,-0.1883,0.0000,0,0.0000
977.0,F2,7.00,29.2225,28.8590,29.2504,7.1684,-0.1684,0.0000,0,0.0000
978.0,F2,7.00,29.2022,28.8422,29.2305,7.1485,-0.1485,0.0000,0,0.0000
979.0,F2,7.00,29.1819,28.8218,29.2101,7.1281,-0.1281,0.0000,0,0.0000
980.0,F2,7.00,29.1599,28.8018,29.1877,7.1057,-0.1057,0.0000,0,0.0000
981.0,F2,7.00,29.1338,28.7810,29.1680,7.0860,-0.0860,0.0000,0,0.0000
982.0,F2,7.00,29.1071,28.7536,29.1457,7.0637,-0.0637,0.0000,0,0.0000
983.0,F2,7.00,29.0732,28.7340,29.1212,7.0392,-0.0392,0.0000,0,0.0000
984.0,F2,7.00,29.0481,28.7150,29.1020,7.0200,-0.0200,0.0000,0,0.0000
985.0,F2,7.00,29.0262,28.6923,29.0795,6.9975,0.0025,0.0000,0,0.0000
986.0,F2,7.00,28.9993,28.6673,29.0459,6.9639,0.0361,0.0000,0,0.0000
987.0,F2,7.00,28.9661,28.6404,29.0186,6.9366,0.0634,0.0000,0,0.0000
988.0,F2,7.00,28.9347,28.6140,28.9878,6.9058,0.0942,0.0000,0,0.0000
989.0,F2,7.00,28.9061,28.5880,28.9619,6.8799,0.1201,0.0000,0,0.0000
990.0,F2,7.00,28.8799,28.5608,28.9289,6.8469,0.1531,0.0678,0,0.0000
991.0,F2,7.00,28.8572,28.5356,28.9071,6.8251,0.1749,0.0678,0,0.0000
992.0,F2,7.00,28.8372,28.5139,28.8835,6.8015,0.1985,0.0678,0,0.0000
993.0,F2,7.00,28.8140,28.4926,28.8594,6.7774,0.2226,0.0678,0,0.0000
994.0,F2,7.00,28.7945,28.4707,28.8332,6.7512,0.2488,0.0678,0,0.0000
995.0,F2,7.00,28.7759,28.4519,28.8075,6.7255,0.2745,0.0678,0,0.0000
996.0,F2,7.00,28.7588,28.4323,28.7856,6.7036,0.2964,0.0678,0,0.0000
997.0,F2,7.00,28.7415,28.4146,28.7622,6.6802,0.3198,0.0678,0,0.0000
998.0,F2,7.00,28.7202,28.3939,28.7365,6.6545,0.3455,0.0678,0,0.0000
999.0,F2,7.00,28.6945,28.3711,28.7099,6.6279,0.3721,0.0678,0,0.0000
1000.0,F2,7.00,28.6778,28.3493,28.6868,6.6048,0.3952,0.1751,0,0.0000
1001.0,F2,7.00,28.6609,28.3303,28.6612,6.5792,0.4208,0.1751,0,0.0000
1002.0,F2,7.00,28.6503,28.3129,28.6426,6.5606,0.4394,0.1751,0,0.0000
1003.0,F2,7.00,28.6398,28.2983,28.6322,6.5502,0.4498,0.1751,0,0.0000
1004.0,F2,7.00,28.6244,28.2784,28.6183,6.5363,0.4637,0.1751,0,0.0000
1005.0,F2,7.00,28.6135,28.2617,28.6042,6.5222,0.4778,0.1751,0,0.0000
1006.0,F2,7.00,28.6024,28.2448,28.5889,6.5069,0.4931,0.1751,0,0.0000
1007.0,F2,7.00,28.5908,28.2274,28.5715,6.4895,0.5105,0.1751,0,0.0000
1008.0,F2,7.00,28.5768,28.2090,28.5522,6.4702,0.5298,0.1751,0,0.0000
1009.0,F2,7.00,28.5692,28.1929,28.5360,6.4540,0.5460,0.1751,0,0.0000
1010.0,F2,7.00,28.5610,28.1714,28.5179,6.4359,0.5641,0.2499,0,0.0000
1011.0,F2,7.00,28.5509,28.1534,28.4986,6.4166,0.5834,0.2499,0,0.0000
1012.0,F2,7.00,28.5426,28.1360,28.4765,6.3945,0.6055,0.2499,0,0.0000
1013.0,F2,7.00,28.5342,28.1181,28.4565,6.3745,0.6255,0.2499,0,0.0000
1014.0,F2,7.00,28.5250,28.1026,28.4354,6.3534,0.6466,0.2499,0,0.0000
1015.0,F2,7.00,28.5168,28.0834,28.4102,6.3282,0.6718,0.2499,0,0.0000
1016.0,F2,7.00,28.5081,28.0667,28.3886,6.3066,0.6934,0.2499,0,0.0000
1017.0,F2,7.00,28.4987,28.0463,28.3653,6.2833,0.7167,0.2499,0,0.0000
1018.0,F2,7.00,28.4887,28.0266,28.3408,6.2588,0.7412,0.2499,0,0.0000
1019.0,F2,7.00,28.4705,28.0092,28.3158,6.2338,0.7662,0.2499,0,0.0000
1020.0,F2,7.00,28.4645,27.9933,28.2938,6.2118,0.7882,0.3492,0,0.0000
1021.0,F2,7.00,28.4600,27.9766,28.2743,6.1923,0.8077,0.3492,0,0.0000
1022.0,F2,7.00,28.4590,27.9621,28.2584,6.1764,0.8236,0.3492,0,0.0000
1023.0,F2,7.00,28.4599,27.9492,28.2415,6.1595,0.8405,0.3492,0,0.0000
1024.0,F2,7.00,28.4636,27.9367,28.2273,6.1453,0.8547,0.3492,0,0.0000
1025.0,F2,7.00,28.4652,27.9296,28.2161,6.1341,0.8659,0.3492,0,0.0000
1026.0,F2,7.00,28.4728,27.9206,28.2028,6.1208,0.8792,0.3492,0,0.0000
1027.0,F2,7.00,28.4769,27.9118,28.1911,6.1091,0.8909,0.3492,0,0.0000
1028.0,F2,7.00,28.4854,27.9033,28.1783,6.0963,0.9037,0.3492,0,0.0000
1029.0,F2,7.00,28.4868,27.8963,28.1627,6.0807,0.9193,0.3492,0,0.0000
1030.0,F2,7.00,28.4926,27.8858,28.1472,6.0652,0.9348,0.4141,0,0.0000
1031.0,F2,7.00,28.4970,27.8739,28.1324,6.0504,0.9496,0.4141,0,0.0000
1032.0,F2,7.00,28.5040,27.8674,28.1227,6.0407,0.9593,0.4141,0,0.0000
1033.0,F2,7.00,28.5175,27.8616,28.1180,6.0359,0.9641,0.4141,0,0.0000
1034.0,F2,7.00,28.5348,27.8619,28.1108,6.0288,0.9712,0.4141,0,0.0000
1035.0,F2,7.00,28.5498,27.8634,28.1028,6.0208,0.9792,0.4141,0,0.0000
1036.0,F2,7.00,28.5650,27.8622,28.0958,6.0138,0.9862,0.4141,0,0.0000
1037.0,F2,7.00,28.5840,27.8639,28.0877,6.0057,0.9943,0.4141,0,0.0000
1038.0,F2,7.00,28.5983,27.8626,28.0787,5.9967,1.0033,0.4141,0,0.0000
1039.0,F2,7.00,28.6161,27.8670,28.0700,5.9880,1.0120,0.4141,0,0.0000
1040.0,F2,7.00,28.6349,27.8678,28.0634,5.9814,1.0186,0.4513,0,0.0000
1041.0,F2,7.00,28.6529,27.8670,28.0577,5.9757,1.0243,0.4513,0,0.0000
1042.0,F2,7.00,28.6696,27.8688,28.0638,5.9818,1.0182,0.4513,0,0.0000
1043.0,F2,7.00,28.6838,27.8692,28.0566,5.9746,1.0254,0.4513,0,0.0000
1044.0,F2,7.00,28.6987,27.8697,28.0434,5.9614,1.0386,0.4513,0,0.0000
1045.0,F2,7.00,28.7149,27.8704,28.0316,5.9496,1.0504,0.4513,0,0.0000
1046.0,F2,7.00,28.7319,27.8650,28.0159,5.9339,1.0661,0.4513,0,0.0000
1047.0,F2,7.00,28.7393,27.8561,28.0057,5.9237,1.0763,0.4513,0,0.0000
1048.0,F2,7.00,28.7318,27.8394,27.9917,5.9097,1.0903,0.4513,0,0.0000
1049.0,F2,7.00,28.7201,27.8180,27.9787,5.8967,1.1033,0.4513,0,0.0000
1050.0,F2,7.00,28.7125,27.8026,27.9603,5.8783,1.1217,0.4969,0,0.0000
1051.0,F2,7.00,28.7144,27.7948,27.9478,5.8658,1.1342,0.4969,0,0.0000
1052.0,F2,7.00,28.7284,27.7906,27.9320,5.8500,1.1500,0.4969,0,0.0000
1053.0,F2,7.00,28.7521,27.7917,27.9197,5.8377,1.1623,0.4969,0,0.0000
1054.0,F2,7.00,28.7625,27.7882,27.9082,5.8262,1.1738,0.4969,0,0.0000
1055.0,F2,7.00,28.7715,27.7838,27.9012,5.8192,1.1808,0.4969,0,0.0000
1056.0,F2,7.00,28.7816,27.7841,27.8950,5.8130,1.1870,0.4969,0,0.0000
1057.0,F2,7.00,28.7978,27.7933,27.8944,5.8124,1.1876,0.4969,0,0.0000
1058.0,F2,7.00,28.8176,27.7993,27.8941,5.8121,1.1879,0.4969,0,0.0000
1059.0,F2,7.00,28.8303,27.8042,27.8915,5.8095,1.1905,0.4969,1,0.0000
1060.0,F2,7.00,28.8480,27.8062,27.8872,5.8052,1.1948,0.5293,1,0.0000
1061.0,F2,7.00,28.8712,27.8102,27.8842,5.8022,1.1978,0.5293,1,0.0000
1062.0,F2,7.00,28.8994,27.8180,27.8811,5.7991,1.2009,0.5293,1,0.0000
1063.0,F2,7.00,28.9232,27.8195,27.8767,5.7947,1.2053,0.5293,1,0.0000
1064.0,F2,7.00,28.9469,27.8298,27.8745,5.7925,1.2075,0.5293,1,0.0000
1065.0,F2,7.00,28.9795,27.8387,27.8748,5.7928,1.2072,0.5293,1,0.0000
1066.0,F2,7.00,28.9991,27.8417,27.8681,5.7861,1.2139,0.5293,1,0.0000
1067.0,F2,7.00,29.0182,27.8487,27.8679,5.7859,1.2141,0.5293,1,0.0000
1068.0,F2,7.00,29.0358,27.8554,27.8694,5.7874,1.2126,0.5293,1,0.0000
1069.0,F2,7.00,29.0558,27.8636,27.8615,5.7795,1.2205,0.5293,1,0.0000
1070.0,F2,7.00,29.0829,27.8750,27.8586,5.7766,1.2234,0.5420,1,0.0000
1071.0,F2,7.00,29.1079,27.8882,27.8593,5.7773,1.2227,0.5420,1,0.0000
1072.0,F2,7.00,29.1276,27.8899,27.8624,5.7804,1.2196,0.5420,1,0.0000
1073.0,F2,7.00,29.1472,27.8976,27.8674,5.7854,1.2146,0.5420,1,0.0000
1074.0,F2,7.00,29.1667,27.9009,27.8683,5.7863,1.2137,0.5420,1,0.0000
1075.0,F2,7.00,29.1866,27.9075,27.8621,5.7801,1.2199,0.5420,1,0.0000
1076.0,F2,7.00,29.2095,27.9164,27.8610,5.7790,1.2210,0.5420,1,0.0000
1077.0,F2,7.00,29.2359,27.9238,27.8638,5.7818,1.2182,0.5420,1,0.0000
1078.0,F2,7.00,29.2550,27.9325,27.8620,5.7800,1.2200,0.5420,1,0.0000
1079.0,F2,7.00,29.2739,27.9373,27.8625,5.7805,1.2195,0.5420,1,0.0000
1080.0,F2,7.00,29.2880,27.9417,27.8637,5.7817,1.2183,0.5397,1,0.0000
# F2,method=6,r=7.00,t_phase=240,e_ss=0.680,IAE=262.76,ISE=354.56,TV=1.121,n_on=100,n_h=1500.0,t5=not_reached,c_p=1.846,c_pp=3.070,E=73.3
1081.0,F3,7.00,29.3017,27.9489,27.8669,5.7849,1.2151,0.5397,1,0.0000
1082.0,F3,7.00,29.3235,27.9562,27.8746,5.7926,1.2074,0.5397,1,0.0000
1083.0,F3,7.00,29.3398,27.9603,27.8790,5.7970,1.2030,0.5397,1,0.0000
1084.0,F3,7.00,29.3530,27.9679,27.8808,5.7988,1.2012,0.5397,1,0.0000
1085.0,F3,7.00,29.3678,27.9725,27.8848,5.8028,1.1972,0.5397,1,0.0000
1086.0,F3,7.00,29.3861,27.9843,27.8943,5.8123,1.1877,0.5397,1,0.0000
1087.0,F3,7.00,29.4041,27.9962,27.9019,5.8199,1.1801,0.5397,1,0.0000
1088.0,F3,7.00,29.4226,28.0062,27.9077,5.8257,1.1743,0.5397,1,0.0000
1089.0,F3,7.00,29.4512,28.0183,27.9122,5.8302,1.1698,0.5397,1,0.0000
1090.0,F3,7.00,29.4837,28.0358,27.9205,5.8385,1.1615,0.5146,1,0.0000
1091.0,F3,7.00,29.5167,28.0550,27.9344,5.8524,1.1476,0.5146,1,0.0000
1092.0,F3,7.00,29.5529,28.0710,27.9431,5.8611,1.1389,0.5146,1,0.0000
1093.0,F3,7.00,29.5753,28.0846,27.9455,5.8635,1.1365,0.5146,1,0.0000
1094.0,F3,7.00,29.6006,28.0947,27.9496,5.8676,1.1324,0.5146,1,0.0000
1095.0,F3,7.00,29.6174,28.1043,27.9521,5.8701,1.1299,0.5146,1,0.0000
1096.0,F3,7.00,29.6367,28.1176,27.9576,5.8756,1.1244,0.5146,1,0.0000
1097.0,F3,7.00,29.6592,28.1252,27.9674,5.8854,1.1146,0.5146,1,0.0000
1098.0,F3,7.00,29.6835,28.1369,27.9752,5.8932,1.1068,0.5146,1,0.0000
1099.0,F3,7.00,29.7059,28.1484,27.9821,5.9001,1.0999,0.5146,1,0.0000
1100.0,F3,7.00,29.7252,28.1638,27.9817,5.8997,1.1003,0.4874,1,0.0000
1101.0,F3,7.00,29.7479,28.1719,27.9872,5.9052,1.0948,0.4874,1,0.0000
1102.0,F3,7.00,29.7678,28.1847,27.9983,5.9163,1.0837,0.4874,1,0.0000
1103.0,F3,7.00,29.7834,28.1982,28.0029,5.9209,1.0791,0.4874,1,0.0000
1104.0,F3,7.00,29.8064,28.2086,28.0048,5.9228,1.0772,0.4874,1,0.0000
1105.0,F3,7.00,29.8264,28.2152,28.0033,5.9213,1.0787,0.4874,1,0.0000
1106.0,F3,7.00,29.8405,28.2206,28.0022,5.9202,1.0798,0.4874,1,0.0000
1107.0,F3,7.00,29.8554,28.2312,28.0091,5.9271,1.0729,0.4874,1,0.0000
1108.0,F3,7.00,29.8717,28.2450,28.0193,5.9373,1.0627,0.4874,1,0.0000
1109.0,F3,7.00,29.8885,28.2639,28.0362,5.9542,1.0458,0.4874,1,0.0000
1110.0,F3,7.00,29.9020,28.2804,28.0502,5.9682,1.0318,0.4571,1,0.0000
1111.0,F3,7.00,29.9146,28.2926,28.0607,5.9787,1.0213,0.4571,1,0.0000
1112.0,F3,7.00,29.9211,28.3008,28.0682,5.9862,1.0138,0.4571,1,0.0000
1113.0,F3,7.00,29.9283,28.3111,28.0810,5.9990,1.0010,0.4571,1,0.0000
1114.0,F3,7.00,29.9211,28.3143,28.0880,6.0060,0.9940,0.4571,1,0.0000
1115.0,F3,7.00,29.9172,28.3192,28.0953,6.0133,0.9867,0.4571,1,0.0000
1116.0,F3,7.00,29.9160,28.3234,28.1026,6.0206,0.9794,0.4571,1,0.0000
1117.0,F3,7.00,29.9101,28.3276,28.1127,6.0307,0.9693,0.4571,1,0.0000
1118.0,F3,7.00,29.9147,28.3325,28.1237,6.0417,0.9583,0.4571,1,0.0000
1119.0,F3,7.00,29.9164,28.3438,28.1324,6.0504,0.9496,0.4571,1,0.0000
1120.0,F3,7.00,29.9180,28.3506,28.1442,6.0622,0.9378,0.4154,1,0.0000
1121.0,F3,7.00,29.9142,28.3506,28.1542,6.0722,0.9278,0.4154,1,0.0000
1122.0,F3,7.00,29.8990,28.3398,28.1559,6.0739,0.9261,0.4154,1,0.0000
1123.0,F3,7.00,29.8936,28.3324,28.1540,6.0720,0.9280,0.4154,1,0.0000
1124.0,F3,7.00,29.8998,28.3321,28.1519,6.0699,0.9301,0.4154,1,0.0000
1125.0,F3,7.00,29.9147,28.3325,28.1551,6.0731,0.9269,0.4154,1,0.0000
1126.0,F3,7.00,29.9199,28.3366,28.1577,6.0757,0.9243,0.4154,1,0.0000
1127.0,F3,7.00,29.9192,28.3397,28.1561,6.0741,0.9259,0.4154,1,0.0000
1128.0,F3,7.00,29.9148,28.3322,28.1548,6.0728,0.9272,0.4154,1,0.0000
1129.0,F3,7.00,29.9104,28.3318,28.1546,6.0726,0.9274,0.4154,1,0.0000
1130.0,F3,7.00,29.9129,28.3312,28.1549,6.0729,0.9271,0.4107,1,0.0000
1131.0,F3,7.00,29.9158,28.3349,28.1591,6.0771,0.9229,0.4107,1,0.0000
1132.0,F3,7.00,29.9201,28.3421,28.1631,6.0811,0.9189,0.4107,1,0.0000
1133.0,F3,7.00,29.9276,28.3511,28.1682,6.0862,0.9138,0.4107,1,0.0000
1134.0,F3,7.00,29.9359,28.3613,28.1760,6.0940,0.9060,0.4107,1,0.0000
1135.0,F3,7.00,29.9512,28.3712,28.1818,6.0998,0.9002,0.4107,1,0.0000
1136.0,F3,7.00,29.9643,28.3814,28.1949,6.1129,0.8871,0.4107,1,0.0000
1137.0,F3,7.00,29.9828,28.3957,28.2054,6.1234,0.8766,0.4107,1,0.0000
1138.0,F3,7.00,29.9979,28.4104,28.2200,6.1380,0.8620,0.4107,1,0.0000
1139.0,F3,7.00,30.0093,28.4180,28.2383,6.1563,0.8437,0.4107,1,0.0000
1140.0,F3,7.00,30.0233,28.4386,28.2584,6.1764,0.8236,0.3648,1,0.0000
1141.0,F3,7.00,30.0384,28.4569,28.2754,6.1934,0.8066,0.3648,1,0.0000
1142.0,F3,7.00,30.0474,28.4679,28.2927,6.2107,0.7893,0.3648,1,0.0000
1143.0,F3,7.00,30.0485,28.4754,28.3066,6.2246,0.7754,0.3648,1,0.0000
1144.0,F3,7.00,30.0517,28.4847,28.3140,6.2320,0.7680,0.3648,1,0.0000
1145.0,F3,7.00,30.0512,28.4881,28.3207,6.2387,0.7613,0.3648,1,0.0000
1146.0,F3,7.00,30.0515,28.4937,28.3253,6.2433,0.7567,0.3648,1,0.0000
1147.0,F3,7.00,30.0521,28.4976,28.3348,6.2528,0.7472,0.3648,1,0.0000
1148.0,F3,7.00,30.0551,28.5044,28.3473,6.2653,0.7347,0.3648,1,0.0000
1149.0,F3,7.00,30.0548,28.5073,28.3614,6.2794,0.7206,0.3648,1,0.0000
1150.0,F3,7.00,30.0590,28.5233,28.3710,6.2890,0.7110,0.3150,1,0.0000
1151.0,F3,7.00,30.0603,28.5273,28.3841,6.3021,0.6979,0.3150,1,0.0000
1152.0,F3,7.00,30.0549,28.5303,28.3939,6.3119,0.6881,0.3150,1,0.0000
1153.0,F3,7.00,30.0537,28.5325,28.4031,6.3211,0.6789,0.3150,1,0.0000
1154.0,F3,7.00,30.0518,28.5427,28.4094,6.3274,0.6726,0.3150,1,0.0000
1155.0,F3,7.00,30.0518,28.5567,28.4170,6.3350,0.6650,0.3150,1,0.0000
1156.0,F3,7.00,30.0526,28.5625,28.4263,6.3443,0.6557,0.3150,1,0.0000
1157.0,F3,7.00,30.0529,28.5738,28.4370,6.3550,0.6450,0.3150,1,0.0000
1158.0,F3,7.00,30.0507,28.5857,28.4435,6.3615,0.6385,0.3150,1,0.0000
1159.0,F3,7.00,30.0584,28.6004,28.4558,6.3738,0.6262,0.3150,1,0.0000
1160.0,F3,7.00,30.0661,28.6132,28.4705,6.3885,0.6115,0.2709,1,0.0000
1161.0,F3,7.00,30.0792,28.6237,28.4819,6.3999,0.6001,0.2709,1,0.0000
1162.0,F3,7.00,30.0931,28.6389,28.4884,6.4064,0.5936,0.2709,1,0.0000
1163.0,F3,7.00,30.1064,28.6536,28.4977,6.4157,0.5843,0.2709,1,0.0000
1164.0,F3,7.00,30.1175,28.6604,28.5087,6.4267,0.5733,0.2709,1,0.0000
1165.0,F3,7.00,30.1185,28.6627,28.5131,6.4311,0.5689,0.2709,1,0.0000
1166.0,F3,7.00,30.1120,28.6630,28.5138,6.4318,0.5682,0.2709,1,0.0000
1167.0,F3,7.00,30.0980,28.6611,28.5128,6.4308,0.5692,0.2709,1,0.0000
1168.0,F3,7.00,30.0836,28.6621,28.5218,6.4398,0.5602,0.2709,1,0.0000
1169.0,F3,7.00,30.0692,28.6616,28.5249,6.4429,0.5571,0.2709,1,0.0000
1170.0,F3,7.00,30.0473,28.6579,28.5258,6.4438,0.5562,0.2464,0,0.0000
1171.0,F3,7.00,30.0323,28.6542,28.5242,6.4422,0.5578,0.2464,0,0.0000
1172.0,F3,7.00,30.0197,28.6548,28.5294,6.4474,0.5526,0.2464,0,0.0000
1173.0,F3,7.00,30.0070,28.6523,28.5364,6.4544,0.5456,0.2464,0,0.0000
1174.0,F3,7.00,29.9987,28.6510,28.5381,6.4561,0.5439,0.2464,0,0.0000
1175.0,F3,7.00,29.9854,28.6455,28.5440,6.4620,0.5380,0.2464,0,0.0000
1176.0,F3,7.00,29.9710,28.6407,28.5457,6.4637,0.5363,0.2464,0,0.0000
1177.0,F3,7.00,29.9625,28.6378,28.5520,6.4700,0.5300,0.2464,0,0.0000
1178.0,F3,7.00,29.9538,28.6406,28.5596,6.4776,0.5224,0.2464,0,0.0000
1179.0,F3,7.00,29.9370,28.6330,28.5633,6.4813,0.5187,0.2464,0,0.0000
1180.0,F3,7.00,29.9145,28.6269,28.5645,6.4825,0.5175,0.2293,0,0.0000
1181.0,F3,7.00,29.8913,28.6159,28.5595,6.4775,0.5225,0.2293,0,0.0000
1182.0,F3,7.00,29.8669,28.6015,28.5551,6.4731,0.5269,0.2293,0,0.0000
1183.0,F3,7.00,29.8445,28.5917,28.5498,6.4678,0.5322,0.2293,0,0.0000
1184.0,F3,7.00,29.8235,28.5815,28.5518,6.4698,0.5302,0.2293,0,0.0000
1185.0,F3,7.00,29.8130,28.5763,28.5540,6.4720,0.5280,0.2293,0,0.0000
1186.0,F3,7.00,29.7976,28.5738,28.5483,6.4663,0.5337,0.2293,0,0.0000
1187.0,F3,7.00,29.7774,28.5662,28.5432,6.4612,0.5388,0.2293,0,0.0000
1188.0,F3,7.00,29.7675,28.5654,28.5456,6.4636,0.5364,0.2293,0,0.0000
1189.0,F3,7.00,29.7659,28.5661,28.5460,6.4640,0.5360,0.2293,0,0.0000
1190.0,F3,7.00,29.7682,28.5694,28.5498,6.4678,0.5322,0.2357,0,0.0000
1191.0,F3,7.00,29.7774,28.5726,28.5442,6.4622,0.5378,0.2357,0,0.0000
1192.0,F3,7.00,29.7778,28.5766,28.5387,6.4567,0.5433,0.2357,0,0.0000
1193.0,F3,7.00,29.7665,28.5748,28.5303,6.4483,0.5517,0.2357,0,0.0000
1194.0,F3,7.00,29.7595,28.5735,28.5227,6.4407,0.5593,0.2357,0,0.0000
1195.0,F3,7.00,29.7408,28.5637,28.5195,6.4375,0.5625,0.2357,0,0.0000
1196.0,F3,7.00,29.7254,28.5526,28.5107,6.4286,0.5714,0.2357,0,0.0000
1197.0,F3,7.00,29.7101,28.5423,28.5070,6.4250,0.5750,0.2357,0,0.0000
1198.0,F3,7.00,29.6959,28.5332,28.5072,6.4252,0.5748,0.2357,0,0.0000
1199.0,F3,7.00,29.6865,28.5271,28.5074,6.4254,0.5746,0.2357,0,0.0000
1200.0,F3,7.00,29.6846,28.5300,28.5151,6.4331,0.5669,0.2511,0,0.0000
1201.0,F3,7.00,29.6879,28.5356,28.5232,6.4412,0.5588,0.2511,0,0.0000
1202.0,F3,7.00,29.6841,28.5335,28.5285,6.4465,0.5535,0.2511,0,0.0000
1203.0,F3,7.00,29.6735,28.5320,28.5294,6.4474,0.5526,0.2511,0,0.0000
1204.0,F3,7.00,29.6621,28.5354,28.5287,6.4467,0.5533,0.2511,0,0.0000
1205.0,F3,7.00,29.6548,28.5409,28.5201,6.4380,0.5620,0.2511,0,0.0000
1206.0,F3,7.00,29.6434,28.5324,28.5068,6.4248,0.5752,0.2511,0,0.0000
1207.0,F3,7.00,29.6243,28.5241,28.4999,6.4179,0.5821,0.2511,0,0.0000
1208.0,F3,7.00,29.6213,28.5231,28.5002,6.4182,0.5818,0.2511,0,0.0000
1209.0,F3,7.00,29.6266,28.5242,28.5082,6.4262,0.5738,0.2511,0,0.0000
1210.0,F3,7.00,29.6247,28.5219,28.5132,6.4312,0.5688,0.2520,0,0.0000
1211.0,F3,7.00,29.6272,28.5202,28.5145,6.4325,0.5675,0.2520,0,0.0000
1212.0,F3,7.00,29.6209,28.5131,28.5107,6.4286,0.5714,0.2520,0,0.0000
1213.0,F3,7.00,29.6065,28.5100,28.5069,6.4249,0.5751,0.2520,0,0.0000
1214.0,F3,7.00,29.5955,28.5021,28.5025,6.4205,0.5795,0.2520,0,0.0000
1215.0,F3,7.00,29.5912,28.4922,28.4937,6.4117,0.5883,0.2520,0,0.0000
1216.0,F3,7.00,29.5845,28.4886,28.4844,6.4024,0.5976,0.2520,0,0.0000
1217.0,F3,7.00,29.5762,28.4823,28.4790,6.3970,0.6030,0.2520,0,0.0000
1218.0,F3,7.00,29.5593,28.4702,28.4684,6.3864,0.6136,0.2520,0,0.0000
1219.0,F3,7.00,29.5359,28.4478,28.4572,6.3752,0.6248,0.2520,0,0.0000
1220.0,F3,7.00,29.5165,28.4371,28.4501,6.3681,0.6319,0.2799,0,0.0000
1221.0,F3,7.00,29.5105,28.4400,28.4533,6.3713,0.6287,0.2799,0,0.0000
1222.0,F3,7.00,29.5039,28.4413,28.4490,6.3670,0.6330,0.2799,0,0.0000
1223.0,F3,7.00,29.5011,28.4375,28.4469,6.3649,0.6351,0.2799,0,0.0000
1224.0,F3,7.00,29.4995,28.4301,28.4447,6.3627,0.6373,0.2799,0,0.0000
1225.0,F3,7.00,29.4893,28.4259,28.4391,6.3571,0.6429,0.2799,0,0.0000
1226.0,F3,7.00,29.4843,28.4204,28.4326,6.3506,0.6494,0.2799,0,0.0000
1227.0,F3,7.00,29.4769,28.4142,28.4239,6.3419,0.6581,0.2799,0,0.0000
1228.0,F3,7.00,29.4792,28.4105,28.4155,6.3335,0.6665,0.2799,0,0.0000
1229.0,F3,7.00,29.4715,28.4056,28.4083,6.3263,0.6737,0.2799,0,0.0000
1230.0,F3,7.00,29.4700,28.4022,28.4045,6.3225,0.6775,0.3001,0,0.0000
1231.0,F3,7.00,29.4691,28.4016,28.4027,6.3207,0.6793,0.3001,0,0.0000
1232.0,F3,7.00,29.4696,28.3985,28.4038,6.3218,0.6782,0.3001,0,0.0000
1233.0,F3,7.00,29.4653,28.3946,28.4015,6.3195,0.6805,0.3001,0,0.0000
1234.0,F3,7.00,29.4572,28.3910,28.3991,6.3171,0.6829,0.3001,0,0.0000
1235.0,F3,7.00,29.4536,28.3858,28.3968,6.3148,0.6852,0.3001,0,0.0000
1236.0,F3,7.00,29.4518,28.3843,28.3977,6.3157,0.6843,0.3001,0,0.0000
1237.0,F3,7.00,29.4565,28.3847,28.4023,6.3203,0.6797,0.3001,0,0.0000
1238.0,F3,7.00,29.4625,28.3857,28.4038,6.3218,0.6782,0.3001,0,0.0000
1239.0,F3,7.00,29.4628,28.3836,28.4052,6.3232,0.6768,0.3001,0,0.0000
1240.0,F3,7.00,29.4592,28.3815,28.4028,6.3208,0.6792,0.3009,0,0.0000
1241.0,F3,7.00,29.4648,28.3802,28.4018,6.3198,0.6802,0.3009,0,0.0000
1242.0,F3,7.00,29.4745,28.3840,28.4003,6.3183,0.6817,0.3009,0,0.0000
1243.0,F3,7.00,29.4844,28.3857,28.4012,6.3192,0.6808,0.3009,0,0.0000
1244.0,F3,7.00,29.4941,28.3945,28.4056,6.3236,0.6764,0.3009,0,0.0000
1245.0,F3,7.00,29.5000,28.3963,28.4078,6.3258,0.6742,0.3009,0,0.0000
1246.0,F3,7.00,29.5037,28.3961,28.4061,6.3241,0.6759,0.3009,0,0.0000
1247.0,F3,7.00,29.4989,28.3927,28.4018,6.3198,0.6802,0.3009,0,0.0000
1248.0,F3,7.00,29.4998,28.3914,28.3976,6.3156,0.6844,0.3009,0,0.0000
1249.0,F3,7.00,29.4985,28.3905,28.3959,6.3139,0.6861,0.3009,0,0.0000
1250.0,F3,7.00,29.5012,28.3891,28.3939,6.3119,0.6881,0.3048,0,0.0000
1251.0,F3,7.00,29.5019,28.3880,28.3922,6.3102,0.6898,0.3048,0,0.0000
1252.0,F3,7.00,29.5049,28.3849,28.3875,6.3055,0.6945,0.3048,0,0.0000
1253.0,F3,7.00,29.5112,28.3857,28.3860,6.3040,0.6960,0.3048,0,0.0000
1254.0,F3,7.00,29.5154,28.3874,28.3864,6.3044,0.6956,0.3048,0,0.0000
1255.0,F3,7.00,29.5105,28.3805,28.3801,6.2981,0.7019,0.3048,0,0.0000
1256.0,F3,7.00,29.5016,28.3738,28.3722,6.2902,0.7098,0.3048,0,0.0000
1257.0,F3,7.00,29.4966,28.3700,28.3683,6.2863,0.7137,0.3048,0,0.0000
1258.0,F3,7.00,29.4864,28.3676,28.3708,6.2888,0.7112,0.3048,0,0.0000
1259.0,F3,7.00,29.4810,28.3707,28.3664,6.2844,0.7156,0.3048,0,0.0000
1260.0,F3,7.00,29.4778,28.3707,28.3677,6.2857,0.7143,0.3164,0,0.0000
1261.0,F3,7.00,29.4735,28.3733,28.3723,6.2903,0.7097,0.3164,0,0.0000
1262.0,F3,7.00,29.4815,28.3675,28.3690,6.2870,0.7130,0.3164,0,0.0000
1263.0,F3,7.00,29.4781,28.3652,28.3662,6.2842,0.7158,0.3164,0,0.0000
1264.0,F3,7.00,29.4740,28.3611,28.3626,6.2806,0.7194,0.3164,0,0.0000
1265.0,F3,7.00,29.4710,28.3550,28.3565,6.2745,0.7255,0.3164,0,0.0000
1266.0,F3,7.00,29.4769,28.3538,28.3602,6.2782,0.7218,0.3164,0,0.0000
1267.0,F3,7.00,29.4857,28.3558,28.3619,6.2799,0.7201,0.3164,0,0.0000
1268.0,F3,7.00,29.4893,28.3560,28.3617,6.2797,0.7203,0.3164,0,0.0000
1269.0,F3,7.00,29.4944,28.3598,28.3613,6.2793,0.7207,0.3164,0,0.0000
1270.0,F3,7.00,29.5018,28.3652,28.3645,6.2825,0.7175,0.3178,0,0.0000
1271.0,F3,7.00,29.5110,28.3684,28.3705,6.2885,0.7115,0.3178,0,0.0000
1272.0,F3,7.00,29.5126,28.3699,28.3775,6.2955,0.7045,0.3178,0,0.0000
1273.0,F3,7.00,29.5124,28.3717,28.3798,6.2978,0.7022,0.3178,0,0.0000
1274.0,F3,7.00,29.5192,28.3743,28.3806,6.2986,0.7014,0.3178,0,0.0000
1275.0,F3,7.00,29.5206,28.3757,28.3831,6.3011,0.6989,0.3178,0,0.0000
1276.0,F3,7.00,29.5253,28.3790,28.3869,6.3049,0.6951,0.3178,0,0.0000
1277.0,F3,7.00,29.5296,28.3857,28.3893,6.3073,0.6927,0.3178,0,0.0000
1278.0,F3,7.00,29.5351,28.3911,28.3920,6.3100,0.6900,0.3178,0,0.0000
1279.0,F3,7.00,29.5442,28.3953,28.3910,6.3090,0.6910,0.3178,0,0.0000
1280.0,F3,7.00,29.5489,28.4004,28.3885,6.3065,0.6935,0.3072,0,0.0000
1281.0,F3,7.00,29.5551,28.4005,28.3879,6.3059,0.6941,0.3072,0,0.0000
1282.0,F3,7.00,29.5630,28.4010,28.3888,6.3068,0.6932,0.3072,0,0.0000
1283.0,F3,7.00,29.5702,28.4009,28.3866,6.3046,0.6954,0.3072,0,0.0000
1284.0,F3,7.00,29.5770,28.3976,28.3799,6.2979,0.7021,0.3072,0,0.0000
1285.0,F3,7.00,29.5778,28.3966,28.3699,6.2879,0.7121,0.3072,0,0.0000
1286.0,F3,7.00,29.5804,28.3960,28.3647,6.2827,0.7173,0.3072,0,0.0000
1287.0,F3,7.00,29.5848,28.3977,28.3640,6.2820,0.7180,0.3072,0,0.0000
1288.0,F3,7.00,29.5923,28.4040,28.3670,6.2850,0.7150,0.3072,0,0.0000
1289.0,F3,7.00,29.5998,28.4100,28.3735,6.2915,0.7085,0.3072,0,0.0000
1290.0,F3,7.00,29.6115,28.4128,28.3812,6.2992,0.7008,0.3105,0,0.0000
1291.0,F3,7.00,29.6200,28.4150,28.3779,6.2959,0.7041,0.3105,0,0.0000
1292.0,F3,7.00,29.6136,28.4139,28.3781,6.2961,0.7039,0.3105,1,0.0000
1293.0,F3,7.00,29.6106,28.4140,28.3820,6.3000,0.7000,0.3105,1,0.0000
1294.0,F3,7.00,29.6083,28.4144,28.3822,6.3002,0.6998,0.3105,1,0.0000
1295.0,F3,7.00,29.6080,28.4136,28.3808,6.2988,0.7012,0.3105,1,0.0000
1296.0,F3,7.00,29.6008,28.4112,28.3766,6.2946,0.7054,0.3105,1,0.0000
1297.0,F3,7.00,29.5951,28.4074,28.3717,6.2897,0.7103,0.3105,1,0.0000
1298.0,F3,7.00,29.5908,28.4042,28.3686,6.2866,0.7134,0.3105,1,0.0000
1299.0,F3,7.00,29.5844,28.3977,28.3621,6.2801,0.7199,0.3105,1,0.0000
1300.0,F3,7.00,29.5790,28.3929,28.3560,6.2740,0.7260,0.3216,1,0.0000
1301.0,F3,7.00,29.5703,28.3864,28.3486,6.2666,0.7334,0.3216,1,0.0000
1302.0,F3,7.00,29.5654,28.3883,28.3463,6.2643,0.7357,0.3216,1,0.0000
1303.0,F3,7.00,29.5593,28.3837,28.3456,6.2636,0.7364,0.3216,1,0.0000
1304.0,F3,7.00,29.5526,28.3762,28.3419,6.2599,0.7401,0.3216,1,0.0000
1305.0,F3,7.00,29.5486,28.3735,28.3376,6.2556,0.7444,0.3216,1,0.0000
1306.0,F3,7.00,29.5474,28.3707,28.3347,6.2527,0.7473,0.3216,1,0.0000
1307.0,F3,7.00,29.5426,28.3663,28.3326,6.2506,0.7494,0.3216,1,0.0000
1308.0,F3,7.00,29.5439,28.3663,28.3338,6.2518,0.7482,0.3216,1,0.0000
1309.0,F3,7.00,29.5394,28.3636,28.3330,6.2510,0.7490,0.3216,1,0.0000
1310.0,F3,7.00,29.5388,28.3632,28.3276,6.2456,0.7544,0.3342,1,0.0000
1311.0,F3,7.00,29.5380,28.3585,28.3218,6.2398,0.7602,0.3342,1,0.0000
1312.0,F3,7.00,29.5353,28.3583,28.3218,6.2398,0.7602,0.3342,1,0.0000
1313.0,F3,7.00,29.5360,28.3534,28.3183,6.2363,0.7637,0.3342,1,0.0000
1314.0,F3,7.00,29.5356,28.3511,28.3177,6.2357,0.7643,0.3342,1,0.0000
1315.0,F3,7.00,29.5358,28.3505,28.3159,6.2339,0.7661,0.3342,1,0.0000
1316.0,F3,7.00,29.5347,28.3462,28.3177,6.2357,0.7643,0.3342,1,0.0000
1317.0,F3,7.00,29.5326,28.3454,28.3143,6.2323,0.7677,0.3342,1,0.0000
1318.0,F3,7.00,29.5333,28.3437,28.3139,6.2319,0.7681,0.3342,1,0.0000
1319.0,F3,7.00,29.5340,28.3445,28.3142,6.2322,0.7678,0.3342,1,0.0000
1320.0,F3,7.00,29.5367,28.3429,28.3144,6.2324,0.7676,0.3401,1,0.0000
1321.0,F3,7.00,29.5395,28.3484,28.3158,6.2338,0.7662,0.3401,1,0.0000
1322.0,F3,7.00,29.5444,28.3487,28.3161,6.2341,0.7659,0.3401,1,0.0000
1323.0,F3,7.00,29.5495,28.3547,28.3188,6.2368,0.7632,0.3401,1,0.0000
1324.0,F3,7.00,29.5557,28.3576,28.3214,6.2394,0.7606,0.3401,1,0.0000
1325.0,F3,7.00,29.5624,28.3585,28.3237,6.2417,0.7583,0.3401,1,0.0000
1326.0,F3,7.00,29.5704,28.3635,28.3243,6.2423,0.7577,0.3401,1,0.0000
1327.0,F3,7.00,29.5751,28.3662,28.3275,6.2455,0.7545,0.3401,1,0.0000
1328.0,F3,7.00,29.5738,28.3701,28.3265,6.2445,0.7555,0.3401,1,0.0000
1329.0,F3,7.00,29.5751,28.3681,28.3275,6.2455,0.7545,0.3401,1,0.0000
1330.0,F3,7.00,29.5751,28.3672,28.3289,6.2469,0.7531,0.3336,1,0.0000
1331.0,F3,7.00,29.5793,28.3664,28.3301,6.2481,0.7519,0.3336,1,0.0000
1332.0,F3,7.00,29.5818,28.3686,28.3305,6.2485,0.7515,0.3336,1,0.0000
1333.0,F3,7.00,29.5839,28.3689,28.3295,6.2475,0.7525,0.3336,1,0.0000
1334.0,F3,7.00,29.5827,28.3680,28.3277,6.2457,0.7543,0.3336,1,0.0000
1335.0,F3,7.00,29.5811,28.3676,28.3236,6.2416,0.7584,0.3336,1,0.0000
1336.0,F3,7.00,29.5785,28.3661,28.3221,6.2401,0.7599,0.3336,1,0.0000
1337.0,F3,7.00,29.5780,28.3650,28.3207,6.2387,0.7613,0.3336,1,0.0000
1338.0,F3,7.00,29.5747,28.3641,28.3192,6.2372,0.7628,0.3336,1,0.0000
1339.0,F3,7.00,29.5706,28.3612,28.3150,6.2330,0.7670,0.3336,1,0.0000
1340.0,F3,7.00,29.5650,28.3616,28.3154,6.2334,0.7666,0.3396,1,0.0000
1341.0,F3,7.00,29.5615,28.3550,28.3120,6.2299,0.7701,0.3396,1,0.0000
1342.0,F3,7.00,29.5591,28.3493,28.3027,6.2207,0.7793,0.3396,1,0.0000
1343.0,F3,7.00,29.5532,28.3460,28.2966,6.2146,0.7854,0.3396,1,0.0000
1344.0,F3,7.00,29.5457,28.3412,28.2910,6.2090,0.7910,0.3396,1,0.0000
1345.0,F3,7.00,29.5456,28.3365,28.2872,6.2052,0.7948,0.3396,1,0.0000
1346.0,F3,7.00,29.5394,28.3342,28.2825,6.2005,0.7995,0.3396,1,0.0000
1347.0,F3,7.00,29.5372,28.3321,28.2780,6.1960,0.8040,0.3396,1,0.0000
1348.0,F3,7.00,29.5306,28.3329,28.2737,6.1917,0.8083,0.3396,1,0.0000
1349.0,F3,7.00,29.5283,28.3289,28.2733,6.1913,0.8087,0.3396,0,0.0000
1350.0,F3,7.00,29.5283,28.3249,28.2697,6.1877,0.8123,0.3599,0,0.0000
1351.0,F3,7.00,29.5287,28.3239,28.2679,6.1859,0.8141,0.3599,0,0.0000
1352.0,F3,7.00,29.5333,28.3248,28.2683,6.1863,0.8137,0.3599,0,0.0000
1353.0,F3,7.00,29.5362,28.3232,28.2675,6.1855,0.8145,0.3599,0,0.0000
1354.0,F3,7.00,29.5370,28.3205,28.2639,6.1819,0.8181,0.3599,0,0.0000
1355.0,F3,7.00,29.5397,28.3202,28.2637,6.1817,0.8183,0.3599,0,0.0000
1356.0,F3,7.00,29.5413,28.3177,28.2621,6.1801,0.8199,0.3599,0,0.0000
1357.0,F3,7.00,29.5464,28.3167,28.2599,6.1779,0.8221,0.3599,0,0.0000
1358.0,F3,7.00,29.5490,28.3176,28.2581,6.1761,0.8239,0.3599,0,0.0000
1359.0,F3,7.00,29.5490,28.3195,28.2572,6.1752,0.8248,0.3599,0,0.0000
1360.0,F3,7.00,29.5498,28.3224,28.2516,6.1696,0.8304,0.3679,0,0.0000
1361.0,F3,7.00,29.5484,28.3209,28.2476,6.1656,0.8344,0.3679,0,0.0000
1362.0,F3,7.00,29.5468,28.3216,28.2433,6.1613,0.8387,0.3679,0,0.0000
1363.0,F3,7.00,29.5489,28.3253,28.2421,6.1601,0.8399,0.3679,0,0.0000
1364.0,F3,7.00,29.5455,28.3261,28.2430,6.1610,0.8390,0.3679,0,0.0000
1365.0,F3,7.00,29.5486,28.3271,28.2497,6.1677,0.8323,0.3679,0,0.0000
1366.0,F3,7.00,29.5537,28.3293,28.2537,6.1717,0.8283,0.3679,0,0.0000
1367.0,F3,7.00,29.5616,28.3335,28.2628,6.1808,0.8192,0.3679,0,0.0000
1368.0,F3,7.00,29.5705,28.3394,28.2701,6.1881,0.8119,0.3679,0,0.0000
1369.0,F3,7.00,29.5863,28.3479,28.2801,6.1981,0.8019,0.3679,0,0.0000
1370.0,F3,7.00,29.5968,28.3539,28.2877,6.2057,0.7943,0.3519,0,0.0000
1371.0,F3,7.00,29.6046,28.3606,28.2942,6.2122,0.7878,0.3519,0,0.0000
1372.0,F3,7.00,29.6147,28.3670,28.2986,6.2166,0.7834,0.3519,0,0.0000
1373.0,F3,7.00,29.6211,28.3723,28.3018,6.2198,0.7802,0.3519,0,0.0000
1374.0,F3,7.00,29.6305,28.3750,28.3055,6.2235,0.7765,0.3519,0,0.0000
1375.0,F3,7.00,29.6332,28.3782,28.3062,6.2242,0.7758,0.3519,0,0.0000
1376.0,F3,7.00,29.6394,28.3793,28.3058,6.2238,0.7762,0.3519,0,0.0000
1377.0,F3,7.00,29.6388,28.3752,28.3055,6.2235,0.7765,0.3519,0,0.0000
1378.0,F3,7.00,29.6355,28.3721,28.3017,6.2197,0.7803,0.3519,0,0.0000
1379.0,F3,7.00,29.6315,28.3689,28.2953,6.2133,0.7867,0.3519,0,0.0000
1380.0,F3,7.00,29.6303,28.3639,28.2877,6.2057,0.7943,0.3519,0,0.0000
1381.0,F3,7.00,29.6271,28.3600,28.2825,6.2005,0.7995,0.3519,0,0.0000
1382.0,F3,7.00,29.6273,28.3554,28.2773,6.1953,0.8047,0.3519,0,0.0000
1383.0,F3,7.00,29.6200,28.3531,28.2719,6.1898,0.8102,0.3519,0,0.0000
1384.0,F3,7.00,29.6144,28.3461,28.2603,6.1783,0.8217,0.3519,0,0.0000
1385.0,F3,7.00,29.6107,28.3417,28.2506,6.1686,0.8314,0.3519,0,0.0000
1386.0,F3,7.00,29.6067,28.3397,28.2451,6.1631,0.8369,0.3519,0,0.0000
1387.0,F3,7.00,29.6039,28.3357,28.2409,6.1589,0.8411,0.3519,0,0.0000
1388.0,F3,7.00,29.6002,28.3336,28.2379,6.1559,0.8441,0.3519,0,0.0000
1389.0,F3,7.00,29.5956,28.3343,28.2348,6.1528,0.8472,0.3519,0,0.0000
1390.0,F3,7.00,29.5907,28.3344,28.2361,6.1541,0.8459,0.3747,0,0.0000
1391.0,F3,7.00,29.5863,28.3318,28.2357,6.1537,0.8463,0.3747,0,0.0000
1392.0,F3,7.00,29.5819,28.3268,28.2320,6.1500,0.8500,0.3747,0,0.0000
1393.0,F3,7.00,29.5830,28.3284,28.2287,6.1467,0.8533,0.3747,0,0.0000
1394.0,F3,7.00,29.5819,28.3255,28.2273,6.1453,0.8547,0.3747,0,0.0000
1395.0,F3,7.00,29.5791,28.3241,28.2266,6.1446,0.8554,0.3747,0,0.0000
1396.0,F3,7.00,29.5735,28.3184,28.2224,6.1404,0.8596,0.3747,0,0.0000
1397.0,F3,7.00,29.5737,28.3168,28.2164,6.1344,0.8656,0.3747,0,0.0000
1398.0,F3,7.00,29.5733,28.3083,28.2116,6.1296,0.8704,0.3747,0,0.0000
1399.0,F3,7.00,29.5759,28.3039,28.2094,6.1274,0.8726,0.3747,0,0.0000
1400.0,F3,7.00,29.5759,28.3043,28.2103,6.1283,0.8717,0.3862,0,0.0000
1401.0,F3,7.00,29.5786,28.3015,28.2095,6.1275,0.8725,0.3862,0,0.0000
1402.0,F3,7.00,29.5787,28.3028,28.2107,6.1287,0.8713,0.3862,0,0.0000
1403.0,F3,7.00,29.5830,28.3039,28.2133,6.1313,0.8687,0.3862,0,0.0000
1404.0,F3,7.00,29.5826,28.3036,28.2145,6.1325,0.8675,0.3862,0,0.0000
1405.0,F3,7.00,29.5814,28.3020,28.2109,6.1289,0.8711,0.3862,0,0.0000
1406.0,F3,7.00,29.5741,28.2986,28.2078,6.1258,0.8742,0.3862,0,0.0000
1407.0,F3,7.00,29.5676,28.2944,28.1982,6.1161,0.8839,0.3862,0,0.0000
1408.0,F3,7.00,29.5643,28.2925,28.1970,6.1150,0.8850,0.3862,0,0.0000
1409.0,F3,7.00,29.5643,28.2941,28.1980,6.1160,0.8840,0.3862,0,0.0000
1410.0,F3,7.00,29.5671,28.2939,28.2004,6.1184,0.8816,0.3905,0,0.0000
1411.0,F3,7.00,29.5703,28.2981,28.2032,6.1212,0.8788,0.3905,0,0.0000
1412.0,F3,7.00,29.5760,28.2978,28.2054,6.1234,0.8766,0.3905,0,0.0000
1413.0,F3,7.00,29.5802,28.2996,28.2021,6.1201,0.8799,0.3905,0,0.0000
1414.0,F3,7.00,29.5853,28.2961,28.1988,6.1168,0.8832,0.3905,0,0.0000
1415.0,F3,7.00,29.5835,28.2930,28.1964,6.1144,0.8856,0.3905,0,0.0000
1416.0,F3,7.00,29.5825,28.2919,28.1956,6.1136,0.8864,0.3905,0,0.0000
1417.0,F3,7.00,29.5848,28.2850,28.1877,6.1057,0.8943,0.3905,0,0.0000
1418.0,F3,7.00,29.5772,28.2771,28.1805,6.0984,0.9016,0.3905,0,0.0000
1419.0,F3,7.00,29.5715,28.2706,28.1714,6.0894,0.9106,0.3905,0,0.0000
1420.0,F3,7.00,29.5727,28.2645,28.1696,6.0876,0.9124,0.4042,0,0.0000
1421.0,F3,7.00,29.5742,28.2638,28.1676,6.0856,0.9144,0.4042,0,0.0000
1422.0,F3,7.00,29.5808,28.2632,28.1724,6.0904,0.9096,0.4042,0,0.0000
1423.0,F3,7.00,29.5877,28.2706,28.1818,6.0998,0.9002,0.4042,0,0.0000
1424.0,F3,7.00,29.5985,28.2760,28.1856,6.1036,0.8964,0.4042,0,0.0000
1425.0,F3,7.00,29.6042,28.2778,28.1794,6.0974,0.9026,0.4042,0,0.0000
1426.0,F3,7.00,29.6097,28.2792,28.1796,6.0976,0.9024,0.4042,0,0.0000
1427.0,F3,7.00,29.6203,28.2843,28.1867,6.1047,0.8953,0.4042,0,0.0000
1428.0,F3,7.00,29.6333,28.2924,28.1944,6.1124,0.8876,0.4042,0,0.0000
1429.0,F3,7.00,29.6484,28.3030,28.2036,6.1216,0.8784,0.4042,0,0.0000
1430.0,F3,7.00,29.6612,28.3125,28.2129,6.1309,0.8691,0.3850,0,0.0000
1431.0,F3,7.00,29.6749,28.3229,28.2207,6.1387,0.8613,0.3850,0,0.0000
1432.0,F3,7.00,29.6871,28.3306,28.2276,6.1456,0.8544,0.3850,0,0.0000
1433.0,F3,7.00,29.7031,28.3409,28.2348,6.1528,0.8472,0.3850,0,0.0000
1434.0,F3,7.00,29.7160,28.3503,28.2403,6.1583,0.8417,0.3850,0,0.0000
1435.0,F3,7.00,29.7309,28.3592,28.2477,6.1656,0.8344,0.3850,0,0.0000
1436.0,F3,7.00,29.7424,28.3683,28.2534,6.1714,0.8286,0.3850,0,0.0000
1437.0,F3,7.00,29.7502,28.3772,28.2611,6.1791,0.8209,0.3850,0,0.0000
1438.0,F3,7.00,29.7622,28.3871,28.2698,6.1878,0.8122,0.3850,0,0.0000
1439.0,F3,7.00,29.7751,28.3980,28.2803,6.1983,0.8017,0.3850,0,0.0000
1440.0,F3,7.00,29.7878,28.4063,28.2873,6.2053,0.7947,0.3521,0,0.0000
1441.0,F3,7.00,29.7967,28.4166,28.2953,6.2133,0.7867,0.3521,0,0.0000
1442.0,F3,7.00,29.8104,28.4259,28.3024,6.2204,0.7796,0.3521,0,0.0000
1443.0,F3,7.00,29.8241,28.4352,28.3096,6.2276,0.7724,0.3521,0,0.0000
1444.0,F3,7.00,29.8322,28.4411,28.3166,6.2346,0.7654,0.3521,0,0.0000
1445.0,F3,7.00,29.8421,28.4483,28.3226,6.2406,0.7594,0.3521,0,0.0000
1446.0,F3,7.00,29.8479,28.4529,28.3279,6.2459,0.7541,0.3521,0,0.0000
1447.0,F3,7.00,29.8549,28.4600,28.3308,6.2488,0.7512,0.3521,0,0.0000
1448.0,F3,7.00,29.8489,28.4575,28.3258,6.2438,0.7562,0.3521,0,0.0000
1449.0,F3,7.00,29.8379,28.4513,28.3207,6.2387,0.7613,0.3521,0,0.0000
1450.0,F3,7.00,29.8345,28.4477,28.3159,6.2339,0.7661,0.3394,0,0.0000
1451.0,F3,7.00,29.8333,28.4511,28.3170,6.2350,0.7650,0.3394,0,0.0000
1452.0,F3,7.00,29.8345,28.4525,28.3169,6.2349,0.7651,0.3394,0,0.0000
1453.0,F3,7.00,29.8286,28.4540,28.3203,6.2383,0.7617,0.3394,0,0.0000
1454.0,F3,7.00,29.8188,28.4488,28.3170,6.2350,0.7650,0.3394,0,0.0000
1455.0,F3,7.00,29.8081,28.4437,28.3214,6.2393,0.7607,0.3394,0,0.0000
1456.0,F3,7.00,29.8030,28.4485,28.3238,6.2418,0.7582,0.3394,0,0.0000
1457.0,F3,7.00,29.8047,28.4523,28.3248,6.2428,0.7572,0.3394,0,0.0000
1458.0,F3,7.00,29.8045,28.4579,28.3282,6.2462,0.7538,0.3394,0,0.0000
1459.0,F3,7.00,29.8081,28.4637,28.3334,6.2514,0.7486,0.3394,0,0.0000
1460.0,F3,7.00,29.8163,28.4660,28.3400,6.2580,0.7420,0.3287,0,0.0000
1461.0,F3,7.00,29.8192,28.4736,28.3445,6.2625,0.7375,0.3287,0,0.0000
1462.0,F3,7.00,29.8275,28.4803,28.3465,6.2645,0.7355,0.3287,0,0.0000
1463.0,F3,7.00,29.8291,28.4816,28.3422,6.2602,0.7398,0.3287,0,0.0000
1464.0,F3,7.00,29.8292,28.4818,28.3406,6.2586,0.7414,0.3287,0,0.0000
1465.0,F3,7.00,29.8310,28.4838,28.3409,6.2589,0.7411,0.3287,0,0.0000
1466.0,F3,7.00,29.8248,28.4852,28.3435,6.2615,0.7385,0.3287,0,0.0000
1467.0,F3,7.00,29.8227,28.4839,28.3469,6.2649,0.7351,0.3287,0,0.0000
1468.0,F3,7.00,29.8228,28.4824,28.3448,6.2628,0.7372,0.3287,0,0.0000
1469.0,F3,7.00,29.8219,28.4800,28.3463,6.2643,0.7357,0.3287,0,0.0000
1470.0,F3,7.00,29.8219,28.4763,28.3485,6.2665,0.7335,0.3249,0,0.0000
1471.0,F3,7.00,29.8116,28.4714,28.3456,6.2636,0.7364,0.3249,0,0.0000
1472.0,F3,7.00,29.7983,28.4634,28.3366,6.2546,0.7454,0.3249,0,0.0000
1473.0,F3,7.00,29.7837,28.4547,28.3271,6.2451,0.7549,0.3249,0,0.0000
1474.0,F3,7.00,29.7682,28.4413,28.3235,6.2415,0.7585,0.3249,0,0.0000
1475.0,F3,7.00,29.7572,28.4355,28.3240,6.2420,0.7580,0.3249,0,0.0000
1476.0,F3,7.00,29.7525,28.4328,28.3240,6.2420,0.7580,0.3249,0,0.0000
1477.0,F3,7.00,29.7525,28.4355,28.3275,6.2455,0.7545,0.3249,0,0.0000
1478.0,F3,7.00,29.7521,28.4396,28.3333,6.2513,0.7487,0.3249,0,0.0000
1479.0,F3,7.00,29.7543,28.4427,28.3401,6.2581,0.7419,0.3249,1,0.0000
1480.0,F3,7.00,29.7623,28.4497,28.3538,6.2718,0.7282,0.3226,1,0.0000
1481.0,F3,7.00,29.7665,28.4575,28.3619,6.2799,0.7201,0.3226,1,0.0000
1482.0,F3,7.00,29.7708,28.4618,28.3661,6.2841,0.7159,0.3226,1,0.0000
1483.0,F3,7.00,29.7728,28.4661,28.3719,6.2899,0.7101,0.3226,1,0.0000
1484.0,F3,7.00,29.7763,28.4720,28.3785,6.2965,0.7035,0.3226,1,0.0000
1485.0,F3,7.00,29.7827,28.4742,28.3822,6.3002,0.6998,0.3226,1,0.0000
1486.0,F3,7.00,29.7892,28.4797,28.3904,6.3083,0.6917,0.3226,1,0.0000
1487.0,F3,7.00,29.7930,28.4854,28.3968,6.3148,0.6852,0.3226,1,0.0000
1488.0,F3,7.00,29.7929,28.4866,28.4008,6.3188,0.6812,0.3226,1,0.0000
1489.0,F3,7.00,29.7904,28.4911,28.4056,6.3236,0.6764,0.3226,1,0.0000
1490.0,F3,7.00,29.7908,28.4899,28.4066,6.3246,0.6754,0.2992,1,0.0000
1491.0,F3,7.00,29.7946,28.4909,28.4038,6.3218,0.6782,0.2992,1,0.0000
1492.0,F3,7.00,29.7917,28.4865,28.3993,6.3173,0.6827,0.2992,1,0.0000
1493.0,F3,7.00,29.7737,28.4744,28.3850,6.3030,0.6970,0.2992,1,0.0000
1494.0,F3,7.00,29.7576,28.4640,28.3739,6.2919,0.7081,0.2992,1,0.0000
1495.0,F3,7.00,29.7493,28.4595,28.3730,6.2910,0.7090,0.2992,1,0.0000
1496.0,F3,7.00,29.7504,28.4623,28.3797,6.2977,0.7023,0.2992,1,0.0000
1497.0,F3,7.00,29.7491,28.4659,28.3861,6.3041,0.6959,0.2992,1,0.0000
1498.0,F3,7.00,29.7454,28.4637,28.3887,6.3067,0.6933,0.2992,1,0.0000
1499.0,F3,7.00,29.7358,28.4647,28.3896,6.3076,0.6924,0.2992,1,0.0000
1500.0,F3,7.00,29.7303,28.4619,28.3903,6.3083,0.6917,0.3064,1,0.0000
1501.0,F3,7.00,29.7208,28.4597,28.3859,6.3039,0.6961,0.3064,1,0.0000
1502.0,F3,7.00,29.7098,28.4557,28.3811,6.2991,0.7009,0.3064,1,0.0000
1503.0,F3,7.00,29.7007,28.4502,28.3735,6.2915,0.7085,0.3064,1,0.0000
1504.0,F3,7.00,29.6929,28.4417,28.3642,6.2822,0.7178,0.3064,1,0.0000
1505.0,F3,7.00,29.6828,28.4347,28.3542,6.2722,0.7278,0.3064,1,0.0000
1506.0,F3,7.00,29.6750,28.4283,28.3540,6.2720,0.7280,0.3064,1,0.0000
1507.0,F3,7.00,29.6637,28.4226,28.3492,6.2672,0.7328,0.3064,1,0.0000
1508.0,F3,7.00,29.6545,28.4202,28.3469,6.2649,0.7351,0.3064,1,0.0000
1509.0,F3,7.00,29.6465,28.4166,28.3469,6.2649,0.7351,0.3064,1,0.0000
1510.0,F3,7.00,29.6356,28.4148,28.3451,6.2631,0.7369,0.3264,1,0.0000
1511.0,F3,7.00,29.6334,28.4145,28.3445,6.2625,0.7375,0.3264,1,0.0000
1512.0,F3,7.00,29.6329,28.4131,28.3490,6.2670,0.7330,0.3264,1,0.0000
1513.0,F3,7.00,29.6332,28.4144,28.3510,6.2690,0.7310,0.3264,1,0.0000
1514.0,F3,7.00,29.6334,28.4154,28.3539,6.2719,0.7281,0.3264,1,0.0000
1515.0,F3,7.00,29.6377,28.4185,28.3538,6.2718,0.7282,0.3264,1,0.0000
1516.0,F3,7.00,29.6387,28.4171,28.3575,6.2755,0.7245,0.3264,1,0.0000
1517.0,F3,7.00,29.6366,28.4186,28.3597,6.2777,0.7223,0.3264,1,0.0000
1518.0,F3,7.00,29.6301,28.4131,28.3597,6.2777,0.7223,0.3264,1,0.0000
1519.0,F3,7.00,29.6255,28.4095,28.3588,6.2768,0.7232,0.3264,1,0.0000
1520.0,F3,7.00,29.6178,28.4063,28.3576,6.2756,0.7244,0.3209,1,0.0000
1521.0,F3,7.00,29.6127,28.4049,28.3553,6.2733,0.7267,0.3209,1,0.0000
1522.0,F3,7.00,29.6067,28.4026,28.3556,6.2736,0.7264,0.3209,1,0.0000
1523.0,F3,7.00,29.6066,28.4042,28.3563,6.2743,0.7257,0.3209,1,0.0000
1524.0,F3,7.00,29.6076,28.4027,28.3539,6.2719,0.7281,0.3209,1,0.0000
1525.0,F3,7.00,29.6089,28.4048,28.3526,6.2706,0.7294,0.3209,1,0.0000
1526.0,F3,7.00,29.6133,28.4078,28.3535,6.2715,0.7285,0.3209,1,0.0000
1527.0,F3,7.00,29.6156,28.4063,28.3545,6.2725,0.7275,0.3209,1,0.0000
1528.0,F3,7.00,29.6151,28.4088,28.3553,6.2733,0.7267,0.3209,1,0.0000
1529.0,F3,7.00,29.6137,28.4090,28.3574,6.2754,0.7246,0.3209,1,0.0000
1530.0,F3,7.00,29.6168,28.4091,28.3582,6.2762,0.7238,0.3206,1,0.0000
1531.0,F3,7.00,29.6197,28.4095,28.3602,6.2782,0.7218,0.3206,1,0.0000
1532.0,F3,7.00,29.6239,28.4111,28.3587,6.2767,0.7233,0.3206,1,0.0000
1533.0,F3,7.00,29.6281,28.4155,28.3638,6.2818,0.7182,0.3206,1,0.0000
1534.0,F3,7.00,29.6310,28.4189,28.3639,6.2819,0.7181,0.3206,1,0.0000
1535.0,F3,7.00,29.6364,28.4204,28.3645,6.2825,0.7175,0.3206,1,0.0000
1536.0,F3,7.00,29.6320,28.4206,28.3636,6.2816,0.7184,0.3206,0,0.0000
1537.0,F3,7.00,29.6261,28.4166,28.3600,6.2780,0.7220,0.3206,0,0.0000
1538.0,F3,7.00,29.6140,28.4095,28.3561,6.2741,0.7259,0.3206,0,0.0000
1539.0,F3,7.00,29.6080,28.4048,28.3550,6.2730,0.7270,0.3206,0,0.0000
1540.0,F3,7.00,29.6104,28.4027,28.3525,6.2705,0.7295,0.3232,0,0.0000
1541.0,F3,7.00,29.6031,28.4009,28.3429,6.2609,0.7391,0.3232,0,0.0000
1542.0,F3,7.00,29.5880,28.3926,28.3380,6.2560,0.7440,0.3232,0,0.0000
1543.0,F3,7.00,29.5701,28.3839,28.3328,6.2508,0.7492,0.3232,0,0.0000
1544.0,F3,7.00,29.5672,28.3789,28.3336,6.2516,0.7484,0.3232,0,0.0000
1545.0,F3,7.00,29.5748,28.3817,28.3357,6.2537,0.7463,0.3232,0,0.0000
1546.0,F3,7.00,29.5817,28.3851,28.3369,6.2549,0.7451,0.3232,0,0.0000
1547.0,F3,7.00,29.5837,28.3844,28.3380,6.2560,0.7440,0.3232,0,0.0000
1548.0,F3,7.00,29.5798,28.3873,28.3364,6.2544,0.7456,0.3232,0,0.0000
1549.0,F3,7.00,29.5763,28.3859,28.3380,6.2560,0.7440,0.3232,0,0.0000
1550.0,F3,7.00,29.5753,28.3882,28.3412,6.2592,0.7408,0.3282,0,0.0000
1551.0,F3,7.00,29.5680,28.3834,28.3374,6.2554,0.7446,0.3282,0,0.0000
1552.0,F3,7.00,29.5595,28.3760,28.3310,6.2490,0.7510,0.3282,0,0.0000
1553.0,F3,7.00,29.5524,28.3735,28.3283,6.2463,0.7537,0.3282,0,0.0000
1554.0,F3,7.00,29.5455,28.3694,28.3235,6.2415,0.7585,0.3282,0,0.0000
1555.0,F3,7.00,29.5423,28.3639,28.3173,6.2353,0.7647,0.3282,0,0.0000
1556.0,F3,7.00,29.5377,28.3591,28.3056,6.2236,0.7764,0.3282,0,0.0000
1557.0,F3,7.00,29.5335,28.3544,28.2990,6.2169,0.7831,0.3282,0,0.0000
1558.0,F3,7.00,29.5330,28.3542,28.2968,6.2148,0.7852,0.3282,0,0.0000
1559.0,F3,7.00,29.5335,28.3507,28.2950,6.2130,0.7870,0.3282,0,0.0000
1560.0,F3,7.00,29.5334,28.3453,28.2896,6.2076,0.7924,0.3510,0,0.0000
# F3,method=6,r=7.00,t_phase=480,e_ss=0.732,IAE=365.08,ISE=285.81,TV=0.720,n_on=477,n_h=3577.5,t5=not_reached,c_p=-0.518,c_pp=0.644,E=310.5
# END
