> ?
# method=9,KR=0.3990,TI=168.0,KI=0.00000,H=0.50,L=0.0,DELTA_T=16.60,T_P=307,CTRL_CH=2,T_amb=23.231
> M 10
# method=10,KR=0.3990,TI=168.0,KI=0.00000,H=0.50,L=0.0,DELTA_T=16.60,T_P=307,CTRL_CH=2,T_amb=23.231
> R
# START,method=10,KR=0.3990,TI=168.0,KI=0.00000,H=0.50,L=0.0,DELTA_T=16.60,T_P=307,CTRL_CH=2,T_amb=23.231
t_s,phase,r,T1,T2,T3,c,e,u,heater,I_term
0.0,AP,5.00,24.0079,23.9358,24.0880,0.8570,4.1430,1.0000,1,0.0000
1.0,AP,5.00,24.0049,23.9325,24.0898,0.8588,4.1412,1.0000,1,0.0000
2.0,AP,5.00,24.0051,23.9340,24.0883,0.8573,4.1427,1.0000,1,0.0000
3.0,AP,5.00,24.0038,23.9317,24.0879,0.8569,4.1431,1.0000,1,0.0000
4.0,AP,5.00,24.0080,23.9286,24.0892,0.8582,4.1418,1.0000,1,0.0000
5.0,AP,5.00,24.0173,23.9313,24.0850,0.8540,4.1460,1.0000,1,0.0000
6.0,AP,5.00,24.0338,23.9294,24.0826,0.8516,4.1484,1.0000,1,0.0000
7.0,AP,5.00,24.0543,23.9289,24.0804,0.8494,4.1506,1.0000,1,0.0000
8.0,AP,5.00,24.0936,23.9295,24.0827,0.8517,4.1483,1.0000,1,0.0000
9.0,AP,5.00,24.1355,23.9355,24.0828,0.8518,4.1482,1.0000,1,0.0000
10.0,AP,5.00,24.1861,23.9365,24.0867,0.8557,4.1443,1.0000,1,0.0000
11.0,AP,5.00,24.2405,23.9388,24.0885,0.8575,4.1425,1.0000,1,0.0000
12.0,AP,5.00,24.3026,23.9469,24.0908,0.8598,4.1402,1.0000,1,0.0000
13.0,AP,5.00,24.3639,23.9544,24.0922,0.8612,4.1388,1.0000,1,0.0000
14.0,AP,5.00,24.4320,23.9671,24.1068,0.8758,4.1242,1.0000,1,0.0000
15.0,AP,5.00,24.5016,23.9803,24.1127,0.8817,4.1183,1.0000,1,0.0000
16.0,AP,5.00,24.5782,23.9938,24.1173,0.8863,4.1137,1.0000,1,0.0000
17.0,AP,5.00,24.6540,24.0096,24.1212,0.8902,4.1098,1.0000,1,0.0000
18.0,AP,5.00,24.7351,24.0313,24.1233,0.8923,4.1077,1.0000,1,0.0000
19.0,AP,5.00,24.8087,24.0475,24.1384,0.9074,4.0926,1.0000,1,0.0000
20.0,AP,5.00,24.8965,24.0724,24.1370,0.9060,4.0940,1.0000,1,0.0000
21.0,AP,5.00,24.9706,24.0983,24.1467,0.9157,4.0843,1.0000,1,0.0000
22.0,AP,5.00,25.0602,24.1220,24.1541,0.9231,4.0769,1.0000,1,0.0000
23.0,AP,5.00,25.1277,24.1526,24.1699,0.9389,4.0611,1.0000,1,0.0000
24.0,AP,5.00,25.2040,24.1810,24.1873,0.9563,4.0437,1.0000,1,0.0000
25.0,AP,5.00,25.2843,24.2091,24.1962,0.9652,4.0348,1.0000,1,0.0000
26.0,AP,5.00,25.3596,24.2431,24.2104,0.9794,4.0206,1.0000,1,0.0000
27.0,AP,5.00,25.4384,24.2723,24.2201,0.9891,4.0109,1.0000,1,0.0000
28.0,AP,5.00,25.5172,24.3041,24.2075,0.9765,4.0235,1.0000,1,0.0000
29.0,AP,5.00,25.5945,24.3359,24.2155,0.9845,4.0155,1.0000,1,0.0000
30.0,AP,5.00,25.6769,24.3664,24.2233,0.9923,4.0077,1.0000,1,0.0000
31.0,AP,5.00,25.7535,24.3975,24.2336,1.0026,3.9974,1.0000,1,0.0000
32.0,AP,5.00,25.8300,24.4310,24.2528,1.0218,3.9782,1.0000,1,0.0000
33.0,AP,5.00,25.9108,24.4692,24.2708,1.0398,3.9602,1.0000,1,0.0000
34.0,AP,5.00,26.0086,24.5059,24.2811,1.0501,3.9499,1.0000,1,0.0000
35.0,AP,5.00,26.0948,24.5465,24.2929,1.0619,3.9381,1.0000,1,0.0000
36.0,AP,5.00,26.1719,24.5830,24.3165,1.0855,3.9145,1.0000,1,0.0000
37.0,AP,5.00,26.2489,24.6219,24.3380,1.1070,3.8930,1.0000,1,0.0000
38.0,AP,5.00,26.3210,24.6649,24.3598,1.1288,3.8712,1.0000,1,0.0000
39.0,AP,5.00,26.4044,24.7038,24.3828,1.1518,3.8482,1.0000,1,0.0000
40.0,AP,5.00,26.4856,24.7504,24.4037,1.1727,3.8273,1.0000,1,0.0000
41.0,AP,5.00,26.5714,24.7923,24.4442,1.2132,3.7868,1.0000,1,0.0000
42.0,AP,5.00,26.6611,24.8385,24.4659,1.2348,3.7652,1.0000,1,0.0000
43.0,AP,5.00,26.7487,24.8811,24.4914,1.2604,3.7396,1.0000,1,0.0000
44.0,AP,5.00,26.8289,24.9255,24.5164,1.2854,3.7146,1.0000,1,0.0000
45.0,AP,5.00,26.9074,24.9674,24.5495,1.3185,3.6815,1.0000,1,0.0000
46.0,AP,5.00,26.9913,25.0181,24.5742,1.3432,3.6568,1.0000,1,0.0000
47.0,AP,5.00,27.0675,25.0609,24.6023,1.3713,3.6287,1.0000,1,0.0000
48.0,AP,5.00,27.1392,25.1058,24.6264,1.3954,3.6046,1.0000,1,0.0000
49.0,AP,5.00,27.2056,25.1530,24.6548,1.4238,3.5762,1.0000,1,0.0000
50.0,AP,5.00,27.2778,25.1914,24.6937,1.4627,3.5373,1.0000,1,0.0000
51.0,AP,5.00,27.3545,25.2323,24.7241,1.4931,3.5069,1.0000,1,0.0000
52.0,AP,5.00,27.4215,25.2777,24.7531,1.5221,3.4779,1.0000,1,0.0000
53.0,AP,5.00,27.4940,25.3254,24.7851,1.5541,3.4459,1.0000,1,0.0000
54.0,AP,5.00,27.5615,25.3742,24.8186,1.5876,3.4124,1.0000,1,0.0000
55.0,AP,5.00,27.6355,25.4251,24.8639,1.6329,3.3671,1.0000,1,0.0000
56.0,AP,5.00,27.7143,25.4767,24.8953,1.6643,3.3357,1.0000,1,0.0000
57.0,AP,5.00,27.7991,25.5239,24.9352,1.7041,3.2959,1.0000,1,0.0000
58.0,AP,5.00,27.8790,25.5789,24.9706,1.7395,3.2605,1.0000,1,0.0000
59.0,AP,5.00,27.9533,25.6252,25.0184,1.7874,3.2126,1.0000,1,0.0000
60.0,AP,5.00,28.0250,25.6758,25.0591,1.8281,3.1719,0.9356,1,0.0000
61.0,AP,5.00,28.1039,25.7270,25.0939,1.8629,3.1371,0.9356,1,0.0000
62.0,AP,5.00,28.1718,25.7780,25.1298,1.8988,3.1012,0.9356,1,0.0000
63.0,AP,5.00,28.2388,25.8235,25.1659,1.9349,3.0651,0.9356,1,0.0000
64.0,AP,5.00,28.3069,25.8717,25.1906,1.9596,3.0404,0.9356,1,0.0000
65.0,AP,5.00,28.3847,25.9163,25.2148,1.9838,3.0162,0.9356,1,0.0000
66.0,AP,5.00,28.4507,25.9627,25.2527,2.0217,2.9783,0.9356,1,0.0000
67.0,AP,5.00,28.5169,26.0087,25.2845,2.0535,2.9465,0.9356,1,0.0000
68.0,AP,5.00,28.5761,26.0530,25.3219,2.0909,2.9091,0.9356,1,0.0000
69.0,AP,5.00,28.6204,26.0952,25.3554,2.1244,2.8756,0.9356,1,0.0000
70.0,AP,5.00,28.6682,26.1373,25.4037,2.1727,2.8273,0.8667,1,0.0000
71.0,AP,5.00,28.7218,26.1859,25.4490,2.2180,2.7820,0.8667,1,0.0000
72.0,AP,5.00,28.7815,26.2354,25.4854,2.2544,2.7456,0.8667,1,0.0000
73.0,AP,5.00,28.8533,26.2845,25.5257,2.2947,2.7053,0.8667,1,0.0000
74.0,AP,5.00,28.9174,26.3302,25.5684,2.3374,2.6626,0.8667,1,0.0000
75.0,AP,5.00,28.9821,26.3819,25.6100,2.3790,2.6210,0.8667,1,0.0000
76.0,AP,5.00,29.0414,26.4294,25.6600,2.4290,2.5710,0.8667,1,0.0000
77.0,AP,5.00,29.0989,26.4796,25.6985,2.4675,2.5325,0.8667,1,0.0000
78.0,AP,5.00,29.1566,26.5270,25.7362,2.5052,2.4948,0.8667,1,0.0000
79.0,AP,5.00,29.2142,26.5707,25.7793,2.5483,2.4517,0.8667,1,0.0000
80.0,AP,5.00,29.2849,26.6184,25.8184,2.5874,2.4126,0.7837,1,0.0000
81.0,AP,5.00,29.3243,26.6624,25.8603,2.6293,2.3707,0.7837,1,0.0000
82.0,AP,5.00,29.3624,26.7049,25.9032,2.6722,2.3278,0.7837,1,0.0000
83.0,AP,5.00,29.4091,26.7493,25.9584,2.7274,2.2726,0.7837,1,0.0000
84.0,AP,5.00,29.4589,26.7925,25.9971,2.7661,2.2339,0.7837,1,0.0000
85.0,AP,5.00,29.5009,26.8367,26.0400,2.8090,2.1910,0.7837,1,0.0000
86.0,AP,5.00,29.5304,26.8773,26.0810,2.8500,2.1500,0.7837,1,0.0000
87.0,AP,5.00,29.5687,26.9213,26.1228,2.8918,2.1082,0.7837,1,0.0000
88.0,AP,5.00,29.5862,26.9600,26.1627,2.9317,2.0683,0.7837,1,0.0000
89.0,AP,5.00,29.6209,27.0020,26.2057,2.9747,2.0253,0.7837,1,0.0000
90.0,AP,5.00,29.6549,27.0403,26.2441,3.0131,1.9869,0.6986,1,0.0000
91.0,AP,5.00,29.6874,27.0826,26.2861,3.0551,1.9449,0.6986,1,0.0000
92.0,AP,5.00,29.7291,27.1250,26.3250,3.0940,1.9060,0.6986,1,0.0000
93.0,AP,5.00,29.7729,27.1699,26.3725,3.1415,1.8585,0.6986,1,0.0000
94.0,AP,5.00,29.8177,27.2080,26.4128,3.1817,1.8183,0.6986,1,0.0000
95.0,AP,5.00,29.8577,27.2481,26.4548,3.2238,1.7762,0.6986,1,0.0000
96.0,AP,5.00,29.8947,27.2910,26.4965,3.2655,1.7345,0.6986,1,0.0000
97.0,AP,5.00,29.9480,27.3280,26.5366,3.3056,1.6944,0.6986,1,0.0000
98.0,AP,5.00,29.9854,27.3716,26.5808,3.3498,1.6502,0.6986,1,0.0000
99.0,AP,5.00,30.0212,27.4175,26.6304,3.3994,1.6006,0.6986,1,0.0000
100.0,AP,5.00,30.0557,27.4611,26.6743,3.4433,1.5567,0.6126,1,0.0000
101.0,AP,5.00,30.0860,27.5033,26.7169,3.4859,1.5141,0.6126,1,0.0000
102.0,AP,5.00,30.1193,27.5439,26.7773,3.5463,1.4537,0.6126,1,0.0000
103.0,AP,5.00,30.1538,27.5847,26.8237,3.5927,1.4073,0.6126,1,0.0000
104.0,AP,5.00,30.1891,27.6256,26.8687,3.6377,1.3623,0.6126,1,0.0000
105.0,AP,5.00,30.2235,27.6640,26.9085,3.6775,1.3225,0.6126,1,0.0000
106.0,AP,5.00,30.2570,27.6980,26.9489,3.7179,1.2821,0.6126,1,0.0000
107.0,AP,5.00,30.2829,27.7355,26.9935,3.7625,1.2375,0.6126,1,0.0000
108.0,AP,5.00,30.3111,27.7730,27.0359,3.8049,1.1951,0.6126,1,0.0000
109.0,AP,5.00,30.3465,27.8115,27.0782,3.8472,1.1528,0.6126,1,0.0000
110.0,AP,5.00,30.3829,27.8641,27.1208,3.8898,1.1102,0.5233,1,0.0000
111.0,AP,5.00,30.4195,27.9109,27.1586,3.9276,1.0724,0.5233,1,0.0000
112.0,AP,5.00,30.4516,27.9453,27.1973,3.9663,1.0337,0.5233,1,0.0000
113.0,AP,5.00,30.4856,27.9821,27.2435,4.0125,0.9875,0.5233,1,0.0000
114.0,AP,5.00,30.5198,28.0161,27.2867,4.0557,0.9443,0.5233,1,0.0000
115.0,AP,5.00,30.5608,28.0494,27.3261,4.0951,0.9049,0.5233,1,0.0000
116.0,AP,5.00,30.5818,28.0847,27.3637,4.1327,0.8673,0.5233,1,0.0000
117.0,AP,5.00,30.5991,28.1127,27.4018,4.1708,0.8292,0.5233,1,0.0000
118.0,AP,5.00,30.6187,28.1462,27.4407,4.2097,0.7903,0.5233,1,0.0000
119.0,AP,5.00,30.6396,28.1790,27.4792,4.2482,0.7518,0.5233,1,0.0000
120.0,AP,5.00,30.6492,28.2108,27.5168,4.2858,0.7142,0.4440,0,0.0000
121.0,AP,5.00,30.6638,28.2447,27.5556,4.3246,0.6754,0.4440,0,0.0000
122.0,AP,5.00,30.6711,28.2761,27.5952,4.3642,0.6358,0.4440,0,0.0000
123.0,AP,5.00,30.6706,28.3027,27.6335,4.4025,0.5975,0.4440,0,0.0000
124.0,AP,5.00,30.6745,28.3242,27.6665,4.4355,0.5645,0.4440,0,0.0000
125.0,AP,5.00,30.6799,28.3497,27.7027,4.4717,0.5283,0.4440,0,0.0000
126.0,AP,5.00,30.6859,28.3745,27.7292,4.4982,0.5018,0.4440,1,0.0000
127.0,AP,5.00,30.6974,28.4076,27.7601,4.5291,0.4709,0.4440,0,0.0000
128.0,AP,5.00,30.7068,28.4307,27.7915,4.5605,0.4395,0.4440,0,0.0000
129.0,AP,5.00,30.7115,28.4507,27.8222,4.5912,0.4088,0.4440,1,0.0000
130.0,AP,5.00,30.7148,28.4667,27.8454,4.6144,0.3856,0.3783,0,0.0000
131.0,AP,5.00,30.7239,28.4898,27.8752,4.6442,0.3558,0.3783,0,0.0000
132.0,AP,5.00,30.7333,28.5079,27.9079,4.6769,0.3231,0.3783,0,0.0000
133.0,AP,5.00,30.7397,28.5327,27.9376,4.7066,0.2934,0.3783,0,0.0000
134.0,AP,5.00,30.7413,28.5576,27.9668,4.7358,0.2642,0.3783,0,0.0000
135.0,AP,5.00,30.7418,28.5802,27.9983,4.7673,0.2327,0.3783,0,0.0000
136.0,AP,5.00,30.7387,28.5993,28.0305,4.7995,0.2005,0.3783,0,0.0000
137.0,AP,5.00,30.7386,28.6224,28.0628,4.8318,0.1682,0.3783,0,0.0000
138.0,AP,5.00,30.7388,28.6396,28.0890,4.8580,0.1420,0.3783,0,0.0000
139.0,AP,5.00,30.7399,28.6587,28.1113,4.8803,0.1197,0.3783,0,0.0000
# APPROACH done at t_s=140
140.0,F0,5.00,30.7292,28.6726,28.1379,4.9069,0.0931,0.3198,0,0.0000
141.0,F0,5.00,30.7286,28.6879,28.1631,4.9321,0.0679,0.3198,0,0.0000
142.0,F0,5.00,30.7281,28.7012,28.1839,4.9529,0.0471,0.3198,0,0.0000
143.0,F0,5.00,30.7299,28.7205,28.2087,4.9777,0.0223,0.3198,0,0.0000
144.0,F0,5.00,30.7376,28.7352,28.2338,5.0028,-0.0028,0.3198,0,0.0000
145.0,F0,5.00,30.7409,28.7505,28.2572,5.0262,-0.0262,0.3198,0,0.0000
146.0,F0,5.00,30.7441,28.7658,28.2865,5.0555,-0.0555,0.3198,0,0.0000
147.0,F0,5.00,30.7464,28.7786,28.3071,5.0761,-0.0761,0.3198,0,0.0000
148.0,F0,5.00,30.7504,28.7917,28.3336,5.1026,-0.1026,0.3198,0,0.0000
149.0,F0,5.00,30.7498,28.8095,28.3638,5.1328,-0.1328,0.3198,0,0.0000
150.0,F0,5.00,30.7500,28.8274,28.3932,5.1622,-0.1622,0.2688,0,0.0000
151.0,F0,5.00,30.7562,28.8469,28.4189,5.1879,-0.1879,0.2688,0,0.0000
152.0,F0,5.00,30.7567,28.8651,28.4475,5.2165,-0.2165,0.2688,0,0.0000
153.0,F0,5.00,30.7538,28.8892,28.4702,5.2392,-0.2392,0.2688,0,0.0000
154.0,F0,5.00,30.7496,28.9045,28.4938,5.2628,-0.2628,0.2688,0,0.0000
155.0,F0,5.00,30.7441,28.9159,28.5164,5.2854,-0.2854,0.2688,0,0.0000
156.0,F0,5.00,30.7365,28.9269,28.5397,5.3087,-0.3087,0.2688,0,0.0000
157.0,F0,5.00,30.7320,28.9333,28.5636,5.3326,-0.3326,0.2688,0,0.0000
158.0,F0,5.00,30.7209,28.9486,28.5914,5.3604,-0.3604,0.2688,0,0.0000
159.0,F0,5.00,30.7083,28.9559,28.6178,5.3868,-0.3868,0.2688,0,0.0000
160.0,F0,5.00,30.7025,28.9650,28.6420,5.4110,-0.4110,0.2190,0,0.0000
161.0,F0,5.00,30.7000,28.9736,28.6661,5.4351,-0.4351,0.2190,0,0.0000
162.0,F0,5.00,30.7064,28.9901,28.6878,5.4568,-0.4568,0.2190,0,0.0000
163.0,F0,5.00,30.7108,29.0106,28.7096,5.4786,-0.4786,0.2190,0,0.0000
164.0,F0,5.00,30.7109,29.0258,28.7285,5.4975,-0.4975,0.2190,0,0.0000
165.0,F0,5.00,30.7097,29.0404,28.7475,5.5165,-0.5165,0.2190,0,0.0000
166.0,F0,5.00,30.7110,29.0581,28.7662,5.5352,-0.5352,0.2190,0,0.0000
167.0,F0,5.00,30.7119,29.0780,28.7855,5.5545,-0.5545,0.2190,0,0.0000
168.0,F0,5.00,30.7151,29.0871,28.8030,5.5720,-0.5720,0.2190,0,0.0000
169.0,F0,5.00,30.7158,29.0966,28.8190,5.5880,-0.5880,0.2190,0,0.0000
170.0,F0,5.00,30.7110,29.1049,28.8378,5.6068,-0.6068,0.1798,0,0.0000
171.0,F0,5.00,30.7057,29.1110,28.8510,5.6200,-0.6200,0.1798,0,0.0000
172.0,F0,5.00,30.6940,29.1152,28.8674,5.6364,-0.6364,0.1798,0,0.0000
173.0,F0,5.00,30.6852,29.1223,28.8839,5.6529,-0.6529,0.1798,0,0.0000
174.0,F0,5.00,30.6777,29.1286,28.9012,5.6702,-0.6702,0.1798,0,0.0000
175.0,F0,5.00,30.6718,29.1367,28.9119,5.6809,-0.6809,0.1798,0,0.0000
176.0,F0,5.00,30.6668,29.1499,28.9272,5.6962,-0.6962,0.1798,0,0.0000
177.0,F0,5.00,30.6600,29.1550,28.9403,5.7093,-0.7093,0.1798,0,0.0000
178.0,F0,5.00,30.6570,29.1617,28.9528,5.7218,-0.7218,0.1798,0,0.0000
179.0,F0,5.00,30.6417,29.1698,28.9615,5.7305,-0.7305,0.1798,0,0.0000
180.0,F0,5.00,30.6277,29.1717,28.9749,5.7439,-0.7439,0.1524,0,0.0000
181.0,F0,5.00,30.6131,29.1758,28.9860,5.7550,-0.7550,0.1524,0,0.0000
182.0,F0,5.00,30.6072,29.1870,29.0022,5.7712,-0.7712,0.1524,0,0.0000
183.0,F0,5.00,30.5987,29.1911,29.0151,5.7841,-0.7841,0.1524,0,0.0000
184.0,F0,5.00,30.5959,29.1940,29.0288,5.7978,-0.7978,0.1524,0,0.0000
185.0,F0,5.00,30.5865,29.1966,29.0355,5.8045,-0.8045,0.1524,0,0.0000
186.0,F0,5.00,30.5779,29.2018,29.0475,5.8165,-0.8165,0.1524,1,0.0000
187.0,F0,5.00,30.5642,29.1989,29.0595,5.8285,-0.8285,0.1524,1,0.0000
188.0,F0,5.00,30.5560,29.2017,29.0665,5.8355,-0.8355,0.1524,1,0.0000
189.0,F0,5.00,30.5437,29.1978,29.0760,5.8450,-0.8450,0.1524,1,0.0000
190.0,F0,5.00,30.5253,29.2008,29.0851,5.8541,-0.8541,0.1304,1,0.0000
191.0,F0,5.00,30.5138,29.2026,29.0915,5.8605,-0.8605,0.1304,1,0.0000
192.0,F0,5.00,30.4952,29.1990,29.1002,5.8692,-0.8692,0.1304,1,0.0000
193.0,F0,5.00,30.4774,29.1991,29.1031,5.8721,-0.8721,0.1304,1,0.0000
194.0,F0,5.00,30.4604,29.1963,29.1101,5.8791,-0.8791,0.1304,1,0.0000
195.0,F0,5.00,30.4484,29.1923,29.1169,5.8859,-0.8859,0.1304,1,0.0000
196.0,F0,5.00,30.4286,29.1964,29.1282,5.8972,-0.8972,0.1304,1,0.0000
197.0,F0,5.00,30.4187,29.1966,29.1372,5.9062,-0.9062,0.1304,1,0.0000
198.0,F0,5.00,30.4055,29.2009,29.1444,5.9134,-0.9134,0.1304,1,0.0000
199.0,F0,5.00,30.3941,29.1966,29.1523,5.9213,-0.9213,0.1304,1,0.0000
200.0,F0,5.00,30.3813,29.2001,29.1581,5.9270,-0.9270,0.1158,1,0.0000
201.0,F0,5.00,30.3675,29.2001,29.1656,5.9346,-0.9346,0.1158,1,0.0000
202.0,F0,5.00,30.3524,29.1993,29.1691,5.9381,-0.9381,0.1158,1,0.0000
203.0,F0,5.00,30.3360,29.1986,29.1771,5.9461,-0.9461,0.1158,1,0.0000
204.0,F0,5.00,30.3241,29.1976,29.1826,5.9516,-0.9516,0.1158,1,0.0000
205.0,F0,5.00,30.3066,29.1976,29.1885,5.9575,-0.9575,0.1158,1,0.0000
206.0,F0,5.00,30.2946,29.1969,29.1930,5.9620,-0.9620,0.1158,1,0.0000
207.0,F0,5.00,30.2823,29.1889,29.1981,5.9671,-0.9671,0.1158,1,0.0000
208.0,F0,5.00,30.2672,29.1822,29.1998,5.9688,-0.9688,0.1158,1,0.0000
209.0,F0,5.00,30.2479,29.1791,29.2052,5.9742,-0.9742,0.1158,1,0.0000
210.0,F0,5.00,30.2323,29.1700,29.2066,5.9756,-0.9756,0.1061,1,0.0000
211.0,F0,5.00,30.2230,29.1623,29.2075,5.9765,-0.9765,0.1061,1,0.0000
212.0,F0,5.00,30.2106,29.1575,29.2084,5.9774,-0.9774,0.1061,1,0.0000
213.0,F0,5.00,30.1967,29.1509,29.2069,5.9759,-0.9759,0.1061,0,0.0000
214.0,F0,5.00,30.1814,29.1458,29.2086,5.9776,-0.9776,0.1061,0,0.0000
215.0,F0,5.00,30.1685,29.1385,29.2082,5.9772,-0.9772,0.1061,0,0.0000
216.0,F0,5.00,30.1509,29.1339,29.2089,5.9779,-0.9779,0.1061,0,0.0000
217.0,F0,5.00,30.1351,29.1293,29.2101,5.9791,-0.9791,0.1061,0,0.0000
218.0,F0,5.00,30.1197,29.1262,29.2098,5.9788,-0.9788,0.1061,0,0.0000
219.0,F0,5.00,30.1055,29.1195,29.2038,5.9728,-0.9728,0.1061,0,0.0000
220.0,F0,5.00,30.0959,29.1120,29.2021,5.9711,-0.9711,0.1070,0,0.0000
221.0,F0,5.00,30.0876,29.1100,29.1982,5.9672,-0.9672,0.1070,0,0.0000
222.0,F0,5.00,30.0741,29.1046,29.1985,5.9675,-0.9675,0.1070,0,0.0000
223.0,F0,5.00,30.0566,29.0983,29.1988,5.9678,-0.9678,0.1070,0,0.0000
224.0,F0,5.00,30.0421,29.0925,29.1988,5.9678,-0.9678,0.1070,0,0.0000
225.0,F0,5.00,30.0318,29.0852,29.1988,5.9678,-0.9678,0.1070,0,0.0000
226.0,F0,5.00,30.0179,29.0817,29.2016,5.9706,-0.9706,0.1070,0,0.0000
227.0,F0,5.00,30.0016,29.0734,29.2050,5.9740,-0.9740,0.1070,0,0.0000
228.0,F0,5.00,29.9858,29.0771,29.2034,5.9724,-0.9724,0.1070,0,0.0000
229.0,F0,5.00,29.9778,29.0797,29.2030,5.9720,-0.9720,0.1070,0,0.0000
230.0,F0,5.00,29.9677,29.0760,29.2023,5.9713,-0.9713,0.1069,0,0.0000
231.0,F0,5.00,29.9584,29.0731,29.2016,5.9706,-0.9706,0.1069,0,0.0000
232.0,F0,5.00,29.9478,29.0740,29.2025,5.9715,-0.9715,0.1069,0,0.0000
233.0,F0,5.00,29.9447,29.0715,29.2021,5.9711,-0.9711,0.1069,0,0.0000
234.0,F0,5.00,29.9375,29.0677,29.2008,5.9698,-0.9698,0.1069,0,0.0000
235.0,F0,5.00,29.9301,29.0661,29.1962,5.9652,-0.9652,0.1069,0,0.0000
236.0,F0,5.00,29.9227,29.0649,29.1977,5.9667,-0.9667,0.1069,0,0.0000
237.0,F0,5.00,29.9147,29.0590,29.1947,5.9637,-0.9637,0.1069,0,0.0000
238.0,F0,5.00,29.9018,29.0533,29.1926,5.9616,-0.9616,0.1069,0,0.0000
239.0,F0,5.00,29.8911,29.0473,29.1904,5.9594,-0.9594,0.1069,0,0.0000
240.0,F0,5.00,29.8804,29.0424,29.1919,5.9609,-0.9609,0.1090,0,0.0000
241.0,F0,5.00,29.8658,29.0349,29.1900,5.9590,-0.9590,0.1090,0,0.0000
242.0,F0,5.00,29.8481,29.0306,29.1880,5.9570,-0.9570,0.1090,0,0.0000
243.0,F0,5.00,29.8349,29.0309,29.1820,5.9510,-0.9510,0.1090,0,0.0000
244.0,F0,5.00,29.8287,29.0259,29.1803,5.9493,-0.9493,0.1090,0,0.0000
245.0,F0,5.00,29.8170,29.0201,29.1733,5.9423,-0.9423,0.1090,0,0.0000
246.0,F0,5.00,29.8046,29.0121,29.1713,5.9403,-0.9403,0.1090,0,0.0000
247.0,F0,5.00,29.7945,29.0067,29.1678,5.9368,-0.9368,0.1090,0,0.0000
248.0,F0,5.00,29.7834,28.9981,29.1652,5.9342,-0.9342,0.1090,0,0.0000
249.0,F0,5.00,29.7735,28.9906,29.1635,5.9325,-0.9325,0.1090,0,0.0000
250.0,F0,5.00,29.7631,28.9818,29.1595,5.9285,-0.9285,0.1155,0,0.0000
251.0,F0,5.00,29.7542,28.9691,29.1504,5.9194,-0.9194,0.1155,0,0.0000
252.0,F0,5.00,29.7387,28.9578,29.1394,5.9084,-0.9084,0.1155,0,0.0000
253.0,F0,5.00,29.7252,28.9441,29.1321,5.9011,-0.9011,0.1155,0,0.0000
254.0,F0,5.00,29.7210,28.9321,29.1243,5.8933,-0.8933,0.1155,0,0.0000
255.0,F0,5.00,29.7095,28.9277,29.1186,5.8876,-0.8876,0.1155,0,0.0000
256.0,F0,5.00,29.6996,28.9207,29.1115,5.8805,-0.8805,0.1155,0,0.0000
257.0,F0,5.00,29.6967,28.9187,29.1108,5.8798,-0.8798,0.1155,0,0.0000
258.0,F0,5.00,29.6931,28.9117,29.1077,5.8767,-0.8767,0.1155,0,0.0000
259.0,F0,5.00,29.6843,28.9122,29.1062,5.8752,-0.8752,0.1155,0,0.0000
260.0,F0,5.00,29.6793,28.9082,29.1029,5.8719,-0.8719,0.1268,0,0.0000
261.0,F0,5.00,29.6717,28.9055,29.0992,5.8682,-0.8682,0.1268,0,0.0000
262.0,F0,5.00,29.6628,28.8990,29.0952,5.8642,-0.8642,0.1268,0,0.0000
263.0,F0,5.00,29.6533,28.8954,29.0914,5.8604,-0.8604,0.1268,0,0.0000
264.0,F0,5.00,29.6441,28.8937,29.0842,5.8532,-0.8532,0.1268,0,0.0000
265.0,F0,5.00,29.6392,28.8909,29.0815,5.8505,-0.8505,0.1268,0,0.0000
266.0,F0,5.00,29.6315,28.8858,29.0751,5.8441,-0.8441,0.1268,0,0.0000
267.0,F0,5.00,29.6252,28.8829,29.0697,5.8387,-0.8387,0.1268,0,0.0000
268.0,F0,5.00,29.6237,28.8760,29.0648,5.8338,-0.8338,0.1268,0,0.0000
269.0,F0,5.00,29.6182,28.8732,29.0563,5.8253,-0.8253,0.1268,0,0.0000
270.0,F0,5.00,29.6102,28.8603,29.0479,5.8169,-0.8169,0.1378,0,0.0000
271.0,F0,5.00,29.6000,28.8540,29.0422,5.8112,-0.8112,0.1378,0,0.0000
272.0,F0,5.00,29.5881,28.8482,29.0383,5.8073,-0.8073,0.1378,0,0.0000
273.0,F0,5.00,29.5850,28.8410,29.0323,5.8013,-0.8013,0.1378,0,0.0000
274.0,F0,5.00,29.5820,28.8359,29.0238,5.7928,-0.7928,0.1378,0,0.0000
275.0,F0,5.00,29.5742,28.8320,29.0195,5.7885,-0.7885,0.1378,0,0.0000
276.0,F0,5.00,29.5677,28.8265,29.0146,5.7836,-0.7836,0.1378,0,0.0000
277.0,F0,5.00,29.5573,28.8194,29.0132,5.7822,-0.7822,0.1378,0,0.0000
278.0,F0,5.00,29.5489,28.8070,29.0036,5.7726,-0.7726,0.1378,0,0.0000
279.0,F0,5.00,29.5361,28.7974,28.9955,5.7645,-0.7645,0.1378,0,0.0000
280.0,F0,5.00,29.5224,28.7847,28.9908,5.7598,-0.7598,0.1493,0,0.0000
281.0,F0,5.00,29.5102,28.7739,28.9821,5.7511,-0.7511,0.1493,0,0.0000
282.0,F0,5.00,29.5005,28.7668,28.9774,5.7464,-0.7464,0.1493,0,0.0000
283.0,F0,5.00,29.4984,28.7615,28.9734,5.7424,-0.7424,0.1493,0,0.0000
284.0,F0,5.00,29.4973,28.7578,28.9687,5.7377,-0.7377,0.1493,0,0.0000
285.0,F0,5.00,29.4927,28.7575,28.9651,5.7341,-0.7341,0.1493,0,0.0000
286.0,F0,5.00,29.4933,28.7545,28.9612,5.7302,-0.7302,0.1493,0,0.0000
287.0,F0,5.00,29.4921,28.7513,28.9580,5.7270,-0.7270,0.1493,0,0.0000
288.0,F0,5.00,29.4893,28.7473,28.9535,5.7225,-0.7225,0.1493,0,0.0000
289.0,F0,5.00,29.4857,28.7436,28.9471,5.7161,-0.7161,0.1493,0,0.0000
290.0,F0,5.00,29.4777,28.7405,28.9417,5.7106,-0.7106,0.1591,0,0.0000
291.0,F0,5.00,29.4730,28.7375,28.9353,5.7043,-0.7043,0.1591,0,0.0000
292.0,F0,5.00,29.4677,28.7338,28.9284,5.6974,-0.6974,0.1591,0,0.0000
293.0,F0,5.00,29.4589,28.7302,28.9238,5.6928,-0.6928,0.1591,0,0.0000
294.0,F0,5.00,29.4595,28.7236,28.9199,5.6889,-0.6889,0.1591,0,0.0000
295.0,F0,5.00,29.4512,28.7241,28.9158,5.6848,-0.6848,0.1591,0,0.0000
296.0,F0,5.00,29.4534,28.7171,28.9118,5.6808,-0.6808,0.1591,0,0.0000
297.0,F0,5.00,29.4495,28.7142,28.9029,5.6719,-0.6719,0.1591,0,0.0000
298.0,F0,5.00,29.4449,28.7083,28.8979,5.6669,-0.6669,0.1591,0,0.0000
299.0,F0,5.00,29.4439,28.7049,28.8949,5.6639,-0.6639,0.1591,0,0.0000
300.0,F0,5.00,29.4373,28.6985,28.8907,5.6597,-0.6597,0.1693,0,0.0000
301.0,F0,5.00,29.4355,28.6917,28.8837,5.6527,-0.6527,0.1693,0,0.0000
302.0,F0,5.00,29.4270,28.6875,28.8821,5.6511,-0.6511,0.1693,0,0.0000
303.0,F0,5.00,29.4291,28.6829,28.8745,5.6435,-0.6435,0.1693,0,0.0000
304.0,F0,5.00,29.4275,28.6769,28.8682,5.6372,-0.6372,0.1693,0,0.0000
305.0,F0,5.00,29.4197,28.6760,28.8614,5.6304,-0.6304,0.1693,0,0.0000
306.0,F0,5.00,29.4152,28.6651,28.8578,5.6268,-0.6268,0.1693,0,0.0000
307.0,F0,5.00,29.4154,28.6666,28.8524,5.6214,-0.6214,0.1693,0,0.0000
308.0,F0,5.00,29.4076,28.6596,28.8495,5.6185,-0.6185,0.1693,0,0.0000
309.0,F0,5.00,29.4091,28.6533,28.8422,5.6112,-0.6112,0.1693,0,0.0000
310.0,F0,5.00,29.4013,28.6485,28.8391,5.6081,-0.6081,0.1796,0,0.0000
311.0,F0,5.00,29.3995,28.6463,28.8317,5.6007,-0.6007,0.1796,0,0.0000
312.0,F0,5.00,29.3990,28.6412,28.8270,5.5960,-0.5960,0.1796,0,0.0000
313.0,F0,5.00,29.3921,28.6338,28.8203,5.5893,-0.5893,0.1796,0,0.0000
314.0,F0,5.00,29.3863,28.6245,28.8093,5.5783,-0.5783,0.1796,0,0.0000
315.0,F0,5.00,29.3753,28.6126,28.7968,5.5658,-0.5658,0.1796,0,0.0000
316.0,F0,5.00,29.3682,28.6051,28.7870,5.5560,-0.5560,0.1796,0,0.0000
317.0,F0,5.00,29.3558,28.5937,28.7769,5.5459,-0.5459,0.1796,0,0.0000
318.0,F0,5.00,29.3554,28.5870,28.7735,5.5425,-0.5425,0.1796,0,0.0000
319.0,F0,5.00,29.3543,28.5836,28.7642,5.5332,-0.5332,0.1796,0,0.0000
320.0,F0,5.00,29.3591,28.5774,28.7598,5.5288,-0.5288,0.1955,0,0.0000
321.0,F0,5.00,29.3608,28.5778,28.7574,5.5264,-0.5264,0.1955,0,0.0000
322.0,F0,5.00,29.3644,28.5770,28.7543,5.5233,-0.5233,0.1955,0,0.0000
323.0,F0,5.00,29.3698,28.5756,28.7539,5.5229,-0.5229,0.1955,0,0.0000
324.0,F0,5.00,29.3696,28.5771,28.7524,5.5214,-0.5214,0.1955,0,0.0000
325.0,F0,5.00,29.3747,28.5750,28.7476,5.5166,-0.5166,0.1955,0,0.0000
326.0,F0,5.00,29.3780,28.5752,28.7433,5.5123,-0.5123,0.1955,0,0.0000
327.0,F0,5.00,29.3802,28.5762,28.7457,5.5147,-0.5147,0.1955,0,0.0000
328.0,F0,5.00,29.3806,28.5725,28.7390,5.5080,-0.5080,0.1955,0,0.0000
329.0,F0,5.00,29.3745,28.5695,28.7370,5.5060,-0.5060,0.1955,0,0.0000
330.0,F0,5.00,29.3685,28.5644,28.7329,5.5019,-0.5019,0.2008,0,0.0000
331.0,F0,5.00,29.3698,28.5612,28.7264,5.4954,-0.4954,0.2008,0,0.0000
332.0,F0,5.00,29.3650,28.5558,28.7212,5.4902,-0.4902,0.2008,0,0.0000
333.0,F0,5.00,29.3676,28.5544,28.7177,5.4867,-0.4867,0.2008,0,0.0000
334.0,F0,5.00,29.3675,28.5555,28.7165,5.4855,-0.4855,0.2008,0,0.0000
335.0,F0,5.00,29.3701,28.5528,28.7137,5.4827,-0.4827,0.2008,0,0.0000
336.0,F0,5.00,29.3687,28.5544,28.7114,5.4804,-0.4804,0.2008,0,0.0000
337.0,F0,5.00,29.3707,28.5522,28.7101,5.4791,-0.4791,0.2008,0,0.0000
338.0,F0,5.00,29.3736,28.5547,28.7109,5.4799,-0.4799,0.2008,0,0.0000
339.0,F0,5.00,29.3746,28.5540,28.7089,5.4779,-0.4779,0.2008,0,0.0000
340.0,F0,5.00,29.3754,28.5548,28.7083,5.4773,-0.4773,0.2057,0,0.0000
341.0,F0,5.00,29.3756,28.5558,28.7084,5.4774,-0.4774,0.2057,0,0.0000
342.0,F0,5.00,29.3784,28.5534,28.7011,5.4701,-0.4701,0.2057,0,0.0000
343.0,F0,5.00,29.3763,28.5511,28.6975,5.4665,-0.4665,0.2057,0,0.0000
344.0,F0,5.00,29.3755,28.5519,28.6948,5.4638,-0.4638,0.2057,0,0.0000
345.0,F0,5.00,29.3769,28.5499,28.6888,5.4578,-0.4578,0.2057,0,0.0000
346.0,F0,5.00,29.3734,28.5449,28.6860,5.4550,-0.4550,0.2057,0,0.0000
347.0,F0,5.00,29.3719,28.5423,28.6860,5.4550,-0.4550,0.2057,0,0.0000
348.0,F0,5.00,29.3687,28.5386,28.6840,5.4530,-0.4530,0.2057,0,0.0000
349.0,F0,5.00,29.3670,28.5358,28.6816,5.4506,-0.4506,0.2057,0,0.0000
350.0,F0,5.00,29.3717,28.5398,28.6802,5.4492,-0.4492,0.2114,0,0.0000
351.0,F0,5.00,29.3723,28.5365,28.6786,5.4476,-0.4476,0.2114,0,0.0000
352.0,F0,5.00,29.3741,28.5367,28.6709,5.4399,-0.4399,0.2114,0,0.0000
353.0,F0,5.00,29.3733,28.5335,28.6681,5.4371,-0.4371,0.2114,0,0.0000
354.0,F0,5.00,29.3726,28.5289,28.6573,5.4263,-0.4263,0.2114,0,0.0000
355.0,F0,5.00,29.3691,28.5245,28.6523,5.4213,-0.4213,0.2114,0,0.0000
356.0,F0,5.00,29.3596,28.5223,28.6425,5.4115,-0.4115,0.2114,0,0.0000
357.0,F0,5.00,29.3515,28.5195,28.6363,5.4053,-0.4053,0.2114,0,0.0000
358.0,F0,5.00,29.3455,28.5194,28.6383,5.4073,-0.4073,0.2114,0,0.0000
359.0,F0,5.00,29.3404,28.5176,28.6418,5.4108,-0.4108,0.2114,0,0.0000
360.0,F0,5.00,29.3455,28.5197,28.6438,5.4128,-0.4128,0.2187,0,0.0000
361.0,F0,5.00,29.3488,28.5197,28.6413,5.4103,-0.4103,0.2187,0,0.0000
362.0,F0,5.00,29.3509,28.5189,28.6436,5.4126,-0.4126,0.2187,0,0.0000
363.0,F0,5.00,29.3529,28.5193,28.6424,5.4114,-0.4114,0.2187,0,0.0000
364.0,F0,5.00,29.3536,28.5157,28.6461,5.4151,-0.4151,0.2187,0,0.0000
365.0,F0,5.00,29.3522,28.5173,28.6459,5.4149,-0.4149,0.2187,0,0.0000
366.0,F0,5.00,29.3547,28.5175,28.6478,5.4168,-0.4168,0.2187,0,0.0000
367.0,F0,5.00,29.3575,28.5160,28.6513,5.4203,-0.4203,0.2187,0,0.0000
368.0,F0,5.00,29.3627,28.5189,28.6512,5.4202,-0.4202,0.2187,1,0.0000
369.0,F0,5.00,29.3643,28.5150,28.6503,5.4193,-0.4193,0.2187,1,0.0000
370.0,F0,5.00,29.3618,28.5193,28.6481,5.4171,-0.4171,0.2178,1,0.0000
371.0,F0,5.00,29.3638,28.5154,28.6462,5.4152,-0.4152,0.2178,1,0.0000
372.0,F0,5.00,29.3638,28.5128,28.6400,5.4090,-0.4090,0.2178,1,0.0000
373.0,F0,5.00,29.3606,28.5094,28.6420,5.4110,-0.4110,0.2178,1,0.0000
374.0,F0,5.00,29.3618,28.5070,28.6430,5.4120,-0.4120,0.2178,1,0.0000
375.0,F0,5.00,29.3642,28.5049,28.6453,5.4143,-0.4143,0.2178,1,0.0000
376.0,F0,5.00,29.3671,28.5052,28.6464,5.4154,-0.4154,0.2178,1,0.0000
377.0,F0,5.00,29.3727,28.5020,28.6460,5.4150,-0.4150,0.2178,1,0.0000
378.0,F0,5.00,29.3813,28.5025,28.6456,5.4146,-0.4146,0.2178,1,0.0000
379.0,F0,5.00,29.3788,28.4986,28.6476,5.4166,-0.4166,0.2178,1,0.0000
380.0,F0,5.00,29.3839,28.5057,28.6485,5.4175,-0.4175,0.2177,1,0.0000
381.0,F0,5.00,29.3848,28.5079,28.6476,5.4166,-0.4166,0.2177,1,0.0000
382.0,F0,5.00,29.3882,28.5076,28.6498,5.4188,-0.4188,0.2177,1,0.0000
383.0,F0,5.00,29.3922,28.5087,28.6487,5.4177,-0.4177,0.2177,1,0.0000
384.0,F0,5.00,29.3982,28.5124,28.6494,5.4184,-0.4184,0.2177,1,0.0000
385.0,F0,5.00,29.4001,28.5138,28.6502,5.4192,-0.4192,0.2177,1,0.0000
386.0,F0,5.00,29.4077,28.5157,28.6465,5.4155,-0.4155,0.2177,1,0.0000
387.0,F0,5.00,29.4112,28.5116,28.6453,5.4143,-0.4143,0.2177,1,0.0000
388.0,F0,5.00,29.4120,28.5148,28.6430,5.4120,-0.4120,0.2177,1,0.0000
389.0,F0,5.00,29.4143,28.5198,28.6414,5.4104,-0.4104,0.2177,1,0.0000
390.0,F0,5.00,29.4180,28.5209,28.6416,5.4106,-0.4106,0.2191,1,0.0000
391.0,F0,5.00,29.4189,28.5209,28.6431,5.4121,-0.4121,0.2191,1,0.0000
392.0,F0,5.00,29.4181,28.5190,28.6397,5.4087,-0.4087,0.2191,1,0.0000
393.0,F0,5.00,29.4198,28.5203,28.6402,5.4092,-0.4092,0.2191,1,0.0000
394.0,F0,5.00,29.4190,28.5174,28.6396,5.4086,-0.4086,0.2191,1,0.0000
395.0,F0,5.00,29.4169,28.5165,28.6389,5.4079,-0.4079,0.2191,1,0.0000
396.0,F0,5.00,29.4119,28.5128,28.6350,5.4040,-0.4040,0.2191,1,0.0000
397.0,F0,5.00,29.4079,28.5081,28.6341,5.4031,-0.4031,0.2191,1,0.0000
398.0,F0,5.00,29.4093,28.5059,28.6374,5.4064,-0.4064,0.2191,1,0.0000
399.0,F0,5.00,29.4098,28.5031,28.6375,5.4065,-0.4065,0.2191,1,0.0000
400.0,F0,5.00,29.4120,28.5042,28.6371,5.4061,-0.4061,0.2200,1,0.0000
401.0,F0,5.00,29.4141,28.5079,28.6374,5.4064,-0.4064,0.2200,1,0.0000
402.0,F0,5.00,29.4037,28.5094,28.6369,5.4059,-0.4059,0.2200,1,0.0000
403.0,F0,5.00,29.4073,28.5087,28.6338,5.4028,-0.4028,0.2200,1,0.0000
404.0,F0,5.00,29.4112,28.5060,28.6325,5.4015,-0.4015,0.2200,1,0.0000
405.0,F0,5.00,29.4149,28.5089,28.6284,5.3974,-0.3974,0.2200,1,0.0000
406.0,F0,5.00,29.4135,28.5076,28.6257,5.3947,-0.3947,0.2200,0,0.0000
407.0,F0,5.00,29.4110,28.5085,28.6246,5.3936,-0.3936,0.2200,0,0.0000
408.0,F0,5.00,29.4099,28.5105,28.6284,5.3974,-0.3974,0.2200,0,0.0000
409.0,F0,5.00,29.4142,28.5056,28.6287,5.3977,-0.3977,0.2200,0,0.0000
410.0,F0,5.00,29.4098,28.5042,28.6323,5.4013,-0.4013,0.2209,0,0.0000
411.0,F0,5.00,29.4107,28.5060,28.6304,5.3994,-0.3994,0.2209,0,0.0000
412.0,F0,5.00,29.4093,28.5086,28.6281,5.3971,-0.3971,0.2209,0,0.0000
413.0,F0,5.00,29.4150,28.5064,28.6269,5.3959,-0.3959,0.2209,0,0.0000
414.0,F0,5.00,29.4199,28.5110,28.6219,5.3909,-0.3909,0.2209,0,0.0000
415.0,F0,5.00,29.4220,28.5148,28.6215,5.3905,-0.3905,0.2209,0,0.0000
416.0,F0,5.00,29.4253,28.5094,28.6206,5.3896,-0.3896,0.2209,0,0.0000
417.0,F0,5.00,29.4199,28.5063,28.6211,5.3901,-0.3901,0.2209,0,0.0000
418.0,F0,5.00,29.4210,28.5078,28.6200,5.3890,-0.3890,0.2209,0,0.0000
419.0,F0,5.00,29.4235,28.5104,28.6222,5.3912,-0.3912,0.2209,0,0.0000
420.0,F0,5.00,29.4285,28.5149,28.6218,5.3908,-0.3908,0.2230,0,0.0000
421.0,F0,5.00,29.4359,28.5147,28.6187,5.3877,-0.3877,0.2230,0,0.0000
422.0,F0,5.00,29.4373,28.5141,28.6160,5.3850,-0.3850,0.2230,0,0.0000
423.0,F0,5.00,29.4367,28.5176,28.6143,5.3833,-0.3833,0.2230,0,0.0000
424.0,F0,5.00,29.4372,28.5195,28.6153,5.3843,-0.3843,0.2230,0,0.0000
425.0,F0,5.00,29.4366,28.5212,28.6171,5.3861,-0.3861,0.2230,0,0.0000
426.0,F0,5.00,29.4418,28.5218,28.6161,5.3851,-0.3851,0.2230,0,0.0000
427.0,F0,5.00,29.4436,28.5222,28.6141,5.3831,-0.3831,0.2230,0,0.0000
428.0,F0,5.00,29.4477,28.5208,28.6132,5.3822,-0.3822,0.2230,0,0.0000
429.0,F0,5.00,29.4514,28.5226,28.6127,5.3817,-0.3817,0.2230,0,0.0000
430.0,F0,5.00,29.4547,28.5193,28.6090,5.3780,-0.3780,0.2256,0,0.0000
431.0,F0,5.00,29.4584,28.5196,28.6083,5.3773,-0.3773,0.2256,0,0.0000
432.0,F0,5.00,29.4582,28.5189,28.6098,5.3788,-0.3788,0.2256,0,0.0000
433.0,F0,5.00,29.4607,28.5182,28.6093,5.3783,-0.3783,0.2256,0,0.0000
434.0,F0,5.00,29.4578,28.5177,28.6098,5.3788,-0.3788,0.2256,0,0.0000
435.0,F0,5.00,29.4507,28.5114,28.6103,5.3793,-0.3793,0.2256,0,0.0000
436.0,F0,5.00,29.4413,28.5065,28.6100,5.3790,-0.3790,0.2256,0,0.0000
437.0,F0,5.00,29.4385,28.5020,28.6100,5.3790,-0.3790,0.2256,0,0.0000
438.0,F0,5.00,29.4348,28.4984,28.6148,5.3838,-0.3838,0.2256,0,0.0000
439.0,F0,5.00,29.4350,28.4985,28.6171,5.3861,-0.3861,0.2256,0,0.0000
440.0,F0,5.00,29.4362,28.4973,28.6150,5.3840,-0.3840,0.2244,0,0.0000
441.0,F1,10.00,29.4374,28.4971,28.6189,5.3879,4.6121,0.2244,0,0.0000
442.0,F1,10.00,29.4373,28.4977,28.6185,5.3875,4.6125,0.2244,0,0.0000
443.0,F1,10.00,29.4307,28.4974,28.6189,5.3879,4.6121,0.2244,0,0.0000
444.0,F1,10.00,29.4271,28.4953,28.6190,5.3880,4.6120,0.2244,0,0.0000
445.0,F1,10.00,29.4285,28.4914,28.6217,5.3907,4.6093,0.2244,0,0.0000
446.0,F1,10.00,29.4271,28.4941,28.6208,5.3898,4.6102,0.2244,0,0.0000
447.0,F1,10.00,29.4301,28.5009,28.6215,5.3905,4.6095,0.2244,0,0.0000
448.0,F1,10.00,29.4395,28.5028,28.6209,5.3899,4.6101,0.2244,0,0.0000
449.0,F1,10.00,29.4432,28.5061,28.6215,5.3905,4.6095,0.2244,0,0.0000
450.0,F1,10.00,29.4466,28.5093,28.6209,5.3899,4.6101,1.0000,1,0.0000
451.0,F1,10.00,29.4522,28.5063,28.6225,5.3915,4.6085,1.0000,1,0.0000
452.0,F1,10.00,29.4558,28.5076,28.6186,5.3876,4.6124,1.0000,1,0.0000
453.0,F1,10.00,29.4572,28.5118,28.6172,5.3862,4.6138,1.0000,1,0.0000
454.0,F1,10.00,29.4612,28.5092,28.6162,5.3852,4.6148,1.0000,1,0.0000
455.0,F1,10.00,29.4715,28.5121,28.6176,5.3866,4.6134,1.0000,1,0.0000
456.0,F1,10.00,29.4869,28.5135,28.6198,5.3888,4.6112,1.0000,1,0.0000
457.0,F1,10.00,29.5085,28.5113,28.6201,5.3891,4.6109,1.0000,1,0.0000
458.0,F1,10.00,29.5334,28.5139,28.6198,5.3888,4.6112,1.0000,1,0.0000
459.0,F1,10.00,29.5720,28.5161,28.6172,5.3862,4.6138,1.0000,1,0.0000
460.0,F1,10.00,29.6131,28.5185,28.6164,5.3854,4.6146,1.0000,1,0.0000
461.0,F1,10.00,29.6596,28.5263,28.6163,5.3853,4.6147,1.0000,1,0.0000
462.0,F1,10.00,29.7108,28.5291,28.6164,5.3854,4.6146,1.0000,1,0.0000
463.0,F1,10.00,29.7609,28.5402,28.6230,5.3920,4.6080,1.0000,1,0.0000
464.0,F1,10.00,29.8188,28.5467,28.6259,5.3949,4.6051,1.0000,1,0.0000
465.0,F1,10.00,29.8758,28.5581,28.6281,5.3971,4.6029,1.0000,1,0.0000
466.0,F1,10.00,29.9339,28.5711,28.6281,5.3971,4.6029,1.0000,1,0.0000
467.0,F1,10.00,29.9944,28.5842,28.6311,5.4001,4.5999,1.0000,1,0.0000
468.0,F1,10.00,30.0606,28.5982,28.6331,5.4021,4.5979,1.0000,1,0.0000
469.0,F1,10.00,30.1225,28.6155,28.6477,5.4167,4.5833,1.0000,1,0.0000
470.0,F1,10.00,30.1881,28.6347,28.6534,5.4224,4.5776,1.0000,1,0.0000
471.0,F1,10.00,30.2563,28.6527,28.6558,5.4248,4.5752,1.0000,1,0.0000
472.0,F1,10.00,30.3227,28.6736,28.6604,5.4294,4.5706,1.0000,1,0.0000
473.0,F1,10.00,30.3905,28.6961,28.6649,5.4339,4.5661,1.0000,1,0.0000
474.0,F1,10.00,30.4553,28.7168,28.6691,5.4381,4.5619,1.0000,1,0.0000
475.0,F1,10.00,30.5260,28.7391,28.6843,5.4533,4.5467,1.0000,1,0.0000
476.0,F1,10.00,30.6044,28.7615,28.6919,5.4609,4.5391,1.0000,1,0.0000
477.0,F1,10.00,30.6703,28.7888,28.6980,5.4670,4.5330,1.0000,1,0.0000
478.0,F1,10.00,30.7355,28.8123,28.7086,5.4776,4.5224,1.0000,1,0.0000
479.0,F1,10.00,30.7982,28.8440,28.7174,5.4864,4.5136,1.0000,1,0.0000
480.0,F1,10.00,30.8615,28.8690,28.7451,5.5141,4.4859,1.0000,1,0.0000
481.0,F1,10.00,30.9260,28.9011,28.7562,5.5252,4.4748,1.0000,1,0.0000
482.0,F1,10.00,30.9914,28.9316,28.7667,5.5357,4.4643,1.0000,1,0.0000
483.0,F1,10.00,31.0524,28.9596,28.7752,5.5442,4.4558,1.0000,1,0.0000
484.0,F1,10.00,31.1161,28.9897,28.7918,5.5608,4.4392,1.0000,1,0.0000
485.0,F1,10.00,31.1809,29.0204,28.8028,5.5718,4.4282,1.0000,1,0.0000
486.0,F1,10.00,31.2478,29.0515,28.8004,5.5694,4.4306,1.0000,1,0.0000
487.0,F1,10.00,31.3146,29.0821,28.8155,5.5845,4.4155,1.0000,1,0.0000
488.0,F1,10.00,31.3820,29.1125,28.8338,5.6028,4.3972,1.0000,1,0.0000
489.0,F1,10.00,31.4427,29.1453,28.8483,5.6173,4.3827,1.0000,1,0.0000
490.0,F1,10.00,31.5043,29.1764,28.8663,5.6353,4.3647,1.0000,1,0.0000
491.0,F1,10.00,31.5665,29.2092,28.8887,5.6577,4.3423,1.0000,1,0.0000
492.0,F1,10.00,31.6277,29.2448,28.9171,5.6861,4.3139,1.0000,1,0.0000
493.0,F1,10.00,31.6874,29.2784,28.9342,5.7032,4.2968,1.0000,1,0.0000
494.0,F1,10.00,31.7486,29.3135,28.9540,5.7230,4.2770,1.0000,1,0.0000
495.0,F1,10.00,31.8042,29.3471,28.9720,5.7410,4.2590,1.0000,1,0.0000
496.0,F1,10.00,31.8600,29.3819,28.9930,5.7620,4.2380,1.0000,1,0.0000
497.0,F1,10.00,31.9233,29.4164,29.0168,5.7858,4.2142,1.0000,1,0.0000
498.0,F1,10.00,31.9796,29.4543,29.0463,5.8153,4.1847,1.0000,1,0.0000
499.0,F1,10.00,32.0518,29.4868,29.0701,5.8391,4.1609,1.0000,1,0.0000
500.0,F1,10.00,32.1133,29.5229,29.0917,5.8607,4.1393,1.0000,1,0.0000
501.0,F1,10.00,32.1705,29.5602,29.1129,5.8819,4.1181,1.0000,1,0.0000
502.0,F1,10.00,32.2297,29.5973,29.1397,5.9087,4.0913,1.0000,1,0.0000
503.0,F1,10.00,32.2834,29.6320,29.1625,5.9315,4.0685,1.0000,1,0.0000
504.0,F1,10.00,32.3379,29.6679,29.2031,5.9721,4.0279,1.0000,1,0.0000
505.0,F1,10.00,32.3896,29.7004,29.2294,5.9984,4.0016,1.0000,1,0.0000
506.0,F1,10.00,32.4423,29.7391,29.2551,6.0241,3.9759,1.0000,1,0.0000
507.0,F1,10.00,32.4933,29.7801,29.2787,6.0477,3.9523,1.0000,1,0.0000
508.0,F1,10.00,32.5367,29.8178,29.3022,6.0712,3.9288,1.0000,1,0.0000
509.0,F1,10.00,32.5787,29.8538,29.3331,6.1021,3.8979,1.0000,1,0.0000
510.0,F1,10.00,32.6302,29.8942,29.3590,6.1280,3.8720,1.0000,1,0.0000
511.0,F1,10.00,32.6835,29.9292,29.3904,6.1594,3.8406,1.0000,1,0.0000
512.0,F1,10.00,32.7383,29.9680,29.4256,6.1946,3.8054,1.0000,1,0.0000
513.0,F1,10.00,32.7940,30.0045,29.4557,6.2247,3.7753,1.0000,1,0.0000
514.0,F1,10.00,32.8512,30.0438,29.4829,6.2519,3.7481,1.0000,1,0.0000
515.0,F1,10.00,32.8999,30.0840,29.5150,6.2840,3.7160,1.0000,1,0.0000
516.0,F1,10.00,32.9598,30.1205,29.5452,6.3142,3.6858,1.0000,1,0.0000
517.0,F1,10.00,33.0023,30.1568,29.5728,6.3418,3.6582,1.0000,1,0.0000
518.0,F1,10.00,33.0660,30.1952,29.6090,6.3780,3.6220,1.0000,1,0.0000
519.0,F1,10.00,33.1169,30.2330,29.6520,6.4210,3.5790,1.0000,1,0.0000
520.0,F1,10.00,33.1698,30.2728,29.6821,6.4511,3.5489,1.0000,1,0.0000
521.0,F1,10.00,33.2151,30.3129,29.7108,6.4798,3.5202,1.0000,1,0.0000
522.0,F1,10.00,33.2678,30.3536,29.7430,6.5120,3.4880,1.0000,1,0.0000
523.0,F1,10.00,33.3114,30.3931,29.7768,6.5458,3.4542,1.0000,1,0.0000
524.0,F1,10.00,33.3542,30.4260,29.8058,6.5748,3.4252,1.0000,1,0.0000
525.0,F1,10.00,33.3967,30.4619,29.8383,6.6073,3.3927,1.0000,1,0.0000
526.0,F1,10.00,33.4386,30.5039,29.8726,6.6416,3.3584,1.0000,1,0.0000
527.0,F1,10.00,33.4829,30.5435,29.9097,6.6787,3.3213,1.0000,1,0.0000
528.0,F1,10.00,33.5408,30.5808,29.9393,6.7083,3.2917,1.0000,1,0.0000
529.0,F1,10.00,33.5928,30.6190,29.9702,6.7392,3.2608,1.0000,1,0.0000
530.0,F1,10.00,33.6518,30.6587,30.0012,6.7702,3.2298,1.0000,1,0.0000
531.0,F1,10.00,33.7015,30.6991,30.0324,6.8014,3.1986,1.0000,1,0.0000
532.0,F1,10.00,33.7516,30.7369,30.0677,6.8367,3.1633,1.0000,1,0.0000
533.0,F1,10.00,33.7986,30.7753,30.0985,6.8675,3.1325,1.0000,1,0.0000
534.0,F1,10.00,33.8410,30.8100,30.1418,6.9108,3.0892,1.0000,1,0.0000
535.0,F1,10.00,33.8824,30.8535,30.1799,6.9489,3.0511,1.0000,1,0.0000
536.0,F1,10.00,33.9163,30.8893,30.2139,6.9829,3.0171,1.0000,1,0.0000
537.0,F1,10.00,33.9532,30.9261,30.2489,7.0179,2.9821,1.0000,1,0.0000
538.0,F1,10.00,34.0058,30.9642,30.2823,7.0513,2.9487,1.0000,1,0.0000
539.0,F1,10.00,34.0490,31.0033,30.3179,7.0869,2.9131,1.0000,1,0.0000
540.0,F1,10.00,34.0915,31.0439,30.3532,7.1222,2.8778,1.0000,1,0.0000
541.0,F1,10.00,34.1366,31.0849,30.3828,7.1518,2.8482,1.0000,1,0.0000
542.0,F1,10.00,34.1743,31.1249,30.4168,7.1858,2.8142,1.0000,1,0.0000
543.0,F1,10.00,34.2166,31.1594,30.4500,7.2190,2.7810,1.0000,1,0.0000
544.0,F1,10.00,34.2630,31.2007,30.4788,7.2478,2.7522,1.0000,1,0.0000
545.0,F1,10.00,34.3072,31.2396,30.5094,7.2784,2.7216,1.0000,1,0.0000
546.0,F1,10.00,34.3499,31.2750,30.5417,7.3107,2.6893,1.0000,1,0.0000
547.0,F1,10.00,34.3974,31.3138,30.5753,7.3443,2.6557,1.0000,1,0.0000
548.0,F1,10.00,34.4438,31.3499,30.6074,7.3764,2.6236,1.0000,1,0.0000
549.0,F1,10.00,34.4796,31.3893,30.6428,7.4118,2.5882,1.0000,1,0.0000
550.0,F1,10.00,34.5159,31.4276,30.6753,7.4443,2.5557,1.0000,1,0.0000
551.0,F1,10.00,34.5533,31.4531,30.7111,7.4801,2.5199,1.0000,1,0.0000
552.0,F1,10.00,34.5943,31.4740,30.7488,7.5178,2.4822,1.0000,1,0.0000
553.0,F1,10.00,34.6345,31.5098,30.7958,7.5648,2.4352,1.0000,1,0.0000
554.0,F1,10.00,34.6747,31.5507,30.8316,7.6006,2.3994,1.0000,1,0.0000
555.0,F1,10.00,34.7148,31.5856,30.8666,7.6356,2.3644,1.0000,1,0.0000
556.0,F1,10.00,34.7554,31.6218,30.8977,7.6667,2.3333,1.0000,1,0.0000
557.0,F1,10.00,34.8015,31.6611,30.9320,7.7010,2.2990,1.0000,1,0.0000
558.0,F1,10.00,34.8559,31.6976,30.9686,7.7376,2.2624,1.0000,1,0.0000
559.0,F1,10.00,34.8993,31.7385,30.9994,7.7684,2.2316,1.0000,1,0.0000
560.0,F1,10.00,34.9422,31.7697,31.0337,7.8027,2.1973,0.9289,1,0.0522
561.0,F1,10.00,34.9833,31.8146,31.0724,7.8414,2.1586,0.9289,1,0.0522
562.0,F1,10.00,35.0242,31.8681,31.1110,7.8800,2.1200,0.9289,1,0.0522
563.0,F1,10.00,35.0684,31.9043,31.1425,7.9115,2.0885,0.9289,1,0.0522
564.0,F1,10.00,35.1109,31.9402,31.1753,7.9443,2.0557,0.9289,1,0.0522
565.0,F1,10.00,35.1487,31.9756,31.2107,7.9797,2.0203,0.9289,1,0.0522
566.0,F1,10.00,35.1861,32.0143,31.2421,8.0111,1.9889,0.9289,1,0.0522
567.0,F1,10.00,35.2235,32.0485,31.2775,8.0465,1.9535,0.9289,1,0.0522
568.0,F1,10.00,35.2600,32.0802,31.3116,8.0806,1.9194,0.9289,1,0.0522
569.0,F1,10.00,35.2964,32.1179,31.3463,8.1153,1.8847,0.9289,1,0.0522
570.0,F1,10.00,35.3319,32.1541,31.3806,8.1496,1.8504,0.8344,1,0.0961
571.0,F1,10.00,35.3656,32.1892,31.4161,8.1851,1.8149,0.8344,1,0.0961
572.0,F1,10.00,35.3972,32.2094,31.4631,8.2321,1.7679,0.8344,1,0.0961
573.0,F1,10.00,35.4322,32.2429,31.4978,8.2668,1.7332,0.8344,1,0.0961
574.0,F1,10.00,35.4666,32.2790,31.5359,8.3049,1.6951,0.8344,1,0.0961
575.0,F1,10.00,35.5007,32.3119,31.5649,8.3339,1.6661,0.8344,1,0.0961
576.0,F1,10.00,35.5310,32.3490,31.5986,8.3676,1.6324,0.8344,1,0.0961
577.0,F1,10.00,35.5629,32.3757,31.6326,8.4016,1.5984,0.8344,1,0.0961
578.0,F1,10.00,35.5892,32.4077,31.6669,8.4359,1.5641,0.8344,1,0.0961
579.0,F1,10.00,35.6282,32.4379,31.7020,8.4710,1.5290,0.8344,1,0.0961
580.0,F1,10.00,35.6574,32.4661,31.7306,8.4996,1.5004,0.7304,1,0.1318
581.0,F1,10.00,35.6829,32.4999,31.7657,8.5347,1.4653,0.7304,1,0.1318
582.0,F1,10.00,35.7125,32.5342,31.7955,8.5645,1.4355,0.7304,1,0.1318
583.0,F1,10.00,35.7412,32.5648,31.8276,8.5966,1.4034,0.7304,1,0.1318
584.0,F1,10.00,35.7651,32.5968,31.8595,8.6285,1.3715,0.7304,1,0.1318
585.0,F1,10.00,35.7926,32.6235,31.9006,8.6696,1.3304,0.7304,1,0.1318
586.0,F1,10.00,35.8157,32.6577,31.9357,8.7047,1.2953,0.7304,1,0.1318
587.0,F1,10.00,35.8402,32.6841,31.9711,8.7401,1.2599,0.7304,1,0.1318
588.0,F1,10.00,35.8545,32.7120,32.0085,8.7775,1.2225,0.7304,1,0.1318
589.0,F1,10.00,35.8744,32.7428,32.0369,8.8059,1.1941,0.7304,1,0.1318
590.0,F1,10.00,35.8848,32.7738,32.0652,8.8342,1.1658,0.6246,1,0.1595
591.0,F1,10.00,35.8967,32.8004,32.0972,8.8662,1.1338,0.6246,1,0.1595
592.0,F1,10.00,35.9115,32.8303,32.1277,8.8967,1.1033,0.6246,1,0.1595
593.0,F1,10.00,35.9297,32.8615,32.1551,8.9241,1.0759,0.6246,1,0.1595
594.0,F1,10.00,35.9519,32.8885,32.1855,8.9545,1.0455,0.6246,1,0.1595
595.0,F1,10.00,35.9700,32.9167,32.2151,8.9841,1.0159,0.6246,1,0.1595
596.0,F1,10.00,35.9805,32.9417,32.2419,9.0109,0.9891,0.6246,1,0.1595
597.0,F1,10.00,35.9900,32.9657,32.2750,9.0440,0.9560,0.6246,1,0.1595
598.0,F1,10.00,35.9993,32.9929,32.3079,9.0769,0.9231,0.6246,1,0.1595
599.0,F1,10.00,36.0052,33.0226,32.3351,9.1041,0.8959,0.6246,1,0.1595
600.0,F1,10.00,36.0106,33.0423,32.3671,9.1361,0.8639,0.5247,1,0.1800
601.0,F1,10.00,36.0141,33.0680,32.3941,9.1631,0.8369,0.5247,1,0.1800
602.0,F1,10.00,36.0229,33.0929,32.4227,9.1917,0.8083,0.5247,1,0.1800
603.0,F1,10.00,36.0262,33.1130,32.4501,9.2191,0.7809,0.5247,1,0.1800
604.0,F1,10.00,36.0331,33.1336,32.4749,9.2439,0.7561,0.5247,1,0.1800
605.0,F1,10.00,36.0395,33.1594,32.5035,9.2725,0.7275,0.5247,1,0.1800
606.0,F1,10.00,36.0476,33.1798,32.5292,9.2982,0.7018,0.5247,1,0.1800
607.0,F1,10.00,36.0600,33.1974,32.5592,9.3282,0.6718,0.5247,1,0.1800
608.0,F1,10.00,36.0659,33.2167,32.5832,9.3522,0.6478,0.5247,1,0.1800
609.0,F1,10.00,36.0645,33.2355,32.6103,9.3793,0.6207,0.5247,1,0.1800
610.0,F1,10.00,36.0657,33.2535,32.6306,9.3996,0.6004,0.4338,1,0.1942
611.0,F1,10.00,36.0648,33.2696,32.6562,9.4252,0.5748,0.4338,1,0.1942
612.0,F1,10.00,36.0630,33.2841,32.6762,9.4452,0.5548,0.4338,1,0.1942
613.0,F1,10.00,36.0658,33.3004,32.7029,9.4719,0.5281,0.4338,1,0.1942
614.0,F1,10.00,36.0605,33.3157,32.7208,9.4898,0.5102,0.4338,1,0.1942
615.0,F1,10.00,36.0588,33.3315,32.7470,9.5160,0.4840,0.4338,1,0.1942
616.0,F1,10.00,36.0532,33.3483,32.7682,9.5372,0.4628,0.4338,1,0.1942
617.0,F1,10.00,36.0493,33.3586,32.7914,9.5604,0.4396,0.4338,1,0.1942
618.0,F1,10.00,36.0393,33.3744,32.8159,9.5849,0.4151,0.4338,1,0.1942
619.0,F1,10.00,36.0274,33.3848,32.8376,9.6066,0.3934,0.4338,1,0.1942
620.0,F1,10.00,36.0237,33.3936,32.8536,9.6226,0.3774,0.3538,0,0.2032
621.0,F1,10.00,36.0056,33.3994,32.8714,9.6404,0.3596,0.3538,0,0.2032
622.0,F1,10.00,35.9876,33.4017,32.9001,9.6691,0.3309,0.3538,0,0.2032
623.0,F1,10.00,35.9678,33.4003,32.9187,9.6877,0.3123,0.3538,0,0.2032
624.0,F1,10.00,35.9492,33.3995,32.9400,9.7090,0.2910,0.3538,0,0.2032
625.0,F1,10.00,35.9220,33.3990,32.9613,9.7303,0.2697,0.3538,0,0.2032
626.0,F1,10.00,35.8999,33.4085,32.9819,9.7509,0.2491,0.3538,0,0.2032
627.0,F1,10.00,35.8806,33.4199,33.0016,9.7706,0.2294,0.3538,0,0.2032
628.0,F1,10.00,35.8620,33.4297,33.0209,9.7899,0.2101,0.3538,0,0.2032
629.0,F1,10.00,35.8384,33.4462,33.0425,9.8115,0.1885,0.3538,0,0.2032
630.0,F1,10.00,35.8202,33.4513,33.0584,9.8274,0.1726,0.2762,0,0.2073
631.0,F1,10.00,35.7962,33.4618,33.0737,9.8427,0.1573,0.2762,0,0.2073
632.0,F1,10.00,35.7752,33.4693,33.0874,9.8564,0.1436,0.2762,0,0.2073
633.0,F1,10.00,35.7594,33.4799,33.1002,9.8692,0.1308,0.2762,0,0.2073
634.0,F1,10.00,35.7420,33.4866,33.1151,9.8841,0.1159,0.2762,0,0.2073
635.0,F1,10.00,35.7282,33.4929,33.1302,9.8992,0.1008,0.2762,0,0.2073
636.0,F1,10.00,35.7097,33.5023,33.1440,9.9130,0.0870,0.2762,0,0.2073
637.0,F1,10.00,35.6894,33.5049,33.1611,9.9301,0.0699,0.2762,0,0.2073
638.0,F1,10.00,35.6755,33.5056,33.1742,9.9432,0.0568,0.2762,0,0.2073
639.0,F1,10.00,35.6517,33.5129,33.1903,9.9593,0.0407,0.2762,0,0.2073
640.0,F1,10.00,35.6350,33.5165,33.2031,9.9721,0.0279,0.2191,0,0.2080
641.0,F1,10.00,35.6177,33.5162,33.2167,9.9857,0.0143,0.2191,0,0.2080
642.0,F1,10.00,35.5966,33.5138,33.2295,9.9985,0.0015,0.2191,0,0.2080
643.0,F1,10.00,35.5731,33.5140,33.2462,10.0152,-0.0152,0.2191,0,0.2080
644.0,F1,10.00,35.5508,33.5124,33.2583,10.0273,-0.0273,0.2191,0,0.2080
645.0,F1,10.00,35.5271,33.5114,33.2705,10.0395,-0.0395,0.2191,0,0.2080
646.0,F1,10.00,35.5084,33.5111,33.2813,10.0503,-0.0503,0.2191,0,0.2080
647.0,F1,10.00,35.4860,33.5092,33.2922,10.0612,-0.0612,0.2191,0,0.2080
648.0,F1,10.00,35.4573,33.5033,33.2990,10.0680,-0.0680,0.2191,0,0.2080
649.0,F1,10.00,35.4356,33.4980,33.3007,10.0697,-0.0697,0.2191,0,0.2080
650.0,F1,10.00,35.4093,33.4930,33.3091,10.0781,-0.0781,0.1749,0,0.2061
651.0,F1,10.00,35.3918,33.4921,33.3168,10.0858,-0.0858,0.1749,0,0.2061
652.0,F1,10.00,35.3808,33.4903,33.3184,10.0874,-0.0874,0.1749,0,0.2061
653.0,F1,10.00,35.3565,33.4811,33.3178,10.0868,-0.0868,0.1749,0,0.2061
654.0,F1,10.00,35.3250,33.4629,33.3127,10.0817,-0.0817,0.1749,0,0.2061
655.0,F1,10.00,35.2715,33.4281,33.3027,10.0717,-0.0717,0.1749,0,0.2061
656.0,F1,10.00,35.2134,33.3928,33.2910,10.0600,-0.0600,0.1749,0,0.2061
657.0,F1,10.00,35.1603,33.3569,33.2699,10.0389,-0.0389,0.1749,0,0.2061
658.0,F1,10.00,35.1020,33.3214,33.2416,10.0106,-0.0106,0.1749,0,0.2061
659.0,F1,10.00,35.0453,33.2827,33.2232,9.9922,0.0078,0.1749,0,0.2061
660.0,F1,10.00,34.9949,33.2530,33.2086,9.9776,0.0224,0.2156,0,0.2066
661.0,F1,10.00,34.9493,33.2364,33.2051,9.9741,0.0259,0.2156,0,0.2066
662.0,F1,10.00,34.9082,33.2126,33.2087,9.9777,0.0223,0.2156,0,0.2066
663.0,F1,10.00,34.8593,33.1935,33.2068,9.9758,0.0242,0.2156,0,0.2066
664.0,F1,10.00,34.8103,33.1707,33.2036,9.9726,0.0274,0.2156,0,0.2066
665.0,F1,10.00,34.7739,33.1486,33.1972,9.9662,0.0338,0.2156,0,0.2066
666.0,F1,10.00,34.7320,33.1339,33.1963,9.9653,0.0347,0.2156,0,0.2066
667.0,F1,10.00,34.6971,33.1225,33.2002,9.9692,0.0308,0.2156,0,0.2066
668.0,F1,10.00,34.6648,33.1054,33.2012,9.9702,0.0298,0.2156,0,0.2066
669.0,F1,10.00,34.6418,33.0873,33.1987,9.9677,0.0323,0.2156,0,0.2066
670.0,F1,10.00,34.6210,33.0735,33.1888,9.9578,0.0422,0.2245,0,0.2076
671.0,F1,10.00,34.6013,33.0660,33.1773,9.9463,0.0537,0.2245,0,0.2076
672.0,F1,10.00,34.5780,33.0549,33.1661,9.9351,0.0649,0.2245,0,0.2076
673.0,F1,10.00,34.5542,33.0482,33.1671,9.9361,0.0639,0.2245,0,0.2076
674.0,F1,10.00,34.5320,33.0374,33.1678,9.9368,0.0632,0.2245,0,0.2076
675.0,F1,10.00,34.5092,33.0301,33.1653,9.9343,0.0657,0.2245,0,0.2076
676.0,F1,10.00,34.4882,33.0254,33.1575,9.9265,0.0735,0.2245,0,0.2076
677.0,F1,10.00,34.4727,33.0183,33.1511,9.9201,0.0799,0.2245,0,0.2076
678.0,F1,10.00,34.4618,33.0083,33.1454,9.9144,0.0856,0.2245,0,0.2076
679.0,F1,10.00,34.4507,32.9946,33.1417,9.9107,0.0893,0.2245,0,0.2076
680.0,F1,10.00,34.4358,32.9769,33.1307,9.8997,0.1003,0.2500,0,0.2100
681.0,F1,10.00,34.4091,32.9596,33.1229,9.8919,0.1081,0.2500,0,0.2100
682.0,F1,10.00,34.3835,32.9506,33.1183,9.8873,0.1127,0.2500,0,0.2100
683.0,F1,10.00,34.3615,32.9317,33.1145,9.8835,0.1165,0.2500,0,0.2100
684.0,F1,10.00,34.3427,32.9189,33.1070,9.8760,0.1240,0.2500,0,0.2100
685.0,F1,10.00,34.3271,32.9061,33.1009,9.8699,0.1301,0.2500,0,0.2100
686.0,F1,10.00,34.3189,32.8968,33.0963,9.8653,0.1347,0.2500,0,0.2100
687.0,F1,10.00,34.3051,32.8923,33.0879,9.8569,0.1431,0.2500,0,0.2100
688.0,F1,10.00,34.2924,32.8845,33.0812,9.8502,0.1498,0.2500,0,0.2100
689.0,F1,10.00,34.2725,32.8716,33.0766,9.8456,0.1544,0.2500,0,0.2100
690.0,F1,10.00,34.2579,32.8592,33.0672,9.8362,0.1638,0.2792,0,0.2139
691.0,F1,10.00,34.2406,32.8514,33.0644,9.8334,0.1666,0.2792,0,0.2139
692.0,F1,10.00,34.2314,32.8413,33.0545,9.8235,0.1765,0.2792,0,0.2139
693.0,F1,10.00,34.2145,32.8332,33.0492,9.8182,0.1818,0.2792,0,0.2139
694.0,F1,10.00,34.1971,32.8198,33.0472,9.8162,0.1838,0.2792,0,0.2139
695.0,F1,10.00,34.1869,32.8026,33.0402,9.8092,0.1908,0.2792,0,0.2139
696.0,F1,10.00,34.1707,32.7944,33.0309,9.7999,0.2001,0.2792,0,0.2139
697.0,F1,10.00,34.1675,32.7705,33.0270,9.7960,0.2040,0.2792,0,0.2139
698.0,F1,10.00,34.1600,32.7607,33.0242,9.7932,0.2068,0.2792,0,0.2139
699.0,F1,10.00,34.1535,32.7526,33.0228,9.7918,0.2082,0.2792,0,0.2139
700.0,F1,10.00,34.1358,32.7380,33.0230,9.7920,0.2080,0.3018,0,0.2188
701.0,F1,10.00,34.1261,32.7296,33.0163,9.7853,0.2147,0.3018,0,0.2188
702.0,F1,10.00,34.1225,32.7251,33.0036,9.7726,0.2274,0.3018,0,0.2188
703.0,F1,10.00,34.1073,32.7105,32.9906,9.7596,0.2404,0.3018,0,0.2188
704.0,F1,10.00,34.0919,32.6955,32.9763,9.7453,0.2547,0.3018,0,0.2188
705.0,F1,10.00,34.0917,32.6823,32.9608,9.7298,0.2702,0.3018,0,0.2188
706.0,F1,10.00,34.0933,32.6746,32.9459,9.7149,0.2851,0.3018,0,0.2188
707.0,F1,10.00,34.0923,32.6699,32.9329,9.7019,0.2981,0.3018,0,0.2188
708.0,F1,10.00,34.0709,32.6615,32.9197,9.6887,0.3113,0.3018,0,0.2188
709.0,F1,10.00,34.0489,32.6477,32.9053,9.6743,0.3257,0.3018,0,0.2188
710.0,F1,10.00,34.0297,32.6274,32.8897,9.6587,0.3413,0.3631,1,0.2269
711.0,F1,10.00,34.0211,32.6126,32.8754,9.6444,0.3556,0.3631,1,0.2269
712.0,F1,10.00,34.0133,32.6046,32.8642,9.6332,0.3668,0.3631,1,0.2269
713.0,F1,10.00,34.0110,32.5878,32.8522,9.6212,0.3788,0.3631,1,0.2269
714.0,F1,10.00,34.0097,32.5686,32.8308,9.5998,0.4002,0.3631,1,0.2269
715.0,F1,10.00,34.0041,32.5566,32.8089,9.5779,0.4221,0.3631,1,0.2269
716.0,F1,10.00,33.9937,32.5436,32.7940,9.5630,0.4370,0.3631,1,0.2269
717.0,F1,10.00,33.9824,32.5314,32.7856,9.5546,0.4454,0.3631,1,0.2269
718.0,F1,10.00,33.9684,32.5190,32.7809,9.5499,0.4501,0.3631,1,0.2269
719.0,F1,10.00,33.9596,32.5151,32.7685,9.5375,0.4625,0.3631,1,0.2269
720.0,F1,10.00,33.9429,32.5076,32.7635,9.5325,0.4675,0.4246,1,0.2381
721.0,F1,10.00,33.9268,32.5003,32.7579,9.5269,0.4731,0.4246,1,0.2381
722.0,F1,10.00,33.9144,32.4941,32.7507,9.5197,0.4803,0.4246,1,0.2381
723.0,F1,10.00,33.9113,32.4913,32.7493,9.5183,0.4817,0.4246,1,0.2381
724.0,F1,10.00,33.9065,32.4896,32.7491,9.5181,0.4819,0.4246,1,0.2381
725.0,F1,10.00,33.9069,32.4890,32.7478,9.5168,0.4832,0.4246,1,0.2381
726.0,F1,10.00,33.9127,32.4908,32.7431,9.5121,0.4879,0.4246,1,0.2381
727.0,F1,10.00,33.9139,32.4866,32.7312,9.5002,0.4998,0.4246,1,0.2381
728.0,F1,10.00,33.9101,32.4823,32.7242,9.4932,0.5068,0.4246,1,0.2381
729.0,F1,10.00,33.8963,32.4674,32.7116,9.4806,0.5194,0.4246,1,0.2381
730.0,F1,10.00,33.8882,32.4554,32.6997,9.4687,0.5313,0.4627,1,0.2507
731.0,F1,10.00,33.8824,32.4494,32.6880,9.4570,0.5430,0.4627,1,0.2507
732.0,F1,10.00,33.8819,32.4424,32.6807,9.4497,0.5503,0.4627,1,0.2507
733.0,F1,10.00,33.8772,32.4326,32.6693,9.4383,0.5617,0.4627,1,0.2507
734.0,F1,10.00,33.8659,32.4280,32.6601,9.4291,0.5709,0.4627,1,0.2507
735.0,F1,10.00,33.8629,32.4211,32.6485,9.4175,0.5825,0.4627,1,0.2507
736.0,F1,10.00,33.8591,32.4138,32.6418,9.4108,0.5892,0.4627,1,0.2507
737.0,F1,10.00,33.8553,32.4137,32.6357,9.4047,0.5953,0.4627,1,0.2507
738.0,F1,10.00,33.8417,32.4067,32.6248,9.3938,0.6062,0.4627,1,0.2507
739.0,F1,10.00,33.8323,32.3976,32.6128,9.3818,0.6182,0.4627,1,0.2507
740.0,F1,10.00,33.8280,32.3819,32.6005,9.3695,0.6305,0.5172,1,0.2656
741.0,F1,10.00,33.8268,32.3741,32.5869,9.3559,0.6441,0.5172,1,0.2656
742.0,F1,10.00,33.8262,32.3642,32.5783,9.3473,0.6527,0.5172,1,0.2656
743.0,F1,10.00,33.8377,32.3625,32.5739,9.3429,0.6571,0.5172,1,0.2656
744.0,F1,10.00,33.8425,32.3578,32.5696,9.3386,0.6614,0.5172,1,0.2656
745.0,F1,10.00,33.8506,32.3543,32.5657,9.3347,0.6653,0.5172,1,0.2656
746.0,F1,10.00,33.8604,32.3499,32.5588,9.3278,0.6722,0.5172,1,0.2656
747.0,F1,10.00,33.8651,32.3435,32.5534,9.3224,0.6776,0.5172,1,0.2656
748.0,F1,10.00,33.8770,32.3425,32.5526,9.3216,0.6784,0.5172,1,0.2656
749.0,F1,10.00,33.8865,32.3431,32.5483,9.3173,0.6827,0.5172,1,0.2656
750.0,F1,10.00,33.8977,32.3435,32.5468,9.3158,0.6842,0.5549,1,0.2819
751.0,F1,10.00,33.9134,32.3460,32.5496,9.3186,0.6814,0.5549,1,0.2819
752.0,F1,10.00,33.9263,32.3544,32.5499,9.3189,0.6811,0.5549,1,0.2819
753.0,F1,10.00,33.9317,32.3535,32.5431,9.3121,0.6879,0.5549,1,0.2819
754.0,F1,10.00,33.9361,32.3508,32.5424,9.3114,0.6886,0.5549,1,0.2819
755.0,F1,10.00,33.9405,32.3503,32.5415,9.3105,0.6895,0.5549,1,0.2819
756.0,F1,10.00,33.9376,32.3465,32.5378,9.3068,0.6932,0.5549,1,0.2819
757.0,F1,10.00,33.9434,32.3397,32.5300,9.2990,0.7010,0.5549,1,0.2819
758.0,F1,10.00,33.9489,32.3438,32.5220,9.2910,0.7090,0.5549,1,0.2819
759.0,F1,10.00,33.9586,32.3515,32.5205,9.2895,0.7105,0.5549,1,0.2819
760.0,F1,10.00,33.9762,32.3530,32.5157,9.2847,0.7153,0.5843,1,0.2989
761.0,F1,10.00,33.9905,32.3513,32.5116,9.2806,0.7194,0.5843,1,0.2989
762.0,F1,10.00,33.9972,32.3474,32.5041,9.2731,0.7269,0.5843,1,0.2989
763.0,F1,10.00,33.9983,32.3402,32.5004,9.2694,0.7306,0.5843,1,0.2989
764.0,F1,10.00,34.0065,32.3327,32.4943,9.2633,0.7367,0.5843,1,0.2989
765.0,F1,10.00,34.0101,32.3257,32.4851,9.2541,0.7459,0.5843,1,0.2989
766.0,F1,10.00,34.0149,32.3197,32.4762,9.2452,0.7548,0.5843,1,0.2989
767.0,F1,10.00,34.0223,32.3115,32.4737,9.2427,0.7573,0.5843,1,0.2989
768.0,F1,10.00,34.0319,32.3085,32.4718,9.2408,0.7592,0.5843,1,0.2989
769.0,F1,10.00,34.0439,32.3077,32.4632,9.2322,0.7678,0.5843,1,0.2989
770.0,F1,10.00,34.0526,32.3118,32.4556,9.2246,0.7754,0.6267,1,0.3173
771.0,F1,10.00,34.0697,32.3181,32.4535,9.2225,0.7775,0.6267,1,0.3173
772.0,F1,10.00,34.0844,32.3257,32.4502,9.2192,0.7808,0.6267,1,0.3173
773.0,F1,10.00,34.1042,32.3286,32.4487,9.2177,0.7823,0.6267,1,0.3173
774.0,F1,10.00,34.1202,32.3366,32.4446,9.2136,0.7864,0.6267,1,0.3173
775.0,F1,10.00,34.1422,32.3389,32.4369,9.2059,0.7941,0.6267,1,0.3173
776.0,F1,10.00,34.1559,32.3387,32.4319,9.2009,0.7991,0.6267,1,0.3173
777.0,F1,10.00,34.1693,32.3351,32.4262,9.1952,0.8048,0.6267,1,0.3173
778.0,F1,10.00,34.1872,32.3387,32.4215,9.1905,0.8095,0.6267,1,0.3173
779.0,F1,10.00,34.2028,32.3419,32.4163,9.1853,0.8147,0.6267,1,0.3173
780.0,F1,10.00,34.2152,32.3373,32.4094,9.1784,0.8216,0.6646,1,0.3368
781.0,F1,10.00,34.2380,32.3405,32.4014,9.1704,0.8296,0.6646,1,0.3368
782.0,F1,10.00,34.2549,32.3482,32.3990,9.1680,0.8320,0.6646,1,0.3368
783.0,F1,10.00,34.2718,32.3552,32.3962,9.1652,0.8348,0.6646,1,0.3368
784.0,F1,10.00,34.2917,32.3614,32.3950,9.1640,0.8360,0.6646,1,0.3368
785.0,F1,10.00,34.3107,32.3751,32.3974,9.1664,0.8336,0.6646,1,0.3368
786.0,F1,10.00,34.3251,32.3885,32.4034,9.1724,0.8276,0.6646,1,0.3368
787.0,F1,10.00,34.3381,32.3944,32.4073,9.1763,0.8237,0.6646,1,0.3368
788.0,F1,10.00,34.3586,32.3985,32.4074,9.1764,0.8236,0.6646,1,0.3368
789.0,F1,10.00,34.3770,32.4098,32.4112,9.1802,0.8198,0.6646,1,0.3368
790.0,F1,10.00,34.3986,32.4218,32.4179,9.1869,0.8131,0.6806,1,0.3561
791.0,F1,10.00,34.4226,32.4299,32.4244,9.1934,0.8066,0.6806,1,0.3561
792.0,F1,10.00,34.4494,32.4406,32.4296,9.1986,0.8014,0.6806,1,0.3561
793.0,F1,10.00,34.4750,32.4512,32.4387,9.2077,0.7923,0.6806,1,0.3561
794.0,F1,10.00,34.5036,32.4661,32.4475,9.2165,0.7835,0.6806,1,0.3561
795.0,F1,10.00,34.5370,32.4817,32.4569,9.2259,0.7741,0.6806,1,0.3561
796.0,F1,10.00,34.5651,32.4865,32.4614,9.2304,0.7696,0.6806,1,0.3561
797.0,F1,10.00,34.5757,32.4842,32.4683,9.2373,0.7627,0.6806,1,0.3561
798.0,F1,10.00,34.5791,32.4812,32.4762,9.2452,0.7548,0.6806,1,0.3561
799.0,F1,10.00,34.5887,32.4843,32.4861,9.2551,0.7449,0.6806,1,0.3561
800.0,F1,10.00,34.6036,32.4931,32.5018,9.2708,0.7292,0.6644,1,0.3734
801.0,F1,10.00,34.6149,32.5002,32.5194,9.2884,0.7116,0.6644,1,0.3734
802.0,F1,10.00,34.6284,32.5086,32.5309,9.2999,0.7001,0.6644,1,0.3734
803.0,F1,10.00,34.6414,32.5196,32.5387,9.3077,0.6923,0.6644,1,0.3734
804.0,F1,10.00,34.6632,32.5277,32.5444,9.3134,0.6866,0.6644,1,0.3734
805.0,F1,10.00,34.6756,32.5387,32.5433,9.3123,0.6877,0.6644,1,0.3734
806.0,F1,10.00,34.6992,32.5483,32.5461,9.3151,0.6849,0.6644,1,0.3734
807.0,F1,10.00,34.7166,32.5598,32.5518,9.3208,0.6792,0.6644,1,0.3734
808.0,F1,10.00,34.7345,32.5739,32.5511,9.3201,0.6799,0.6644,1,0.3734
809.0,F1,10.00,34.7616,32.5928,32.5568,9.3258,0.6742,0.6644,1,0.3734
810.0,F1,10.00,34.7823,32.5992,32.5601,9.3291,0.6709,0.6571,1,0.3894
811.0,F1,10.00,34.7978,32.6083,32.5652,9.3342,0.6658,0.6571,1,0.3894
812.0,F1,10.00,34.8176,32.6202,32.5671,9.3361,0.6639,0.6571,1,0.3894
813.0,F1,10.00,34.8373,32.6293,32.5721,9.3411,0.6589,0.6571,1,0.3894
814.0,F1,10.00,34.8557,32.6360,32.5725,9.3415,0.6585,0.6571,1,0.3894
815.0,F1,10.00,34.8804,32.6425,32.5735,9.3425,0.6575,0.6571,1,0.3894
816.0,F1,10.00,34.9090,32.6530,32.5764,9.3454,0.6546,0.6571,1,0.3894
817.0,F1,10.00,34.9403,32.6695,32.5817,9.3507,0.6493,0.6571,1,0.3894
818.0,F1,10.00,34.9628,32.6870,32.5886,9.3576,0.6424,0.6571,1,0.3894
819.0,F1,10.00,34.9797,32.7058,32.5987,9.3677,0.6323,0.6571,1,0.3894
820.0,F1,10.00,34.9973,32.7180,32.6140,9.3830,0.6170,0.6502,1,0.4040
821.0,F1,10.00,35.0173,32.7335,32.6266,9.3956,0.6044,0.6502,1,0.4040
822.0,F1,10.00,35.0323,32.7452,32.6347,9.4037,0.5963,0.6502,1,0.4040
823.0,F1,10.00,35.0360,32.7568,32.6405,9.4095,0.5905,0.6502,1,0.4040
824.0,F1,10.00,35.0484,32.7668,32.6506,9.4196,0.5804,0.6502,1,0.4040
825.0,F1,10.00,35.0457,32.7770,32.6534,9.4224,0.5776,0.6502,1,0.4040
826.0,F1,10.00,35.0458,32.7825,32.6601,9.4291,0.5709,0.6502,1,0.4040
827.0,F1,10.00,35.0515,32.7843,32.6666,9.4356,0.5644,0.6502,1,0.4040
828.0,F1,10.00,35.0607,32.7932,32.6748,9.4438,0.5562,0.6502,1,0.4040
829.0,F1,10.00,35.0715,32.8092,32.6851,9.4541,0.5459,0.6502,1,0.4040
830.0,F1,10.00,35.0801,32.8225,32.6991,9.4681,0.5319,0.6289,1,0.4167
831.0,F1,10.00,35.0958,32.8387,32.7078,9.4768,0.5232,0.6289,1,0.4167
832.0,F1,10.00,35.1073,32.8559,32.7178,9.4868,0.5132,0.6289,1,0.4167
833.0,F1,10.00,35.1210,32.8713,32.7232,9.4922,0.5078,0.6289,1,0.4167
834.0,F1,10.00,35.1371,32.8810,32.7292,9.4982,0.5018,0.6289,1,0.4167
835.0,F1,10.00,35.1574,32.8961,32.7369,9.5059,0.4941,0.6289,1,0.4167
836.0,F1,10.00,35.1734,32.9062,32.7412,9.5102,0.4898,0.6289,1,0.4167
837.0,F1,10.00,35.1911,32.9143,32.7454,9.5144,0.4856,0.6289,1,0.4167
838.0,F1,10.00,35.2098,32.9212,32.7572,9.5262,0.4738,0.6289,1,0.4167
839.0,F1,10.00,35.2223,32.9316,32.7703,9.5393,0.4607,0.6289,1,0.4167
840.0,F1,10.00,35.2362,32.9450,32.7838,9.5528,0.4472,0.6057,1,0.4273
# F1,method=10,r=10.00,t_phase=400,e_ss=0.664,IAE=610.24,ISE=1916.50,TV=2.181,n_on=292,n_h=2628.0,t5=390,c_p=0.078,c_pp=4.693,E=488.8
841.0,F2,7.00,35.2508,32.9580,32.7991,9.5681,-2.5681,0.6057,1,0.4273
842.0,F2,7.00,35.2652,32.9703,32.8148,9.5838,-2.5838,0.6057,1,0.4273
843.0,F2,7.00,35.2816,32.9762,32.8260,9.5950,-2.5950,0.6057,1,0.4273
844.0,F2,7.00,35.2906,32.9825,32.8392,9.6082,-2.6082,0.6057,1,0.4273
845.0,F2,7.00,35.3035,32.9887,32.8474,9.6164,-2.6164,0.6057,1,0.4273
846.0,F2,7.00,35.3192,32.9962,32.8510,9.6200,-2.6200,0.6057,1,0.4273
847.0,F2,7.00,35.3334,33.0081,32.8621,9.6311,-2.6311,0.6057,1,0.4273
848.0,F2,7.00,35.3435,33.0188,32.8695,9.6385,-2.6385,0.6057,1,0.4273
849.0,F2,7.00,35.3549,33.0276,32.8733,9.6423,-2.6423,0.6057,1,0.4273
850.0,F2,7.00,35.3613,33.0370,32.8913,9.6603,-2.6603,0.0000,0,0.4273
851.0,F2,7.00,35.3710,33.0515,32.9029,9.6719,-2.6719,0.0000,0,0.4273
852.0,F2,7.00,35.3807,33.0678,32.9217,9.6907,-2.6907,0.0000,0,0.4273
853.0,F2,7.00,35.3919,33.0790,32.9445,9.7135,-2.7135,0.0000,0,0.4273
854.0,F2,7.00,35.4022,33.0898,32.9595,9.7285,-2.7285,0.0000,0,0.4273
855.0,F2,7.00,35.4043,33.1016,32.9668,9.7358,-2.7358,0.0000,0,0.4273
856.0,F2,7.00,35.3969,33.1082,32.9740,9.7430,-2.7430,0.0000,0,0.4273
857.0,F2,7.00,35.3943,33.1170,32.9791,9.7481,-2.7481,0.0000,0,0.4273
858.0,F2,7.00,35.3745,33.1210,32.9796,9.7486,-2.7486,0.0000,0,0.4273
859.0,F2,7.00,35.3493,33.1265,32.9867,9.7557,-2.7557,0.0000,0,0.4273
860.0,F2,7.00,35.3393,33.1403,32.9980,9.7670,-2.7670,0.0000,0,0.4273
861.0,F2,7.00,35.3213,33.1530,33.0076,9.7766,-2.7766,0.0000,0,0.4273
862.0,F2,7.00,35.2916,33.1610,33.0146,9.7836,-2.7836,0.0000,0,0.4273
863.0,F2,7.00,35.2523,33.1630,33.0201,9.7891,-2.7891,0.0000,0,0.4273
864.0,F2,7.00,35.2177,33.1661,33.0282,9.7972,-2.7972,0.0000,0,0.4273
865.0,F2,7.00,35.1927,33.1728,33.0438,9.8128,-2.8128,0.0000,0,0.4273
866.0,F2,7.00,35.1627,33.1813,33.0539,9.8229,-2.8229,0.0000,0,0.4273
867.0,F2,7.00,35.1306,33.1835,33.0635,9.8325,-2.8325,0.0000,0,0.4273
868.0,F2,7.00,35.0896,33.1848,33.0775,9.8465,-2.8465,0.0000,0,0.4273
869.0,F2,7.00,35.0439,33.1792,33.0863,9.8553,-2.8553,0.0000,0,0.4273
870.0,F2,7.00,34.9948,33.1714,33.0874,9.8564,-2.8564,0.0000,0,0.4273
871.0,F2,7.00,34.9437,33.1678,33.0858,9.8548,-2.8548,0.0000,0,0.4273
872.0,F2,7.00,34.9025,33.1553,33.0902,9.8592,-2.8592,0.0000,0,0.4273
873.0,F2,7.00,34.8617,33.1526,33.0958,9.8648,-2.8648,0.0000,0,0.4273
874.0,F2,7.00,34.8160,33.1472,33.0983,9.8673,-2.8673,0.0000,0,0.4273
875.0,F2,7.00,34.7732,33.1361,33.0983,9.8673,-2.8673,0.0000,0,0.4273
876.0,F2,7.00,34.7271,33.1274,33.1023,9.8713,-2.8713,0.0000,0,0.4273
877.0,F2,7.00,34.6888,33.1194,33.1078,9.8768,-2.8768,0.0000,0,0.4273
878.0,F2,7.00,34.6466,33.1100,33.1174,9.8864,-2.8864,0.0000,0,0.4273
879.0,F2,7.00,34.6032,33.0994,33.1200,9.8890,-2.8890,0.0000,0,0.4273
880.0,F2,7.00,34.5646,33.0861,33.1100,9.8790,-2.8790,0.0000,0,0.4273
881.0,F2,7.00,34.5230,33.0707,33.1100,9.8790,-2.8790,0.0000,0,0.4273
882.0,F2,7.00,34.4883,33.0487,33.1055,9.8745,-2.8745,0.0000,0,0.4273
883.0,F2,7.00,34.4420,33.0314,33.0984,9.8674,-2.8674,0.0000,0,0.4273
884.0,F2,7.00,34.3926,33.0149,33.0984,9.8674,-2.8674,0.0000,0,0.4273
885.0,F2,7.00,34.3450,32.9961,33.0935,9.8625,-2.8625,0.0000,0,0.4273
886.0,F2,7.00,34.2977,32.9784,33.0938,9.8628,-2.8628,0.0000,0,0.4273
887.0,F2,7.00,34.2496,32.9638,33.0883,9.8573,-2.8573,0.0000,0,0.4273
888.0,F2,7.00,34.2050,32.9443,33.0907,9.8597,-2.8597,0.0000,0,0.4273
889.0,F2,7.00,34.1623,32.9331,33.0877,9.8567,-2.8567,0.0000,0,0.4273
890.0,F2,7.00,34.1241,32.9181,33.0876,9.8566,-2.8566,0.0000,0,0.4273
891.0,F2,7.00,34.0850,32.9016,33.0873,9.8563,-2.8563,0.0000,0,0.4273
892.0,F2,7.00,34.0481,32.8893,33.0857,9.8547,-2.8547,0.0000,0,0.4273
893.0,F2,7.00,34.0109,32.8745,33.0827,9.8517,-2.8517,0.0000,0,0.4273
894.0,F2,7.00,33.9740,32.8576,33.0780,9.8470,-2.8470,0.0000,0,0.4273
895.0,F2,7.00,33.9399,32.8391,33.0711,9.8401,-2.8401,0.0000,0,0.4273
896.0,F2,7.00,33.9116,32.8175,33.0669,9.8359,-2.8359,0.0000,0,0.4273
897.0,F2,7.00,33.8873,32.7968,33.0574,9.8264,-2.8264,0.0000,0,0.4273
898.0,F2,7.00,33.8648,32.7746,33.0516,9.8206,-2.8206,0.0000,0,0.4273
899.0,F2,7.00,33.8495,32.7565,33.0415,9.8105,-2.8105,0.0000,0,0.4273
900.0,F2,7.00,33.8203,32.7422,33.0265,9.7955,-2.7955,0.0000,0,0.4273
901.0,F2,7.00,33.7793,32.7210,33.0142,9.7832,-2.7832,0.0000,0,0.4273
902.0,F2,7.00,33.7346,32.6971,33.0065,9.7755,-2.7755,0.0000,0,0.4273
903.0,F2,7.00,33.6916,32.6769,32.9989,9.7679,-2.7679,0.0000,0,0.4273
904.0,F2,7.00,33.6633,32.6563,32.9913,9.7603,-2.7603,0.0000,0,0.4273
905.0,F2,7.00,33.6310,32.6445,32.9779,9.7469,-2.7469,0.0000,0,0.4273
906.0,F2,7.00,33.5974,32.6237,32.9620,9.7310,-2.7310,0.0000,0,0.4273
907.0,F2,7.00,33.5596,32.6062,32.9472,9.7162,-2.7162,0.0000,0,0.4273
908.0,F2,7.00,33.5179,32.5804,32.9314,9.7004,-2.7004,0.0000,0,0.4273
909.0,F2,7.00,33.4830,32.5568,32.9123,9.6813,-2.6813,0.0000,0,0.4273
910.0,F2,7.00,33.4564,32.5278,32.8901,9.6591,-2.6591,0.0000,0,0.4273
911.0,F2,7.00,33.4198,32.4975,32.8637,9.6327,-2.6327,0.0000,0,0.4273
912.0,F2,7.00,33.3786,32.4664,32.8394,9.6084,-2.6084,0.0000,0,0.4273
913.0,F2,7.00,33.3437,32.4390,32.8137,9.5827,-2.5827,0.0000,0,0.4273
914.0,F2,7.00,33.2998,32.4106,32.7943,9.5633,-2.5633,0.0000,0,0.4273
915.0,F2,7.00,33.2752,32.3866,32.7774,9.5464,-2.5464,0.0000,0,0.4273
916.0,F2,7.00,33.2417,32.3656,32.7596,9.5286,-2.5286,0.0000,0,0.4273
917.0,F2,7.00,33.2070,32.3448,32.7425,9.5115,-2.5115,0.0000,0,0.4273
918.0,F2,7.00,33.1752,32.3166,32.7169,9.4859,-2.4859,0.0000,0,0.4273
919.0,F2,7.00,33.1408,32.2941,32.7012,9.4702,-2.4702,0.0000,0,0.4273
920.0,F2,7.00,33.1085,32.2750,32.6808,9.4498,-2.4498,0.0000,0,0.4273
921.0,F2,7.00,33.0726,32.2444,32.6562,9.4252,-2.4252,0.0000,0,0.4273
922.0,F2,7.00,33.0455,32.2253,32.6333,9.4023,-2.4023,0.0000,0,0.4273
923.0,F2,7.00,33.0076,32.1988,32.6187,9.3877,-2.3877,0.0000,0,0.4273
924.0,F2,7.00,32.9656,32.1746,32.6058,9.3748,-2.3748,0.0000,0,0.4273
925.0,F2,7.00,32.9327,32.1526,32.5894,9.3584,-2.3584,0.0000,0,0.4273
926.0,F2,7.00,32.8989,32.1340,32.5766,9.3456,-2.3456,0.0000,0,0.4273
927.0,F2,7.00,32.8634,32.1146,32.5637,9.3327,-2.3327,0.0000,0,0.4273
928.0,F2,7.00,32.8270,32.0977,32.5483,9.3173,-2.3173,0.0000,0,0.4273
929.0,F2,7.00,32.8059,32.0792,32.5373,9.3063,-2.3063,0.0000,0,0.4273
930.0,F2,7.00,32.7770,32.0558,32.5201,9.2891,-2.2891,0.0000,0,0.4273
931.0,F2,7.00,32.7426,32.0267,32.5029,9.2719,-2.2719,0.0000,0,0.4273
932.0,F2,7.00,32.7238,32.0031,32.4818,9.2507,-2.2507,0.0000,0,0.4273
933.0,F2,7.00,32.7014,31.9852,32.4601,9.2291,-2.2291,0.0000,0,0.4273
934.0,F2,7.00,32.6768,31.9640,32.4369,9.2059,-2.2059,0.0000,0,0.4273
935.0,F2,7.00,32.6478,31.9483,32.4160,9.1850,-2.1850,0.0000,0,0.4273
936.0,F2,7.00,32.6238,31.9296,32.3946,9.1636,-2.1636,0.0000,0,0.4273
937.0,F2,7.00,32.6017,31.9150,32.3740,9.1430,-2.1430,0.0000,0,0.4273
938.0,F2,7.00,32.5823,31.8987,32.3579,9.1269,-2.1269,0.0000,0,0.4273
939.0,F2,7.00,32.5541,31.8860,32.3466,9.1156,-2.1156,0.0000,0,0.4273
940.0,F2,7.00,32.5242,31.8640,32.3354,9.1044,-2.1044,0.0000,0,0.4273
941.0,F2,7.00,32.5065,31.8458,32.3223,9.0913,-2.0913,0.0000,0,0.4273
942.0,F2,7.00,32.4818,31.8258,32.3045,9.0735,-2.0735,0.0000,0,0.4273
943.0,F2,7.00,32.4598,31.8051,32.2872,9.0562,-2.0562,0.0000,0,0.4273
944.0,F2,7.00,32.4316,31.7816,32.2686,9.0376,-2.0376,0.0000,0,0.4273
945.0,F2,7.00,32.4040,31.7545,32.2485,9.0175,-2.0175,0.0000,0,0.4273
946.0,F2,7.00,32.3820,31.7311,32.2306,8.9996,-1.9996,0.0000,0,0.4273
947.0,F2,7.00,32.3477,31.7132,32.2153,8.9843,-1.9843,0.0000,0,0.4273
948.0,F2,7.00,32.3208,31.6931,32.1960,8.9650,-1.9650,0.0000,0,0.4273
949.0,F2,7.00,32.2872,31.6732,32.1726,8.9416,-1.9416,0.0000,0,0.4273
950.0,F2,7.00,32.2614,31.6541,32.1536,8.9226,-1.9226,0.0000,0,0.4273
951.0,F2,7.00,32.2353,31.6320,32.1326,8.9016,-1.9016,0.0000,0,0.4273
952.0,F2,7.00,32.2074,31.6146,32.1129,8.8819,-1.8819,0.0000,0,0.4273
953.0,F2,7.00,32.1764,31.5934,32.0951,8.8641,-1.8641,0.0000,0,0.4273
954.0,F2,7.00,32.1523,31.5730,32.0790,8.8480,-1.8480,0.0000,0,0.4273
955.0,F2,7.00,32.1343,31.5537,32.0574,8.8264,-1.8264,0.0000,0,0.4273
956.0,F2,7.00,32.1098,31.5364,32.0374,8.8064,-1.8064,0.0000,0,0.4273
957.0,F2,7.00,32.0781,31.5118,32.0164,8.7854,-1.7854,0.0000,0,0.4273
958.0,F2,7.00,32.0479,31.4915,31.9949,8.7639,-1.7639,0.0000,0,0.4273
959.0,F2,7.00,32.0186,31.4656,31.9751,8.7441,-1.7441,0.0000,0,0.4273
960.0,F2,7.00,32.0000,31.4478,31.9553,8.7243,-1.7243,0.0000,0,0.4273
961.0,F2,7.00,31.9763,31.4250,31.9384,8.7074,-1.7074,0.0000,0,0.4273
962.0,F2,7.00,31.9455,31.4022,31.9107,8.6797,-1.6797,0.0000,0,0.4273
963.0,F2,7.00,31.9151,31.3763,31.8905,8.6595,-1.6595,0.0000,0,0.4273
964.0,F2,7.00,31.8890,31.3565,31.8739,8.6429,-1.6429,0.0000,0,0.4273
965.0,F2,7.00,31.8617,31.3327,31.8555,8.6245,-1.6245,0.0000,0,0.4273
966.0,F2,7.00,31.8312,31.3119,31.8377,8.6067,-1.6067,0.0000,0,0.4273
967.0,F2,7.00,31.7980,31.2875,31.8170,8.5860,-1.5860,0.0000,0,0.4273
968.0,F2,7.00,31.7664,31.2630,31.7955,8.5645,-1.5645,0.0000,0,0.4273
969.0,F2,7.00,31.7403,31.2385,31.7730,8.5420,-1.5420,0.0000,0,0.4273
970.0,F2,7.00,31.7167,31.2175,31.7495,8.5184,-1.5184,0.0000,0,0.4273
971.0,F2,7.00,31.6866,31.1977,31.7281,8.4971,-1.4971,0.0000,0,0.4273
972.0,F2,7.00,31.6612,31.1758,31.7071,8.4761,-1.4761,0.0000,0,0.4273
973.0,F2,7.00,31.6353,31.1547,31.6867,8.4557,-1.4557,0.0000,0,0.4273
974.0,F2,7.00,31.6110,31.1303,31.6676,8.4366,-1.4366,0.0000,0,0.4273
975.0,F2,7.00,31.5815,31.1111,31.6431,8.4121,-1.4121,0.0000,0,0.4273
976.0,F2,7.00,31.5551,31.0879,31.6098,8.3788,-1.3788,0.0000,0,0.4273
977.0,F2,7.00,31.5325,31.0625,31.5870,8.3560,-1.3560,0.0000,0,0.4273
978.0,F2,7.00,31.5092,31.0445,31.5639,8.3329,-1.3329,0.0000,0,0.4273
979.0,F2,7.00,31.4817,31.0190,31.5417,8.3107,-1.3107,0.0000,0,0.4273
980.0,F2,7.00,31.4532,30.9943,31.5165,8.2855,-1.2855,0.0000,0,0.4273
981.0,F2,7.00,31.4295,30.9722,31.4920,8.2610,-1.2610,0.0000,0,0.4273
982.0,F2,7.00,31.4180,30.9549,31.4685,8.2375,-1.2375,0.0000,0,0.4273
983.0,F2,7.00,31.4059,30.9475,31.4542,8.2232,-1.2232,0.0000,0,0.4273
984.0,F2,7.00,31.3884,30.9384,31.4320,8.2010,-1.2010,0.0000,0,0.4273
985.0,F2,7.00,31.3643,30.9206,31.4128,8.1817,-1.1817,0.0000,0,0.4273
986.0,F2,7.00,31.3440,30.8982,31.3919,8.1609,-1.1609,0.0000,0,0.4273
987.0,F2,7.00,31.3237,30.8739,31.3746,8.1436,-1.1436,0.0000,0,0.4273
988.0,F2,7.00,31.3080,30.8537,31.3553,8.1243,-1.1243,0.0000,0,0.4273
989.0,F2,7.00,31.2925,30.8335,31.3345,8.1035,-1.1035,0.0000,0,0.4273
990.0,F2,7.00,31.2710,30.8184,31.3163,8.0853,-1.0853,0.0000,0,0.4273
991.0,F2,7.00,31.2506,30.8043,31.2952,8.0642,-1.0642,0.0000,0,0.4273
992.0,F2,7.00,31.2352,30.7852,31.2804,8.0494,-1.0494,0.0000,0,0.4273
993.0,F2,7.00,31.2212,30.7715,31.2665,8.0355,-1.0355,0.0000,0,0.4273
994.0,F2,7.00,31.2011,30.7538,31.2608,8.0298,-1.0298,0.0000,0,0.4273
995.0,F2,7.00,31.1904,30.7386,31.2540,8.0230,-1.0230,0.0000,0,0.4273
996.0,F2,7.00,31.1768,30.7228,31.2395,8.0085,-1.0085,0.0000,0,0.4273
997.0,F2,7.00,31.1635,30.7079,31.2193,7.9883,-0.9883,0.0000,0,0.4273
998.0,F2,7.00,31.1448,30.6942,31.2072,7.9762,-0.9762,0.0000,0,0.4273
999.0,F2,7.00,31.1247,30.6777,31.1915,7.9605,-0.9605,0.0000,0,0.4273
1000.0,F2,7.00,31.1011,30.6581,31.1785,7.9475,-0.9475,0.0267,0,0.4048
1001.0,F2,7.00,31.0779,30.6342,31.1595,7.9285,-0.9285,0.0267,0,0.4048
1002.0,F2,7.00,31.0572,30.6133,31.1376,7.9066,-0.9066,0.0267,0,0.4048
1003.0,F2,7.00,31.0380,30.5898,31.1165,7.8855,-0.8855,0.0267,0,0.4048
1004.0,F2,7.00,31.0139,30.5699,31.1009,7.8699,-0.8699,0.0267,0,0.4048
1005.0,F2,7.00,30.9938,30.5466,31.0843,7.8533,-0.8533,0.0267,0,0.4048
1006.0,F2,7.00,30.9725,30.5194,31.0627,7.8317,-0.8317,0.0267,0,0.4048
1007.0,F2,7.00,30.9537,30.4983,31.0463,7.8153,-0.8153,0.0267,0,0.4048
1008.0,F2,7.00,30.9347,30.4814,31.0311,7.8001,-0.8001,0.0267,0,0.4048
1009.0,F2,7.00,30.9205,30.4639,31.0119,7.7809,-0.7809,0.0267,0,0.4048
1010.0,F2,7.00,30.9091,30.4503,30.9945,7.7635,-0.7635,0.0820,0,0.3866
1011.0,F2,7.00,30.8914,30.4336,30.9782,7.7472,-0.7472,0.0820,0,0.3866
1012.0,F2,7.00,30.8673,30.4194,30.9597,7.7287,-0.7287,0.0820,0,0.3866
1013.0,F2,7.00,30.8488,30.3992,30.9385,7.7075,-0.7075,0.0820,0,0.3866
1014.0,F2,7.00,30.8266,30.3848,30.9122,7.6812,-0.6812,0.0820,0,0.3866
1015.0,F2,7.00,30.8090,30.3626,30.8921,7.6611,-0.6611,0.0820,0,0.3866
1016.0,F2,7.00,30.7916,30.3447,30.8722,7.6412,-0.6412,0.0820,0,0.3866
1017.0,F2,7.00,30.7813,30.3271,30.8495,7.6185,-0.6185,0.0820,0,0.3866
1018.0,F2,7.00,30.7687,30.3095,30.8287,7.5977,-0.5977,0.0820,0,0.3866
1019.0,F2,7.00,30.7521,30.2923,30.8064,7.5754,-0.5754,0.0820,0,0.3866
1020.0,F2,7.00,30.7441,30.2725,30.7851,7.5541,-0.5541,0.1524,0,0.3735
1021.0,F2,7.00,30.7300,30.2571,30.7658,7.5348,-0.5348,0.1524,0,0.3735
1022.0,F2,7.00,30.7101,30.2402,30.7499,7.5189,-0.5189,0.1524,0,0.3735
1023.0,F2,7.00,30.6871,30.2206,30.7306,7.4996,-0.4996,0.1524,0,0.3735
1024.0,F2,7.00,30.6675,30.2120,30.7096,7.4786,-0.4786,0.1524,0,0.3735
1025.0,F2,7.00,30.6488,30.2021,30.6932,7.4622,-0.4622,0.1524,0,0.3735
1026.0,F2,7.00,30.6262,30.1826,30.6706,7.4396,-0.4396,0.1524,0,0.3735
1027.0,F2,7.00,30.6118,30.1648,30.6461,7.4151,-0.4151,0.1524,0,0.3735
1028.0,F2,7.00,30.5997,30.1437,30.6266,7.3956,-0.3956,0.1524,0,0.3735
1029.0,F2,7.00,30.5847,30.1260,30.6055,7.3745,-0.3745,0.1524,0,0.3735
1030.0,F2,7.00,30.5733,30.1094,30.5863,7.3553,-0.3553,0.2233,0,0.3650
1031.0,F2,7.00,30.5657,30.0923,30.5670,7.3360,-0.3360,0.2233,0,0.3650
1032.0,F2,7.00,30.5567,30.0737,30.5449,7.3139,-0.3139,0.2233,0,0.3650
1033.0,F2,7.00,30.5396,30.0591,30.5249,7.2939,-0.2939,0.2233,0,0.3650
1034.0,F2,7.00,30.5296,30.0439,30.5036,7.2726,-0.2726,0.2233,0,0.3650
1035.0,F2,7.00,30.5170,30.0282,30.4843,7.2533,-0.2533,0.2233,0,0.3650
1036.0,F2,7.00,30.5137,30.0138,30.4676,7.2366,-0.2366,0.2233,0,0.3650
1037.0,F2,7.00,30.5115,30.0048,30.4584,7.2274,-0.2274,0.2233,0,0.3650
1038.0,F2,7.00,30.5110,30.0020,30.4406,7.2096,-0.2096,0.2233,0,0.3650
1039.0,F2,7.00,30.5038,29.9922,30.4247,7.1937,-0.1937,0.2233,0,0.3650
1040.0,F2,7.00,30.4992,29.9786,30.4109,7.1799,-0.1799,0.2890,0,0.3608
1041.0,F2,7.00,30.5039,29.9671,30.3973,7.1663,-0.1663,0.2890,0,0.3608
1042.0,F2,7.00,30.5006,29.9562,30.3850,7.1540,-0.1540,0.2890,0,0.3608
1043.0,F2,7.00,30.4991,29.9459,30.3713,7.1403,-0.1403,0.2890,0,0.3608
1044.0,F2,7.00,30.4945,29.9323,30.3616,7.1306,-0.1306,0.2890,0,0.3608
1045.0,F2,7.00,30.4952,29.9226,30.3483,7.1173,-0.1173,0.2890,0,0.3608
1046.0,F2,7.00,30.4928,29.9094,30.3367,7.1057,-0.1057,0.2890,0,0.3608
1047.0,F2,7.00,30.4901,29.8976,30.3222,7.0912,-0.0912,0.2890,0,0.3608
1048.0,F2,7.00,30.4963,29.8898,30.3077,7.0767,-0.0767,0.2890,0,0.3608
1049.0,F2,7.00,30.5037,29.8744,30.2896,7.0586,-0.0586,0.2890,0,0.3608
1050.0,F2,7.00,30.5124,29.8712,30.2769,7.0459,-0.0459,0.3414,0,0.3597
1051.0,F2,7.00,30.5265,29.8610,30.2624,7.0314,-0.0314,0.3414,0,0.3597
1052.0,F2,7.00,30.5352,29.8568,30.2507,7.0197,-0.0197,0.3414,0,0.3597
1053.0,F2,7.00,30.5472,29.8517,30.2403,7.0093,-0.0093,0.3414,0,0.3597
1054.0,F2,7.00,30.5532,29.8434,30.2283,6.9973,0.0027,0.3414,0,0.3597
1055.0,F2,7.00,30.5678,29.8318,30.2097,6.9787,0.0213,0.3414,0,0.3597
1056.0,F2,7.00,30.5789,29.8261,30.2004,6.9694,0.0306,0.3414,0,0.3597
1057.0,F2,7.00,30.5898,29.8170,30.1938,6.9628,0.0372,0.3414,0,0.3597
1058.0,F2,7.00,30.5942,29.8050,30.1814,6.9504,0.0496,0.3414,0,0.3597
1059.0,F2,7.00,30.5994,29.7988,30.1655,6.9345,0.0655,0.3414,0,0.3597
1060.0,F2,7.00,30.5989,29.7896,30.1495,6.9185,0.0815,0.3941,0,0.3616
1061.0,F2,7.00,30.6027,29.7805,30.1394,6.9084,0.0916,0.3941,0,0.3616
1062.0,F2,7.00,30.6075,29.7760,30.1286,6.8976,0.1024,0.3941,0,0.3616
1063.0,F2,7.00,30.6143,29.7698,30.1198,6.8888,0.1112,0.3941,0,0.3616
1064.0,F2,7.00,30.6241,29.7684,30.1071,6.8761,0.1239,0.3941,0,0.3616
1065.0,F2,7.00,30.6299,29.7679,30.1043,6.8733,0.1267,0.3941,1,0.3616
1066.0,F2,7.00,30.6442,29.7732,30.0929,6.8619,0.1381,0.3941,1,0.3616
1067.0,F2,7.00,30.6661,29.7727,30.0828,6.8518,0.1482,0.3941,1,0.3616
1068.0,F2,7.00,30.6867,29.7718,30.0720,6.8410,0.1590,0.3941,1,0.3616
1069.0,F2,7.00,30.7024,29.7702,30.0595,6.8285,0.1715,0.3941,1,0.3616
1070.0,F2,7.00,30.7223,29.7676,30.0473,6.8163,0.1837,0.4393,1,0.3660
1071.0,F2,7.00,30.7367,29.7667,30.0356,6.8046,0.1954,0.4393,1,0.3660
1072.0,F2,7.00,30.7486,29.7664,30.0310,6.8000,0.2000,0.4393,1,0.3660
1073.0,F2,7.00,30.7648,29.7707,30.0314,6.8004,0.1996,0.4393,1,0.3660
1074.0,F2,7.00,30.7818,29.7764,30.0336,6.8026,0.1974,0.4393,1,0.3660
1075.0,F2,7.00,30.7958,29.7792,30.0311,6.8001,0.1999,0.4393,1,0.3660
1076.0,F2,7.00,30.8055,29.7778,30.0304,6.7994,0.2006,0.4393,1,0.3660
1077.0,F2,7.00,30.8095,29.7735,30.0266,6.7955,0.2045,0.4393,1,0.3660
1078.0,F2,7.00,30.8187,29.7766,30.0258,6.7948,0.2052,0.4393,1,0.3660
1079.0,F2,7.00,30.8324,29.7799,30.0267,6.7957,0.2043,0.4393,1,0.3660
1080.0,F2,7.00,30.8474,29.7809,30.0288,6.7978,0.2022,0.4515,1,0.3708
# F2,method=10,r=7.00,t_phase=240,e_ss=-0.522,IAE=371.67,ISE=837.32,TV=1.057,n_on=90,n_h=1350.0,t5=180,c_p=2.879,c_pp=3.081,E=46.1
1081.0,F3,7.00,30.8626,29.7835,30.0271,6.7961,0.2039,0.4515,1,0.3708
1082.0,F3,7.00,30.8867,29.7823,30.0241,6.7931,0.2069,0.4515,1,0.3708
1083.0,F3,7.00,30.9053,29.7851,30.0219,6.7909,0.2091,0.4515,1,0.3708
1084.0,F3,7.00,30.9250,29.7848,30.0202,6.7892,0.2108,0.4515,1,0.3708
1085.0,F3,7.00,30.9447,29.7887,30.0151,6.7841,0.2159,0.4515,1,0.3708
1086.0,F3,7.00,30.9640,29.7879,30.0111,6.7801,0.2199,0.4515,1,0.3708
1087.0,F3,7.00,30.9775,29.7911,30.0076,6.7766,0.2234,0.4515,1,0.3708
1088.0,F3,7.00,30.9916,29.7928,29.9997,6.7687,0.2313,0.4515,1,0.3708
1089.0,F3,7.00,31.0078,29.7947,29.9916,6.7606,0.2394,0.4515,1,0.3708
1090.0,F3,7.00,31.0253,29.7982,29.9846,6.7536,0.2464,0.4749,1,0.3766
1091.0,F3,7.00,31.0369,29.8018,29.9767,6.7457,0.2543,0.4749,1,0.3766
1092.0,F3,7.00,31.0525,29.8041,29.9734,6.7424,0.2576,0.4749,1,0.3766
1093.0,F3,7.00,31.0673,29.8081,29.9704,6.7394,0.2606,0.4749,1,0.3766
1094.0,F3,7.00,31.0769,29.8174,29.9686,6.7376,0.2624,0.4749,1,0.3766
1095.0,F3,7.00,31.0873,29.8166,29.9688,6.7378,0.2622,0.4749,1,0.3766
1096.0,F3,7.00,31.0988,29.8190,29.9607,6.7297,0.2703,0.4749,1,0.3766
1097.0,F3,7.00,31.1126,29.8201,29.9539,6.7229,0.2771,0.4749,1,0.3766
1098.0,F3,7.00,31.1235,29.8239,29.9523,6.7213,0.2787,0.4749,1,0.3766
1099.0,F3,7.00,31.1264,29.8265,29.9531,6.7221,0.2779,0.4749,1,0.3766
1100.0,F3,7.00,31.1322,29.8305,29.9528,6.7218,0.2782,0.4942,1,0.3832
1101.0,F3,7.00,31.1401,29.8441,29.9504,6.7194,0.2806,0.4942,1,0.3832
1102.0,F3,7.00,31.1538,29.8574,29.9514,6.7204,0.2796,0.4942,1,0.3832
1103.0,F3,7.00,31.1691,29.8604,29.9514,6.7204,0.2796,0.4942,1,0.3832
1104.0,F3,7.00,31.1903,29.8650,29.9485,6.7175,0.2825,0.4942,1,0.3832
1105.0,F3,7.00,31.2096,29.8637,29.9414,6.7104,0.2896,0.4942,1,0.3832
1106.0,F3,7.00,31.2392,29.8662,29.9339,6.7029,0.2971,0.4942,1,0.3832
1107.0,F3,7.00,31.2670,29.8759,29.9332,6.7022,0.2978,0.4942,1,0.3832
1108.0,F3,7.00,31.2888,29.8835,29.9380,6.7070,0.2930,0.4942,1,0.3832
1109.0,F3,7.00,31.2990,29.8976,29.9384,6.7074,0.2926,0.4942,1,0.3832
1110.0,F3,7.00,31.3140,29.9011,29.9426,6.7116,0.2884,0.5052,1,0.3901
1111.0,F3,7.00,31.3273,29.9098,29.9463,6.7153,0.2847,0.5052,1,0.3901
1112.0,F3,7.00,31.3539,29.9166,29.9462,6.7152,0.2848,0.5052,1,0.3901
1113.0,F3,7.00,31.3846,29.9280,29.9514,6.7204,0.2796,0.5052,1,0.3901
1114.0,F3,7.00,31.4088,29.9417,29.9545,6.7235,0.2765,0.5052,1,0.3901
1115.0,F3,7.00,31.4299,29.9459,29.9558,6.7248,0.2752,0.5052,1,0.3901
1116.0,F3,7.00,31.4465,29.9480,29.9547,6.7237,0.2763,0.5052,1,0.3901
1117.0,F3,7.00,31.4657,29.9567,29.9557,6.7247,0.2753,0.5052,1,0.3901
1118.0,F3,7.00,31.4790,29.9692,29.9603,6.7293,0.2707,0.5052,1,0.3901
1119.0,F3,7.00,31.4928,29.9799,29.9663,6.7353,0.2647,0.5052,1,0.3901
1120.0,F3,7.00,31.5092,29.9879,29.9697,6.7387,0.2613,0.5006,1,0.3963
1121.0,F3,7.00,31.5190,29.9923,29.9756,6.7446,0.2554,0.5006,1,0.3963
1122.0,F3,7.00,31.5297,29.9904,29.9796,6.7486,0.2514,0.5006,1,0.3963
1123.0,F3,7.00,31.5381,29.9939,29.9811,6.7501,0.2499,0.5006,1,0.3963
1124.0,F3,7.00,31.5478,29.9958,29.9894,6.7584,0.2416,0.5006,1,0.3963
1125.0,F3,7.00,31.5563,30.0032,29.9989,6.7679,0.2321,0.5006,1,0.3963
1126.0,F3,7.00,31.5687,30.0098,30.0092,6.7782,0.2218,0.5006,1,0.3963
1127.0,F3,7.00,31.5877,30.0178,30.0257,6.7947,0.2053,0.5006,1,0.3963
1128.0,F3,7.00,31.6053,30.0286,30.0401,6.8091,0.1909,0.5006,1,0.3963
1129.0,F3,7.00,31.6255,30.0378,30.0480,6.8170,0.1830,0.5006,1,0.3963
1130.0,F3,7.00,31.6389,30.0529,30.0555,6.8245,0.1755,0.4705,1,0.4005
1131.0,F3,7.00,31.6507,30.0648,30.0608,6.8298,0.1702,0.4705,1,0.4005
1132.0,F3,7.00,31.6646,30.0734,30.0647,6.8337,0.1663,0.4705,1,0.4005
1133.0,F3,7.00,31.6823,30.0835,30.0744,6.8434,0.1566,0.4705,1,0.4005
1134.0,F3,7.00,31.7037,30.0974,30.0811,6.8501,0.1499,0.4705,1,0.4005
1135.0,F3,7.00,31.7206,30.1069,30.0916,6.8606,0.1394,0.4705,1,0.4005
1136.0,F3,7.00,31.7274,30.1161,30.1003,6.8692,0.1308,0.4705,1,0.4005
1137.0,F3,7.00,31.7336,30.1242,30.1074,6.8764,0.1236,0.4705,1,0.4005
1138.0,F3,7.00,31.7443,30.1319,30.1216,6.8906,0.1094,0.4705,1,0.4005
1139.0,F3,7.00,31.7608,30.1386,30.1353,6.9043,0.0957,0.4705,1,0.4005
1140.0,F3,7.00,31.7722,30.1462,30.1461,6.9151,0.0849,0.4364,1,0.4025
1141.0,F3,7.00,31.7768,30.1560,30.1523,6.9213,0.0787,0.4364,1,0.4025
1142.0,F3,7.00,31.7776,30.1678,30.1625,6.9315,0.0685,0.4364,0,0.4025
1143.0,F3,7.00,31.7870,30.1712,30.1717,6.9407,0.0593,0.4364,0,0.4025
1144.0,F3,7.00,31.8001,30.1805,30.1813,6.9503,0.0497,0.4364,0,0.4025
1145.0,F3,7.00,31.8220,30.1898,30.1902,6.9592,0.0408,0.4364,0,0.4025
1146.0,F3,7.00,31.8456,30.1995,30.1962,6.9652,0.0348,0.4364,0,0.4025
1147.0,F3,7.00,31.8611,30.2151,30.2068,6.9758,0.0242,0.4364,0,0.4025
1148.0,F3,7.00,31.8799,30.2301,30.2129,6.9819,0.0181,0.4364,0,0.4025
1149.0,F3,7.00,31.9028,30.2469,30.2171,6.9861,0.0139,0.4364,0,0.4025
1150.0,F3,7.00,31.9266,30.2601,30.2275,6.9965,0.0035,0.4040,0,0.4026
1151.0,F3,7.00,31.9380,30.2726,30.2379,7.0069,-0.0069,0.4040,0,0.4026
1152.0,F3,7.00,31.9529,30.2861,30.2495,7.0185,-0.0185,0.4040,0,0.4026
1153.0,F3,7.00,31.9625,30.2976,30.2586,7.0276,-0.0276,0.4040,0,0.4026
1154.0,F3,7.00,31.9686,30.3071,30.2639,7.0329,-0.0329,0.4040,0,0.4026
1155.0,F3,7.00,31.9831,30.3203,30.2719,7.0409,-0.0409,0.4040,0,0.4026
1156.0,F3,7.00,31.9856,30.3307,30.2839,7.0529,-0.0529,0.4040,0,0.4026
1157.0,F3,7.00,31.9866,30.3377,30.2944,7.0634,-0.0634,0.4040,0,0.4026
1158.0,F3,7.00,31.9977,30.3457,30.3046,7.0736,-0.0736,0.4040,0,0.4026
1159.0,F3,7.00,32.0060,30.3557,30.3181,7.0871,-0.0871,0.4040,0,0.4026
1160.0,F3,7.00,32.0146,30.3683,30.3282,7.0972,-0.0972,0.3615,0,0.4003
1161.0,F3,7.00,32.0260,30.3791,30.3412,7.1102,-0.1102,0.3615,0,0.4003
1162.0,F3,7.00,32.0284,30.3899,30.3513,7.1203,-0.1203,0.3615,0,0.4003
1163.0,F3,7.00,32.0395,30.4028,30.3600,7.1290,-0.1290,0.3615,0,0.4003
1164.0,F3,7.00,32.0479,30.4130,30.3659,7.1349,-0.1349,0.3615,0,0.4003
1165.0,F3,7.00,32.0529,30.4227,30.3728,7.1418,-0.1418,0.3615,0,0.4003
1166.0,F3,7.00,32.0583,30.4271,30.3798,7.1488,-0.1488,0.3615,0,0.4003
1167.0,F3,7.00,32.0657,30.4301,30.3853,7.1543,-0.1543,0.3615,0,0.4003
1168.0,F3,7.00,32.0746,30.4385,30.3884,7.1574,-0.1574,0.3615,0,0.4003
1169.0,F3,7.00,32.0781,30.4493,30.3964,7.1654,-0.1654,0.3615,0,0.4003
1170.0,F3,7.00,32.0806,30.4534,30.4030,7.1720,-0.1720,0.3276,0,0.3962
1171.0,F3,7.00,32.0838,30.4574,30.4089,7.1779,-0.1779,0.3276,0,0.3962
1172.0,F3,7.00,32.0884,30.4642,30.4175,7.1865,-0.1865,0.3276,0,0.3962
1173.0,F3,7.00,32.0941,30.4693,30.4218,7.1908,-0.1908,0.3276,0,0.3962
1174.0,F3,7.00,32.0906,30.4680,30.4260,7.1950,-0.1950,0.3276,0,0.3962
1175.0,F3,7.00,32.0846,30.4730,30.4298,7.1988,-0.1988,0.3276,0,0.3962
1176.0,F3,7.00,32.0903,30.4794,30.4391,7.2081,-0.2081,0.3276,0,0.3962
1177.0,F3,7.00,32.0945,30.4856,30.4457,7.2147,-0.2147,0.3276,0,0.3962
1178.0,F3,7.00,32.0950,30.4929,30.4554,7.2244,-0.2244,0.3276,0,0.3962
1179.0,F3,7.00,32.0963,30.4964,30.4671,7.2361,-0.2361,0.3276,0,0.3962
1180.0,F3,7.00,32.1057,30.5065,30.4774,7.2464,-0.2464,0.2920,0,0.3903
1181.0,F3,7.00,32.1107,30.5156,30.4858,7.2548,-0.2548,0.2920,0,0.3903
1182.0,F3,7.00,32.1121,30.5217,30.4971,7.2661,-0.2661,0.2920,0,0.3903
1183.0,F3,7.00,32.1097,30.5314,30.5102,7.2792,-0.2792,0.2920,0,0.3903
1184.0,F3,7.00,32.1064,30.5411,30.5247,7.2937,-0.2937,0.2920,0,0.3903
1185.0,F3,7.00,32.1087,30.5567,30.5389,7.3079,-0.3079,0.2920,0,0.3903
1186.0,F3,7.00,32.1054,30.5639,30.5542,7.3232,-0.3232,0.2920,0,0.3903
1187.0,F3,7.00,32.0979,30.5672,30.5632,7.3322,-0.3322,0.2920,0,0.3903
1188.0,F3,7.00,32.0938,30.5676,30.5745,7.3435,-0.3435,0.2920,0,0.3903
1189.0,F3,7.00,32.0946,30.5716,30.5789,7.3479,-0.3479,0.2920,0,0.3903
1190.0,F3,7.00,32.0951,30.5714,30.5806,7.3496,-0.3496,0.2425,0,0.3820
1191.0,F3,7.00,32.0805,30.5689,30.5809,7.3499,-0.3499,0.2425,0,0.3820
1192.0,F3,7.00,32.0717,30.5680,30.5813,7.3503,-0.3503,0.2425,0,0.3820
1193.0,F3,7.00,32.0663,30.5684,30.5872,7.3562,-0.3562,0.2425,0,0.3820
1194.0,F3,7.00,32.0616,30.5726,30.5873,7.3563,-0.3563,0.2425,0,0.3820
1195.0,F3,7.00,32.0541,30.5731,30.5890,7.3580,-0.3580,0.2425,0,0.3820
1196.0,F3,7.00,32.0472,30.5724,30.5909,7.3599,-0.3599,0.2425,0,0.3820
1197.0,F3,7.00,32.0275,30.5686,30.5930,7.3620,-0.3620,0.2425,0,0.3820
1198.0,F3,7.00,32.0103,30.5689,30.5944,7.3634,-0.3634,0.2425,0,0.3820
1199.0,F3,7.00,32.0004,30.5722,30.5966,7.3656,-0.3656,0.2425,0,0.3820
1200.0,F3,7.00,31.9819,30.5702,30.5953,7.3643,-0.3643,0.2280,0,0.3734
1201.0,F3,7.00,31.9602,30.5685,30.5961,7.3651,-0.3651,0.2280,0,0.3734
1202.0,F3,7.00,31.9378,30.5678,30.5951,7.3641,-0.3641,0.2280,0,0.3734
1203.0,F3,7.00,31.9245,30.5651,30.5918,7.3608,-0.3608,0.2280,0,0.3734
1204.0,F3,7.00,31.9111,30.5686,30.6013,7.3703,-0.3703,0.2280,0,0.3734
1205.0,F3,7.00,31.8948,30.5669,30.6076,7.3766,-0.3766,0.2280,0,0.3734
1206.0,F3,7.00,31.8899,30.5663,30.6102,7.3792,-0.3792,0.2280,0,0.3734
1207.0,F3,7.00,31.8920,30.5652,30.6136,7.3826,-0.3826,0.2280,0,0.3734
1208.0,F3,7.00,31.8913,30.5662,30.6163,7.3853,-0.3853,0.2280,0,0.3734
1209.0,F3,7.00,31.8965,30.5686,30.6202,7.3892,-0.3892,0.2280,0,0.3734
1210.0,F3,7.00,31.8969,30.5731,30.6249,7.3939,-0.3939,0.2069,0,0.3640
1211.0,F3,7.00,31.8973,30.5715,30.6263,7.3953,-0.3953,0.2069,0,0.3640
1212.0,F3,7.00,31.8971,30.5705,30.6291,7.3981,-0.3981,0.2069,0,0.3640
1213.0,F3,7.00,31.8964,30.5707,30.6328,7.4018,-0.4018,0.2069,0,0.3640
1214.0,F3,7.00,31.8960,30.5728,30.6334,7.4024,-0.4024,0.2069,0,0.3640
1215.0,F3,7.00,31.8925,30.5773,30.6348,7.4038,-0.4038,0.2069,0,0.3640
1216.0,F3,7.00,31.8831,30.5746,30.6378,7.4068,-0.4068,0.2069,0,0.3640
1217.0,F3,7.00,31.8741,30.5739,30.6354,7.4044,-0.4044,0.2069,0,0.3640
1218.0,F3,7.00,31.8560,30.5726,30.6360,7.4050,-0.4050,0.2069,0,0.3640
1219.0,F3,7.00,31.8421,30.5669,30.6320,7.4010,-0.4010,0.2069,0,0.3640
1220.0,F3,7.00,31.8249,30.5608,30.6291,7.3981,-0.3981,0.1957,0,0.3546
1221.0,F3,7.00,31.8136,30.5581,30.6317,7.4007,-0.4007,0.1957,0,0.3546
1222.0,F3,7.00,31.8059,30.5607,30.6400,7.4090,-0.4090,0.1957,0,0.3546
1223.0,F3,7.00,31.8002,30.5629,30.6464,7.4154,-0.4154,0.1957,0,0.3546
1224.0,F3,7.00,31.7976,30.5646,30.6525,7.4215,-0.4215,0.1957,0,0.3546
1225.0,F3,7.00,31.7804,30.5638,30.6599,7.4289,-0.4289,0.1957,0,0.3546
1226.0,F3,7.00,31.7678,30.5545,30.6645,7.4335,-0.4335,0.1957,0,0.3546
1227.0,F3,7.00,31.7487,30.5454,30.6603,7.4293,-0.4293,0.1957,0,0.3546
1228.0,F3,7.00,31.7266,30.5392,30.6527,7.4217,-0.4217,0.1957,0,0.3546
1229.0,F3,7.00,31.7027,30.5280,30.6421,7.4111,-0.4111,0.1957,0,0.3546
1230.0,F3,7.00,31.6843,30.5154,30.6319,7.4009,-0.4009,0.1851,0,0.3450
1231.0,F3,7.00,31.6698,30.5056,30.6248,7.3938,-0.3938,0.1851,0,0.3450
1232.0,F3,7.00,31.6590,30.4932,30.6193,7.3883,-0.3883,0.1851,0,0.3450
1233.0,F3,7.00,31.6501,30.4840,30.6108,7.3798,-0.3798,0.1851,0,0.3450
1234.0,F3,7.00,31.6349,30.4731,30.6037,7.3727,-0.3727,0.1851,0,0.3450
1235.0,F3,7.00,31.6275,30.4648,30.5993,7.3683,-0.3683,0.1851,0,0.3450
1236.0,F3,7.00,31.6206,30.4605,30.5956,7.3646,-0.3646,0.1851,0,0.3450
1237.0,F3,7.00,31.6097,30.4545,30.5947,7.3637,-0.3637,0.1851,0,0.3450
1238.0,F3,7.00,31.5974,30.4478,30.5876,7.3566,-0.3566,0.1851,0,0.3450
1239.0,F3,7.00,31.5835,30.4401,30.5811,7.3501,-0.3501,0.1851,0,0.3450
1240.0,F3,7.00,31.5733,30.4328,30.5691,7.3381,-0.3381,0.2021,0,0.3370
1241.0,F3,7.00,31.5561,30.4226,30.5526,7.3216,-0.3216,0.2021,0,0.3370
1242.0,F3,7.00,31.5486,30.4143,30.5449,7.3139,-0.3139,0.2021,0,0.3370
1243.0,F3,7.00,31.5441,30.4099,30.5413,7.3103,-0.3103,0.2021,0,0.3370
1244.0,F3,7.00,31.5396,30.4066,30.5410,7.3100,-0.3100,0.2021,0,0.3370
1245.0,F3,7.00,31.5265,30.4030,30.5305,7.2995,-0.2995,0.2021,0,0.3370
1246.0,F3,7.00,31.5169,30.3996,30.5217,7.2907,-0.2907,0.2021,0,0.3370
1247.0,F3,7.00,31.5145,30.3993,30.5229,7.2919,-0.2919,0.2021,0,0.3370
1248.0,F3,7.00,31.5084,30.3979,30.5293,7.2983,-0.2983,0.2021,0,0.3370
1249.0,F3,7.00,31.5015,30.3976,30.5309,7.2999,-0.2999,0.2021,0,0.3370
1250.0,F3,7.00,31.4987,30.3955,30.5359,7.3049,-0.3049,0.2081,0,0.3298
1251.0,F3,7.00,31.4906,30.3936,30.5349,7.3039,-0.3039,0.2081,0,0.3298
1252.0,F3,7.00,31.4828,30.3875,30.5304,7.2994,-0.2994,0.2081,0,0.3298
1253.0,F3,7.00,31.4685,30.3820,30.5211,7.2901,-0.2901,0.2081,0,0.3298
1254.0,F3,7.00,31.4488,30.3682,30.5111,7.2801,-0.2801,0.2081,0,0.3298
1255.0,F3,7.00,31.4339,30.3578,30.5007,7.2697,-0.2697,0.2081,0,0.3298
1256.0,F3,7.00,31.4245,30.3488,30.4955,7.2645,-0.2645,0.2081,0,0.3298
1257.0,F3,7.00,31.4232,30.3411,30.4928,7.2618,-0.2618,0.2081,0,0.3298
1258.0,F3,7.00,31.4186,30.3339,30.4909,7.2599,-0.2599,0.2081,0,0.3298
1259.0,F3,7.00,31.4101,30.3281,30.4881,7.2571,-0.2571,0.2081,0,0.3298
1260.0,F3,7.00,31.3943,30.3211,30.4851,7.2541,-0.2541,0.2223,0,0.3237
1261.0,F3,7.00,31.3736,30.3135,30.4826,7.2516,-0.2516,0.2223,0,0.3237
1262.0,F3,7.00,31.3476,30.3039,30.4840,7.2530,-0.2530,0.2223,0,0.3237
1263.0,F3,7.00,31.3319,30.2890,30.4825,7.2515,-0.2515,0.2223,0,0.3237
1264.0,F3,7.00,31.3136,30.2786,30.4810,7.2500,-0.2500,0.2223,0,0.3237
1265.0,F3,7.00,31.2968,30.2685,30.4737,7.2427,-0.2427,0.2223,0,0.3237
1266.0,F3,7.00,31.2824,30.2582,30.4724,7.2414,-0.2414,0.2223,0,0.3237
1267.0,F3,7.00,31.2706,30.2490,30.4629,7.2319,-0.2319,0.2223,0,0.3237
1268.0,F3,7.00,31.2608,30.2451,30.4582,7.2272,-0.2272,0.2223,0,0.3237
1269.0,F3,7.00,31.2534,30.2390,30.4596,7.2286,-0.2286,0.2223,0,0.3237
1270.0,F3,7.00,31.2441,30.2376,30.4554,7.2244,-0.2244,0.2288,1,0.3184
1271.0,F3,7.00,31.2385,30.2395,30.4553,7.2243,-0.2243,0.2288,1,0.3184
1272.0,F3,7.00,31.2309,30.2378,30.4524,7.2214,-0.2214,0.2288,1,0.3184
1273.0,F3,7.00,31.2301,30.2361,30.4507,7.2197,-0.2197,0.2288,1,0.3184
1274.0,F3,7.00,31.2206,30.2286,30.4549,7.2239,-0.2239,0.2288,1,0.3184
1275.0,F3,7.00,31.2144,30.2215,30.4515,7.2205,-0.2205,0.2288,1,0.3184
1276.0,F3,7.00,31.1985,30.2140,30.4509,7.2199,-0.2199,0.2288,1,0.3184
1277.0,F3,7.00,31.1926,30.2056,30.4413,7.2103,-0.2103,0.2288,1,0.3184
1278.0,F3,7.00,31.1876,30.2010,30.4304,7.1994,-0.1994,0.2288,1,0.3184
1279.0,F3,7.00,31.1890,30.1958,30.4232,7.1922,-0.1922,0.2288,1,0.3184
1280.0,F3,7.00,31.1920,30.1922,30.4179,7.1869,-0.1869,0.2394,1,0.3140
1281.0,F3,7.00,31.1814,30.1886,30.4193,7.1883,-0.1883,0.2394,1,0.3140
1282.0,F3,7.00,31.1719,30.1797,30.4152,7.1842,-0.1842,0.2394,1,0.3140
1283.0,F3,7.00,31.1673,30.1766,30.4113,7.1803,-0.1803,0.2394,1,0.3140
1284.0,F3,7.00,31.1650,30.1769,30.4065,7.1755,-0.1755,0.2394,1,0.3140
1285.0,F3,7.00,31.1628,30.1743,30.4018,7.1708,-0.1708,0.2394,1,0.3140
1286.0,F3,7.00,31.1530,30.1710,30.3983,7.1673,-0.1673,0.2394,1,0.3140
1287.0,F3,7.00,31.1475,30.1653,30.3916,7.1606,-0.1606,0.2394,1,0.3140
1288.0,F3,7.00,31.1433,30.1618,30.3906,7.1596,-0.1596,0.2394,1,0.3140
1289.0,F3,7.00,31.1348,30.1610,30.3864,7.1554,-0.1554,0.2394,1,0.3140
1290.0,F3,7.00,31.1415,30.1540,30.3792,7.1482,-0.1482,0.2513,1,0.3104
1291.0,F3,7.00,31.1431,30.1468,30.3665,7.1355,-0.1355,0.2513,1,0.3104
1292.0,F3,7.00,31.1554,30.1425,30.3594,7.1284,-0.1284,0.2513,1,0.3104
1293.0,F3,7.00,31.1627,30.1444,30.3572,7.1262,-0.1262,0.2513,1,0.3104
1294.0,F3,7.00,31.1640,30.1476,30.3597,7.1287,-0.1287,0.2513,1,0.3104
1295.0,F3,7.00,31.1523,30.1471,30.3631,7.1321,-0.1321,0.2513,1,0.3104
1296.0,F3,7.00,31.1402,30.1389,30.3578,7.1268,-0.1268,0.2513,1,0.3104
1297.0,F3,7.00,31.1261,30.1303,30.3539,7.1229,-0.1229,0.2513,1,0.3104
1298.0,F3,7.00,31.1110,30.1204,30.3484,7.1174,-0.1174,0.2513,1,0.3104
1299.0,F3,7.00,31.1079,30.1175,30.3405,7.1095,-0.1095,0.2513,1,0.3104
1300.0,F3,7.00,31.1091,30.1118,30.3377,7.1067,-0.1067,0.2653,1,0.3079
1301.0,F3,7.00,31.1073,30.1081,30.3327,7.1017,-0.1017,0.2653,1,0.3079
1302.0,F3,7.00,31.1115,30.1040,30.3295,7.0985,-0.0985,0.2653,1,0.3079
1303.0,F3,7.00,31.1183,30.1006,30.3205,7.0895,-0.0895,0.2653,1,0.3079
1304.0,F3,7.00,31.1130,30.0941,30.3131,7.0821,-0.0821,0.2653,1,0.3079
1305.0,F3,7.00,31.1124,30.0938,30.3090,7.0780,-0.0780,0.2653,1,0.3079
1306.0,F3,7.00,31.1152,30.0901,30.3009,7.0699,-0.0699,0.2653,1,0.3079
1307.0,F3,7.00,31.1152,30.0866,30.2974,7.0664,-0.0664,0.2653,1,0.3079
1308.0,F3,7.00,31.1115,30.0825,30.2914,7.0604,-0.0604,0.2653,1,0.3079
1309.0,F3,7.00,31.1034,30.0769,30.2867,7.0557,-0.0557,0.2653,1,0.3079
1310.0,F3,7.00,31.0953,30.0711,30.2792,7.0482,-0.0482,0.2875,1,0.3068
1311.0,F3,7.00,31.0905,30.0673,30.2713,7.0403,-0.0403,0.2875,1,0.3068
1312.0,F3,7.00,31.0961,30.0645,30.2703,7.0393,-0.0393,0.2875,1,0.3068
1313.0,F3,7.00,31.0999,30.0660,30.2679,7.0369,-0.0369,0.2875,1,0.3068
1314.0,F3,7.00,31.1104,30.0699,30.2650,7.0340,-0.0340,0.2875,1,0.3068
1315.0,F3,7.00,31.1103,30.0709,30.2641,7.0331,-0.0331,0.2875,1,0.3068
1316.0,F3,7.00,31.1087,30.0673,30.2566,7.0256,-0.0256,0.2875,1,0.3068
1317.0,F3,7.00,31.0990,30.0595,30.2529,7.0219,-0.0219,0.2875,1,0.3068
1318.0,F3,7.00,31.0889,30.0496,30.2464,7.0154,-0.0154,0.2875,1,0.3068
1319.0,F3,7.00,31.0717,30.0406,30.2387,7.0077,-0.0077,0.2875,1,0.3068
1320.0,F3,7.00,31.0569,30.0272,30.2266,6.9956,0.0044,0.3086,1,0.3069
1321.0,F3,7.00,31.0435,30.0163,30.2134,6.9824,0.0176,0.3086,1,0.3069
1322.0,F3,7.00,31.0309,30.0027,30.2068,6.9758,0.0242,0.3086,1,0.3069
1323.0,F3,7.00,31.0256,29.9945,30.1966,6.9656,0.0344,0.3086,1,0.3069
1324.0,F3,7.00,31.0190,29.9885,30.1913,6.9603,0.0397,0.3086,1,0.3069
1325.0,F3,7.00,31.0284,29.9903,30.1907,6.9597,0.0403,0.3086,1,0.3069
1326.0,F3,7.00,31.0306,29.9841,30.1855,6.9545,0.0455,0.3086,1,0.3069
1327.0,F3,7.00,31.0269,29.9799,30.1745,6.9435,0.0565,0.3086,0,0.3069
1328.0,F3,7.00,31.0216,29.9731,30.1657,6.9347,0.0653,0.3086,0,0.3069
1329.0,F3,7.00,31.0198,29.9663,30.1582,6.9272,0.0728,0.3086,0,0.3069
1330.0,F3,7.00,31.0175,29.9625,30.1518,6.9208,0.0792,0.3403,0,0.3088
1331.0,F3,7.00,31.0266,29.9636,30.1512,6.9202,0.0798,0.3403,0,0.3088
1332.0,F3,7.00,31.0312,29.9664,30.1499,6.9189,0.0811,0.3403,0,0.3088
1333.0,F3,7.00,31.0360,29.9699,30.1506,6.9196,0.0804,0.3403,0,0.3088
1334.0,F3,7.00,31.0460,29.9753,30.1518,6.9208,0.0792,0.3403,0,0.3088
1335.0,F3,7.00,31.0547,29.9781,30.1464,6.9154,0.0846,0.3403,0,0.3088
1336.0,F3,7.00,31.0654,29.9771,30.1415,6.9105,0.0895,0.3403,0,0.3088
1337.0,F3,7.00,31.0729,29.9751,30.1367,6.9057,0.0943,0.3403,0,0.3088
1338.0,F3,7.00,31.0747,29.9702,30.1277,6.8967,0.1033,0.3403,0,0.3088
1339.0,F3,7.00,31.0732,29.9587,30.1199,6.8889,0.1111,0.3403,0,0.3088
1340.0,F3,7.00,31.0755,29.9554,30.1082,6.8772,0.1228,0.3607,0,0.3117
1341.0,F3,7.00,31.0758,29.9484,30.1035,6.8725,0.1275,0.3607,0,0.3117
1342.0,F3,7.00,31.0747,29.9433,30.0930,6.8620,0.1380,0.3607,0,0.3117
1343.0,F3,7.00,31.0695,29.9343,30.0842,6.8532,0.1468,0.3607,0,0.3117
1344.0,F3,7.00,31.0749,29.9331,30.0769,6.8459,0.1541,0.3607,0,0.3117
1345.0,F3,7.00,31.0837,29.9312,30.0720,6.8410,0.1590,0.3607,0,0.3117
1346.0,F3,7.00,31.0968,29.9328,30.0741,6.8431,0.1569,0.3607,0,0.3117
1347.0,F3,7.00,31.1130,29.9331,30.0731,6.8421,0.1579,0.3607,0,0.3117
1348.0,F3,7.00,31.1197,29.9326,30.0702,6.8392,0.1608,0.3607,0,0.3117
1349.0,F3,7.00,31.1210,29.9344,30.0714,6.8404,0.1596,0.3607,0,0.3117
1350.0,F3,7.00,31.1205,29.9323,30.0665,6.8355,0.1645,0.3812,0,0.3156
1351.0,F3,7.00,31.1224,29.9331,30.0690,6.8380,0.1620,0.3812,0,0.3156
1352.0,F3,7.00,31.1245,29.9330,30.0663,6.8353,0.1647,0.3812,0,0.3156
1353.0,F3,7.00,31.1436,29.9324,30.0635,6.8325,0.1675,0.3812,0,0.3156
1354.0,F3,7.00,31.1601,29.9433,30.0609,6.8299,0.1701,0.3812,0,0.3156
1355.0,F3,7.00,31.1736,29.9485,30.0615,6.8305,0.1695,0.3812,0,0.3156
1356.0,F3,7.00,31.1845,29.9561,30.0621,6.8311,0.1689,0.3812,0,0.3156
1357.0,F3,7.00,31.1959,29.9660,30.0658,6.8348,0.1652,0.3812,0,0.3156
1358.0,F3,7.00,31.2056,29.9704,30.0663,6.8353,0.1647,0.3812,0,0.3156
1359.0,F3,7.00,31.2246,29.9773,30.0569,6.8259,0.1741,0.3812,0,0.3156
1360.0,F3,7.00,31.2456,29.9856,30.0618,6.8308,0.1692,0.3871,0,0.3196
1361.0,F3,7.00,31.2701,29.9950,30.0745,6.8435,0.1565,0.3871,0,0.3196
1362.0,F3,7.00,31.2881,30.0072,30.0820,6.8510,0.1490,0.3871,0,0.3196
1363.0,F3,7.00,31.3076,30.0138,30.0909,6.8598,0.1402,0.3871,0,0.3196
1364.0,F3,7.00,31.3154,30.0215,30.0962,6.8652,0.1348,0.3871,0,0.3196
1365.0,F3,7.00,31.3149,30.0183,30.0966,6.8656,0.1344,0.3871,0,0.3196
1366.0,F3,7.00,31.3042,30.0213,30.0987,6.8677,0.1323,0.3871,0,0.3196
1367.0,F3,7.00,31.3000,30.0210,30.0973,6.8663,0.1337,0.3871,0,0.3196
1368.0,F3,7.00,31.2986,30.0206,30.1008,6.8698,0.1302,0.3871,0,0.3196
1369.0,F3,7.00,31.3011,30.0219,30.0988,6.8678,0.1322,0.3871,0,0.3196
1370.0,F3,7.00,31.3036,30.0227,30.0967,6.8657,0.1343,0.3764,0,0.3228
1371.0,F3,7.00,31.2998,30.0191,30.0941,6.8631,0.1369,0.3764,0,0.3228
1372.0,F3,7.00,31.3002,30.0157,30.0901,6.8591,0.1409,0.3764,0,0.3228
1373.0,F3,7.00,31.3082,30.0161,30.0889,6.8579,0.1421,0.3764,0,0.3228
1374.0,F3,7.00,31.3133,30.0159,30.0858,6.8548,0.1452,0.3764,0,0.3228
1375.0,F3,7.00,31.3206,30.0129,30.0833,6.8523,0.1477,0.3764,0,0.3228
1376.0,F3,7.00,31.3248,30.0154,30.0812,6.8502,0.1498,0.3764,0,0.3228
1377.0,F3,7.00,31.3306,30.0151,30.0724,6.8414,0.1586,0.3764,0,0.3228
1378.0,F3,7.00,31.3372,30.0151,30.0696,6.8386,0.1614,0.3764,0,0.3228
1379.0,F3,7.00,31.3397,30.0159,30.0594,6.8284,0.1716,0.3764,0,0.3228
1380.0,F3,7.00,31.3422,30.0162,30.0512,6.8202,0.1798,0.3988,0,0.3271
1381.0,F3,7.00,31.3490,30.0148,30.0454,6.8144,0.1856,0.3988,0,0.3271
1382.0,F3,7.00,31.3534,30.0161,30.0395,6.8085,0.1915,0.3988,0,0.3271
1383.0,F3,7.00,31.3581,30.0130,30.0320,6.8010,0.1990,0.3988,0,0.3271
1384.0,F3,7.00,31.3629,30.0126,30.0331,6.8020,0.1980,0.3988,0,0.3271
1385.0,F3,7.00,31.3705,30.0176,30.0340,6.8030,0.1970,0.3988,0,0.3271
1386.0,F3,7.00,31.3851,30.0229,30.0365,6.8055,0.1945,0.3988,0,0.3271
1387.0,F3,7.00,31.3923,30.0225,30.0394,6.8084,0.1916,0.3988,0,0.3271
1388.0,F3,7.00,31.3990,30.0276,30.0405,6.8095,0.1905,0.3988,0,0.3271
1389.0,F3,7.00,31.4106,30.0312,30.0435,6.8125,0.1875,0.3988,0,0.3271
1390.0,F3,7.00,31.4202,30.0358,30.0454,6.8144,0.1856,0.4055,0,0.3315
1391.0,F3,7.00,31.4313,30.0401,30.0471,6.8161,0.1839,0.4055,0,0.3315
1392.0,F3,7.00,31.4469,30.0447,30.0558,6.8248,0.1752,0.4055,0,0.3315
1393.0,F3,7.00,31.4544,30.0561,30.0626,6.8316,0.1684,0.4055,0,0.3315
1394.0,F3,7.00,31.4607,30.0671,30.0698,6.8388,0.1612,0.4055,0,0.3315
1395.0,F3,7.00,31.4622,30.0728,30.0748,6.8438,0.1562,0.4055,0,0.3315
1396.0,F3,7.00,31.4655,30.0743,30.0757,6.8447,0.1553,0.4055,0,0.3315
1397.0,F3,7.00,31.4621,30.0740,30.0775,6.8465,0.1535,0.4055,0,0.3315
1398.0,F3,7.00,31.4620,30.0770,30.0789,6.8479,0.1521,0.4055,0,0.3315
1399.0,F3,7.00,31.4645,30.0788,30.0799,6.8489,0.1511,0.4055,0,0.3315
1400.0,F3,7.00,31.4713,30.0826,30.0842,6.8532,0.1468,0.3935,0,0.3349
1401.0,F3,7.00,31.4736,30.0869,30.0877,6.8567,0.1433,0.3935,0,0.3349
1402.0,F3,7.00,31.4855,30.0897,30.0948,6.8638,0.1362,0.3935,0,0.3349
1403.0,F3,7.00,31.5001,30.0929,30.0952,6.8642,0.1358,0.3935,0,0.3349
1404.0,F3,7.00,31.5165,30.0997,30.0963,6.8653,0.1347,0.3935,0,0.3349
1405.0,F3,7.00,31.5287,30.1071,30.0973,6.8663,0.1337,0.3935,0,0.3349
1406.0,F3,7.00,31.5399,30.1154,30.0955,6.8645,0.1355,0.3935,0,0.3349
1407.0,F3,7.00,31.5469,30.1165,30.0979,6.8669,0.1331,0.3935,0,0.3349
1408.0,F3,7.00,31.5557,30.1266,30.0957,6.8647,0.1353,0.3935,0,0.3349
1409.0,F3,7.00,31.5537,30.1317,30.0952,6.8642,0.1358,0.3935,0,0.3349
1410.0,F3,7.00,31.5578,30.1307,30.0966,6.8656,0.1344,0.3917,0,0.3381
1411.0,F3,7.00,31.5652,30.1378,30.1058,6.8748,0.1252,0.3917,0,0.3381
1412.0,F3,7.00,31.5814,30.1467,30.1155,6.8845,0.1155,0.3917,0,0.3381
1413.0,F3,7.00,31.5956,30.1520,30.1234,6.8924,0.1076,0.3917,0,0.3381
1414.0,F3,7.00,31.6090,30.1621,30.1313,6.9003,0.0997,0.3917,0,0.3381
1415.0,F3,7.00,31.6188,30.1706,30.1398,6.9088,0.0912,0.3917,0,0.3381
1416.0,F3,7.00,31.6243,30.1754,30.1451,6.9140,0.0860,0.3917,0,0.3381
1417.0,F3,7.00,31.6314,30.1784,30.1507,6.9197,0.0803,0.3917,0,0.3381
1418.0,F3,7.00,31.6382,30.1851,30.1570,6.9260,0.0740,0.3917,0,0.3381
1419.0,F3,7.00,31.6365,30.1844,30.1608,6.9298,0.0702,0.3917,0,0.3381
1420.0,F3,7.00,31.6398,30.1860,30.1615,6.9305,0.0695,0.3675,0,0.3398
1421.0,F3,7.00,31.6416,30.1903,30.1640,6.9330,0.0670,0.3675,0,0.3398
1422.0,F3,7.00,31.6382,30.1920,30.1687,6.9377,0.0623,0.3675,0,0.3398
1423.0,F3,7.00,31.6330,30.1929,30.1677,6.9367,0.0633,0.3675,0,0.3398
1424.0,F3,7.00,31.6342,30.1924,30.1717,6.9407,0.0593,0.3675,0,0.3398
1425.0,F3,7.00,31.6504,30.1961,30.1754,6.9444,0.0556,0.3675,0,0.3398
1426.0,F3,7.00,31.6680,30.2064,30.1825,6.9515,0.0485,0.3675,0,0.3398
1427.0,F3,7.00,31.6849,30.2048,30.1900,6.9590,0.0410,0.3675,0,0.3398
1428.0,F3,7.00,31.6989,30.2076,30.1965,6.9655,0.0345,0.3675,0,0.3398
1429.0,F3,7.00,31.7101,30.2146,30.2071,6.9761,0.0239,0.3675,0,0.3398
1430.0,F3,7.00,31.7156,30.2228,30.2128,6.9818,0.0182,0.3475,0,0.3402
1431.0,F3,7.00,31.7165,30.2273,30.2171,6.9861,0.0139,0.3475,0,0.3402
1432.0,F3,7.00,31.7113,30.2331,30.2211,6.9901,0.0099,0.3475,0,0.3402
1433.0,F3,7.00,31.7097,30.2338,30.2263,6.9953,0.0047,0.3475,0,0.3402
1434.0,F3,7.00,31.7080,30.2430,30.2328,7.0018,-0.0018,0.3475,0,0.3402
1435.0,F3,7.00,31.7103,30.2500,30.2394,7.0084,-0.0084,0.3475,0,0.3402
1436.0,F3,7.00,31.7184,30.2605,30.2464,7.0154,-0.0154,0.3475,0,0.3402
1437.0,F3,7.00,31.7304,30.2648,30.2539,7.0229,-0.0229,0.3475,0,0.3402
1438.0,F3,7.00,31.7293,30.2659,30.2569,7.0259,-0.0259,0.3475,0,0.3402
1439.0,F3,7.00,31.7275,30.2662,30.2574,7.0264,-0.0264,0.3475,0,0.3402
1440.0,F3,7.00,31.7233,30.2650,30.2589,7.0279,-0.0279,0.3284,0,0.3396
1441.0,F3,7.00,31.7173,30.2632,30.2612,7.0302,-0.0302,0.3284,0,0.3396
1442.0,F3,7.00,31.7160,30.2609,30.2580,7.0270,-0.0270,0.3284,0,0.3396
1443.0,F3,7.00,31.7171,30.2637,30.2604,7.0294,-0.0294,0.3284,0,0.3396
1444.0,F3,7.00,31.7187,30.2637,30.2635,7.0325,-0.0325,0.3284,0,0.3396
1445.0,F3,7.00,31.7140,30.2633,30.2635,7.0325,-0.0325,0.3284,0,0.3396
1446.0,F3,7.00,31.7139,30.2664,30.2665,7.0355,-0.0355,0.3284,0,0.3396
1447.0,F3,7.00,31.7169,30.2704,30.2704,7.0394,-0.0394,0.3284,0,0.3396
1448.0,F3,7.00,31.7176,30.2702,30.2744,7.0434,-0.0434,0.3284,0,0.3396
1449.0,F3,7.00,31.7165,30.2642,30.2731,7.0421,-0.0421,0.3284,0,0.3396
1450.0,F3,7.00,31.7123,30.2644,30.2703,7.0393,-0.0393,0.3230,0,0.3386
1451.0,F3,7.00,31.7099,30.2641,30.2711,7.0401,-0.0401,0.3230,0,0.3386
1452.0,F3,7.00,31.7121,30.2630,30.2708,7.0398,-0.0398,0.3230,0,0.3386
1453.0,F3,7.00,31.7138,30.2635,30.2725,7.0415,-0.0415,0.3230,0,0.3386
1454.0,F3,7.00,31.7147,30.2628,30.2720,7.0410,-0.0410,0.3230,0,0.3386
1455.0,F3,7.00,31.7132,30.2628,30.2716,7.0406,-0.0406,0.3230,0,0.3386
1456.0,F3,7.00,31.7168,30.2633,30.2777,7.0467,-0.0467,0.3230,0,0.3386
1457.0,F3,7.00,31.7211,30.2686,30.2798,7.0488,-0.0488,0.3230,0,0.3386
1458.0,F3,7.00,31.7182,30.2722,30.2802,7.0492,-0.0492,0.3230,0,0.3386
1459.0,F3,7.00,31.7231,30.2797,30.2800,7.0490,-0.0490,0.3230,0,0.3386
1460.0,F3,7.00,31.7266,30.2855,30.2836,7.0526,-0.0526,0.3164,0,0.3374
1461.0,F3,7.00,31.7305,30.2909,30.2892,7.0582,-0.0582,0.3164,0,0.3374
1462.0,F3,7.00,31.7434,30.2985,30.2942,7.0632,-0.0632,0.3164,0,0.3374
1463.0,F3,7.00,31.7491,30.3046,30.3002,7.0692,-0.0692,0.3164,0,0.3374
1464.0,F3,7.00,31.7506,30.3165,30.3094,7.0784,-0.0784,0.3164,0,0.3374
1465.0,F3,7.00,31.7599,30.3225,30.3223,7.0913,-0.0913,0.3164,0,0.3374
1466.0,F3,7.00,31.7630,30.3273,30.3279,7.0969,-0.0969,0.3164,0,0.3374
1467.0,F3,7.00,31.7643,30.3338,30.3346,7.1036,-0.1036,0.3164,0,0.3374
1468.0,F3,7.00,31.7606,30.3397,30.3380,7.1070,-0.1070,0.3164,0,0.3374
1469.0,F3,7.00,31.7585,30.3438,30.3439,7.1129,-0.1129,0.3164,0,0.3374
1470.0,F3,7.00,31.7572,30.3477,30.3506,7.1196,-0.1196,0.2868,0,0.3345
1471.0,F3,7.00,31.7631,30.3584,30.3552,7.1242,-0.1242,0.2868,0,0.3345
1472.0,F3,7.00,31.7696,30.3638,30.3618,7.1308,-0.1308,0.2868,0,0.3345
1473.0,F3,7.00,31.7712,30.3669,30.3638,7.1328,-0.1328,0.2868,0,0.3345
1474.0,F3,7.00,31.7642,30.3653,30.3665,7.1355,-0.1355,0.2868,0,0.3345
1475.0,F3,7.00,31.7604,30.3675,30.3728,7.1418,-0.1418,0.2868,0,0.3345
1476.0,F3,7.00,31.7591,30.3703,30.3789,7.1479,-0.1479,0.2868,0,0.3345
1477.0,F3,7.00,31.7638,30.3734,30.3895,7.1585,-0.1585,0.2868,1,0.3345
1478.0,F3,7.00,31.7572,30.3704,30.3903,7.1593,-0.1593,0.2868,1,0.3345
1479.0,F3,7.00,31.7543,30.3697,30.3913,7.1603,-0.1603,0.2868,1,0.3345
1480.0,F3,7.00,31.7542,30.3664,30.3898,7.1588,-0.1588,0.2674,1,0.3308
1481.0,F3,7.00,31.7569,30.3654,30.3933,7.1623,-0.1623,0.2674,1,0.3308
1482.0,F3,7.00,31.7491,30.3647,30.3955,7.1645,-0.1645,0.2674,1,0.3308
1483.0,F3,7.00,31.7394,30.3602,30.3954,7.1644,-0.1644,0.2674,1,0.3308
1484.0,F3,7.00,31.7282,30.3548,30.3961,7.1651,-0.1651,0.2674,1,0.3308
1485.0,F3,7.00,31.7190,30.3521,30.3893,7.1583,-0.1583,0.2674,1,0.3308
1486.0,F3,7.00,31.7133,30.3562,30.3894,7.1584,-0.1584,0.2674,1,0.3308
1487.0,F3,7.00,31.7066,30.3605,30.3893,7.1583,-0.1583,0.2674,1,0.3308
1488.0,F3,7.00,31.7024,30.3625,30.3944,7.1634,-0.1634,0.2674,1,0.3308
1489.0,F3,7.00,31.7034,30.3692,30.3965,7.1655,-0.1655,0.2674,1,0.3308
1490.0,F3,7.00,31.7073,30.3729,30.4062,7.1752,-0.1752,0.2567,1,0.3266
1491.0,F3,7.00,31.7101,30.3742,30.4124,7.1814,-0.1814,0.2567,1,0.3266
1492.0,F3,7.00,31.7041,30.3764,30.4156,7.1846,-0.1846,0.2567,1,0.3266
1493.0,F3,7.00,31.7021,30.3759,30.4193,7.1883,-0.1883,0.2567,1,0.3266
1494.0,F3,7.00,31.7011,30.3745,30.4232,7.1922,-0.1922,0.2567,1,0.3266
1495.0,F3,7.00,31.6923,30.3749,30.4243,7.1933,-0.1933,0.2567,1,0.3266
1496.0,F3,7.00,31.6812,30.3749,30.4240,7.1929,-0.1929,0.2567,1,0.3266
1497.0,F3,7.00,31.6657,30.3711,30.4208,7.1898,-0.1898,0.2567,1,0.3266
1498.0,F3,7.00,31.6628,30.3654,30.4194,7.1884,-0.1884,0.2567,1,0.3266
1499.0,F3,7.00,31.6594,30.3681,30.4177,7.1867,-0.1867,0.2567,1,0.3266
1500.0,F3,7.00,31.6572,30.3692,30.4158,7.1848,-0.1848,0.2485,1,0.3222
1501.0,F3,7.00,31.6442,30.3679,30.4108,7.1798,-0.1798,0.2485,1,0.3222
1502.0,F3,7.00,31.6329,30.3638,30.4078,7.1768,-0.1768,0.2485,1,0.3222
1503.0,F3,7.00,31.6299,30.3630,30.4141,7.1831,-0.1831,0.2485,1,0.3222
1504.0,F3,7.00,31.6275,30.3573,30.4129,7.1819,-0.1819,0.2485,1,0.3222
1505.0,F3,7.00,31.6217,30.3535,30.4124,7.1814,-0.1814,0.2485,1,0.3222
1506.0,F3,7.00,31.6182,30.3520,30.4164,7.1854,-0.1854,0.2485,1,0.3222
1507.0,F3,7.00,31.6196,30.3508,30.4187,7.1877,-0.1877,0.2485,1,0.3222
1508.0,F3,7.00,31.6057,30.3465,30.4185,7.1875,-0.1875,0.2485,1,0.3222
1509.0,F3,7.00,31.5880,30.3404,30.4057,7.1747,-0.1747,0.2485,1,0.3222
1510.0,F3,7.00,31.5723,30.3335,30.3979,7.1669,-0.1669,0.2517,1,0.3183
1511.0,F3,7.00,31.5547,30.3190,30.3840,7.1530,-0.1530,0.2517,1,0.3183
1512.0,F3,7.00,31.5354,30.3132,30.3817,7.1507,-0.1507,0.2517,1,0.3183
1513.0,F3,7.00,31.5178,30.3024,30.3839,7.1528,-0.1528,0.2517,1,0.3183
1514.0,F3,7.00,31.5063,30.3020,30.3835,7.1525,-0.1525,0.2517,1,0.3183
1515.0,F3,7.00,31.4991,30.2972,30.3814,7.1504,-0.1504,0.2517,1,0.3183
1516.0,F3,7.00,31.4907,30.2957,30.3830,7.1520,-0.1520,0.2517,1,0.3183
1517.0,F3,7.00,31.4950,30.3013,30.3854,7.1544,-0.1544,0.2517,1,0.3183
1518.0,F3,7.00,31.4986,30.3009,30.3946,7.1636,-0.1636,0.2517,1,0.3183
1519.0,F3,7.00,31.4883,30.2992,30.3978,7.1668,-0.1668,0.2517,1,0.3183
1520.0,F3,7.00,31.4737,30.2981,30.3991,7.1681,-0.1681,0.2472,1,0.3143
1521.0,F3,7.00,31.4615,30.2921,30.3995,7.1685,-0.1685,0.2472,1,0.3143
1522.0,F3,7.00,31.4581,30.2872,30.3932,7.1622,-0.1622,0.2472,1,0.3143
1523.0,F3,7.00,31.4489,30.2801,30.3937,7.1627,-0.1627,0.2472,1,0.3143
1524.0,F3,7.00,31.4375,30.2774,30.3972,7.1662,-0.1662,0.2472,1,0.3143
1525.0,F3,7.00,31.4231,30.2645,30.4014,7.1704,-0.1704,0.2472,1,0.3143
1526.0,F3,7.00,31.4135,30.2548,30.4077,7.1767,-0.1767,0.2472,1,0.3143
1527.0,F3,7.00,31.4123,30.2463,30.4074,7.1764,-0.1764,0.2472,1,0.3143
1528.0,F3,7.00,31.4080,30.2363,30.4065,7.1755,-0.1755,0.2472,1,0.3143
1529.0,F3,7.00,31.3968,30.2306,30.4035,7.1725,-0.1725,0.2472,1,0.3143
1530.0,F3,7.00,31.3947,30.2244,30.3922,7.1612,-0.1612,0.2461,1,0.3104
1531.0,F3,7.00,31.3886,30.2203,30.3885,7.1575,-0.1575,0.2461,1,0.3104
1532.0,F3,7.00,31.3814,30.2125,30.3871,7.1561,-0.1561,0.2461,0,0.3104
1533.0,F3,7.00,31.3746,30.2094,30.3947,7.1637,-0.1637,0.2461,0,0.3104
1534.0,F3,7.00,31.3660,30.2080,30.3956,7.1646,-0.1646,0.2461,0,0.3104
1535.0,F3,7.00,31.3638,30.2076,30.3956,7.1646,-0.1646,0.2461,0,0.3104
1536.0,F3,7.00,31.3684,30.2114,30.3961,7.1651,-0.1651,0.2461,0,0.3104
1537.0,F3,7.00,31.3690,30.2185,30.4005,7.1695,-0.1695,0.2461,0,0.3104
1538.0,F3,7.00,31.3721,30.2271,30.4047,7.1737,-0.1737,0.2461,0,0.3104
1539.0,F3,7.00,31.3712,30.2332,30.4010,7.1700,-0.1700,0.2461,0,0.3104
1540.0,F3,7.00,31.3649,30.2432,30.4018,7.1708,-0.1708,0.2382,0,0.3064
1541.0,F3,7.00,31.3618,30.2443,30.3986,7.1676,-0.1676,0.2382,0,0.3064
1542.0,F3,7.00,31.3639,30.2444,30.3978,7.1668,-0.1668,0.2382,0,0.3064
1543.0,F3,7.00,31.3625,30.2406,30.3983,7.1673,-0.1673,0.2382,0,0.3064
1544.0,F3,7.00,31.3601,30.2331,30.3980,7.1670,-0.1670,0.2382,0,0.3064
1545.0,F3,7.00,31.3543,30.2246,30.3992,7.1682,-0.1682,0.2382,0,0.3064
1546.0,F3,7.00,31.3466,30.2179,30.4044,7.1734,-0.1734,0.2382,0,0.3064
1547.0,F3,7.00,31.3391,30.2120,30.4023,7.1713,-0.1713,0.2382,0,0.3064
1548.0,F3,7.00,31.3326,30.2078,30.4003,7.1693,-0.1693,0.2382,0,0.3064
1549.0,F3,7.00,31.3288,30.2049,30.3973,7.1663,-0.1663,0.2382,0,0.3064
1550.0,F3,7.00,31.3218,30.2002,30.3942,7.1632,-0.1632,0.2374,0,0.3025
1551.0,F3,7.00,31.3131,30.1904,30.3908,7.1598,-0.1598,0.2374,0,0.3025
1552.0,F3,7.00,31.2972,30.1832,30.3887,7.1577,-0.1577,0.2374,0,0.3025
1553.0,F3,7.00,31.2849,30.1755,30.3862,7.1552,-0.1552,0.2374,0,0.3025
1554.0,F3,7.00,31.2792,30.1644,30.3763,7.1453,-0.1453,0.2374,0,0.3025
1555.0,F3,7.00,31.2793,30.1580,30.3671,7.1361,-0.1361,0.2374,0,0.3025
1556.0,F3,7.00,31.2784,30.1558,30.3618,7.1308,-0.1308,0.2374,0,0.3025
1557.0,F3,7.00,31.2815,30.1544,30.3615,7.1305,-0.1305,0.2374,0,0.3025
1558.0,F3,7.00,31.2816,30.1573,30.3583,7.1273,-0.1273,0.2374,0,0.3025
1559.0,F3,7.00,31.2860,30.1527,30.3563,7.1253,-0.1253,0.2374,0,0.3025
1560.0,F3,7.00,31.2888,30.1555,30.3532,7.1222,-0.1222,0.2509,0,0.2996
# F3,method=10,r=7.00,t_phase=480,e_ss=-0.140,IAE=84.91,ISE=20.18,TV=0.804,n_on=477,n_h=3577.5,t5=0,c_p=0.401,c_pp=0.689,E=291.6
# END
